{
	"credit": "Made with Blockbench",
	"texture_size": [64, 32],
	"textures": {
		"0": "block/relics/hillsrabbit",
		"particle": "block/relics/hillsrabbit"
	},
	"elements": [
		{
			"name": "tail",
			"from": [6.5, 5.25, 13.5],
			"to": [9.5, 8.25, 15.5],
			"rotation": {"angle": 0, "axis": "y", "origin": [0, 0, 1]},
			"faces": {
				"north": {"uv": [13.5, 4, 14.25, 5.5], "texture": "#0"},
				"east": {"uv": [13, 4, 13.5, 5.5], "texture": "#0"},
				"south": {"uv": [14.75, 4, 15.5, 5.5], "texture": "#0"},
				"west": {"uv": [14.25, 4, 14.75, 5.5], "texture": "#0"},
				"up": {"uv": [14.25, 4, 13.5, 3], "texture": "#0"},
				"down": {"uv": [15, 3, 14.25, 4], "texture": "#0"}
			}
		},
		{
			"name": "right_foot",
			"from": [10, 1, 5.5],
			"to": [12, 2, 12.5],
			"rotation": {"angle": 0, "axis": "y", "origin": [0, 0, 1]},
			"faces": {
				"north": {"uv": [3.75, 15.5, 4.25, 16], "texture": "#0"},
				"east": {"uv": [2, 15.5, 3.75, 16], "texture": "#0"},
				"south": {"uv": [6, 15.5, 6.5, 16], "texture": "#0"},
				"west": {"uv": [4.25, 15.5, 6, 16], "texture": "#0"},
				"up": {"uv": [4.25, 15.5, 3.75, 12], "texture": "#0"},
				"down": {"uv": [4.75, 12, 4.25, 15.5], "texture": "#0"}
			}
		},
		{
			"name": "left_foot",
			"from": [4, 1, 5.5],
			"to": [6, 2, 12.5],
			"rotation": {"angle": 0, "axis": "y", "origin": [0, 0, 1]},
			"faces": {
				"north": {"uv": [8.25, 15.5, 8.75, 16], "texture": "#0"},
				"east": {"uv": [6.5, 15.5, 8.25, 16], "texture": "#0"},
				"south": {"uv": [10.5, 15.5, 11, 16], "texture": "#0"},
				"west": {"uv": [8.75, 15.5, 10.5, 16], "texture": "#0"},
				"up": {"uv": [8.75, 15.5, 8.25, 12], "texture": "#0"},
				"down": {"uv": [9.25, 12, 8.75, 15.5], "texture": "#0"}
			}
		},
		{
			"name": "right_thigh",
			"from": [10, 6, 5.5],
			"to": [12, 10, 10.5],
			"rotation": {"angle": 22.5, "axis": "x", "origin": [0, 0, 1]},
			"faces": {
				"north": {"uv": [5.25, 10, 5.75, 12], "texture": "#0"},
				"east": {"uv": [4, 10, 5.25, 12], "texture": "#0"},
				"south": {"uv": [7, 10, 7.5, 12], "texture": "#0"},
				"west": {"uv": [5.75, 10, 7, 12], "texture": "#0"},
				"up": {"uv": [5.75, 10, 5.25, 7.5], "texture": "#0"},
				"down": {"uv": [6.25, 7.5, 5.75, 10], "texture": "#0"}
			}
		},
		{
			"name": "left_thigh",
			"from": [4, 6, 5.5],
			"to": [6, 10, 10.5],
			"rotation": {"angle": 22.5, "axis": "x", "origin": [0, 0, 1]},
			"faces": {
				"north": {"uv": [8.75, 10, 9.25, 12], "texture": "#0"},
				"east": {"uv": [7.5, 10, 8.75, 12], "texture": "#0"},
				"south": {"uv": [10.5, 10, 11, 12], "texture": "#0"},
				"west": {"uv": [9.25, 10, 10.5, 12], "texture": "#0"},
				"up": {"uv": [9.25, 10, 8.75, 7.5], "texture": "#0"},
				"down": {"uv": [9.75, 7.5, 9.25, 10], "texture": "#0"}
			}
		},
		{
			"name": "right_arm",
			"from": [10, 2, 1],
			"to": [12, 9, 3],
			"rotation": {"angle": 22.5, "axis": "x", "origin": [0, 0, 1]},
			"faces": {
				"north": {"uv": [0.5, 8.5, 1, 12], "texture": "#0"},
				"east": {"uv": [0, 8.5, 0.5, 12], "texture": "#0"},
				"south": {"uv": [1.5, 8.5, 2, 12], "texture": "#0"},
				"west": {"uv": [1, 8.5, 1.5, 12], "texture": "#0"},
				"up": {"uv": [1, 8.5, 0.5, 7.5], "texture": "#0"},
				"down": {"uv": [1.5, 7.5, 1, 8.5], "texture": "#0"}
			}
		},
		{
			"name": "left_arm",
			"from": [4, 2, 1],
			"to": [6, 9, 3],
			"rotation": {"angle": 22.5, "axis": "x", "origin": [0, 0, 1]},
			"faces": {
				"north": {"uv": [2.5, 8.5, 3, 12], "texture": "#0"},
				"east": {"uv": [2, 8.5, 2.5, 12], "texture": "#0"},
				"south": {"uv": [3.5, 8.5, 4, 12], "texture": "#0"},
				"west": {"uv": [3, 8.5, 3.5, 12], "texture": "#0"},
				"up": {"uv": [3, 8.5, 2.5, 7.5], "texture": "#0"},
				"down": {"uv": [3.5, 7.5, 3, 8.5], "texture": "#0"}
			}
		},
		{
			"name": "body",
			"from": [5, 7, 0],
			"to": [11, 12, 10],
			"rotation": {"angle": 22.5, "axis": "x", "origin": [0, 0, 1]},
			"faces": {
				"north": {"uv": [2.5, 5, 4, 7.5], "texture": "#0"},
				"east": {"uv": [0, 5, 2.5, 7.5], "texture": "#0"},
				"south": {"uv": [6.5, 5, 8, 7.5], "texture": "#0"},
				"west": {"uv": [4, 5, 6.5, 7.5], "texture": "#0"},
				"up": {"uv": [4, 5, 2.5, 0], "texture": "#0"},
				"down": {"uv": [5.5, 0, 4, 5], "texture": "#0"}
			}
		},
		{
			"name": "right_ear",
			"from": [6.75, 11.5, 5.75],
			"to": [8.75, 16.5, 6.75],
			"rotation": {"angle": 22.5, "axis": "y", "origin": [0, 0, 1]},
			"faces": {
				"north": {"uv": [13.25, 0.5, 13.75, 3], "texture": "#0"},
				"east": {"uv": [13, 0.5, 13.25, 3], "texture": "#0"},
				"south": {"uv": [14, 0.5, 14.5, 3], "texture": "#0"},
				"west": {"uv": [13.75, 0.5, 14, 3], "texture": "#0"},
				"up": {"uv": [13.75, 0.5, 13.25, 0], "texture": "#0"},
				"down": {"uv": [14.25, 0, 13.75, 0.5], "texture": "#0"}
			}
		},
		{
			"name": "left_ear",
			"from": [6, 11.5, -0.25],
			"to": [8, 16.5, 0.75],
			"rotation": {"angle": -22.5, "axis": "y", "origin": [0, 0, 1]},
			"faces": {
				"north": {"uv": [14.75, 0.5, 15.25, 3], "texture": "#0"},
				"east": {"uv": [14.5, 0.5, 14.75, 3], "texture": "#0"},
				"south": {"uv": [15.5, 0.5, 16, 3], "texture": "#0"},
				"west": {"uv": [15.25, 0.5, 15.5, 3], "texture": "#0"},
				"up": {"uv": [15.25, 0.5, 14.75, 0], "texture": "#0"},
				"down": {"uv": [15.75, 0, 15.25, 0.5], "texture": "#0"}
			}
		},
		{
			"name": "nose",
			"from": [7.5, 9, -1.5],
			"to": [8.5, 10, -0.5],
			"rotation": {"angle": 0, "axis": "y", "origin": [0, 0, 1]},
			"faces": {
				"north": {"uv": [8.25, 5, 8.5, 5.5], "texture": "#0"},
				"east": {"uv": [8, 5, 8.25, 5.5], "texture": "#0"},
				"south": {"uv": [8.75, 5, 9, 5.5], "texture": "#0"},
				"west": {"uv": [8.5, 5, 8.75, 5.5], "texture": "#0"},
				"up": {"uv": [8.5, 5, 8.25, 4.5], "texture": "#0"},
				"down": {"uv": [8.75, 4.5, 8.5, 5], "texture": "#0"}
			}
		},
		{
			"name": "head",
			"from": [5.5, 7.5, -1],
			"to": [10.5, 11.5, 4],
			"rotation": {"angle": 0, "axis": "y", "origin": [0, 0, 1]},
			"faces": {
				"north": {"uv": [9.25, 2.5, 10.5, 4.5], "texture": "#0"},
				"east": {"uv": [8, 2.5, 9.25, 4.5], "texture": "#0"},
				"south": {"uv": [11.75, 2.5, 13, 4.5], "texture": "#0"},
				"west": {"uv": [10.5, 2.5, 11.75, 4.5], "texture": "#0"},
				"up": {"uv": [10.5, 2.5, 9.25, 0], "texture": "#0"},
				"down": {"uv": [11.75, 0, 10.5, 2.5], "texture": "#0"}
			}
		}
	],
	"display": {
		"thirdperson_righthand": {
			"rotation": [80, 0, 0],
			"translation": [0, -1.5, 15],
			"scale": [0.41, 0.41, 0.41]
		},
		"thirdperson_lefthand": {
			"rotation": [80, 0, 0],
			"translation": [0, -1.5, 15],
			"scale": [0.41, 0.41, 0.41]
		},
		"firstperson_righthand": {
			"rotation": [-17, 107, 16],
			"translation": [-0.5, 4.75, 2.25],
			"scale": [0.48, 0.48, 0.48]
		},
		"firstperson_lefthand": {
			"rotation": [-17, 107, 16],
			"translation": [-0.5, 4.75, 2.25],
			"scale": [0.48, 0.48, 0.48]
		},
		"ground": {
			"scale": [0.57, 0.57, 0.57]
		},
		"gui": {
			"rotation": [-12, 145, 10],
			"translation": [0, -1, 0],
			"scale": [0.77, 0.77, 0.77]
		},
		"head": {
			"translation": [0, 13.25, 1.25]
		},
		"fixed": {
			"rotation": [90, 0, -180],
			"translation": [0, 0, -8.75],
			"scale": [1.21, 1.21, 1.21]
		}
	},
	"groups": [
		{
			"name": "body",
			"origin": [0, 8, 7],
			"color": 0,
			"children": [0, 1, 2, 3, 4, 5, 6, 7, 8, 9, 10, 11]
		}
	]
}