{
	"credit": "Made By DerpDerpling",
	"parent": "minecraft:item/generated",
	"textures": {
		"layer0": "item/nek_blade"
	},
	"gui_light": "front",
	"display": {
		"thirdperson_righthand": {
			"rotation": [157, 90, -117],
			"translation": [0.25, 13, 3.25],
			"scale": [2, 2, 1]
		},
		"thirdperson_lefthand": {
			"rotation": [-72, -90, -117],
			"translation": [0.25, 13, 3.25],
			"scale": [2, 2, 1]
		},
		"firstperson_righthand": {
			"rotation": [0, 90, 51],
			"translation": [1.13, 5.2, 1.13],
			"scale": [1, 1, 0.68]
		},
		"firstperson_lefthand": {
			"rotation": [0, -103, -55],
			"translation": [1.13, 4.95, 1.13],
			"scale": [1, 1, 0.68]
		},
		"ground": {
			"translation": [0, 10.5, 0],
			"scale": [2, 2, 1]
		},
		"gui": {
			"rotation": [180, 0, -90],
			"translation": [0.5, -0.5, 0]
		},
		"head": {
			"rotation": [-98, -66, 104],
			"translation": [4.25, 13, 6.75],
			"scale": [2, 2, 1]
		},
		"fixed": {
			"rotation": [0, 0, 90],
			"translation": [0, 0, -1.75],
			"scale": [2, 2, 1]
		}
	}
}