{
	"credit": "Made with Blockbench",
	"texture_size": [64, 64],
	"textures": {
		"1": "player_items:item/jahcointexture",
		"particle": "player_items:item/jahcointexture"
	},
	"elements": [
		{
			"from": [-5, 0, -9],
			"to": [-3, 3, 8],
			"faces": {
				"north": {"uv": [7.75, 0, 8.25, 0.75], "texture": "#1"},
				"east": {"uv": [3, 1.5, 7.25, 2.25], "texture": "#1"},
				"south": {"uv": [7.75, 0.75, 8.25, 1.5], "texture": "#1"},
				"west": {"uv": [3, 2.25, 7.25, 3], "texture": "#1"},
				"up": {"uv": [7, 11, 6.5, 6.75], "texture": "#1"},
				"down": {"uv": [7.5, 6, 7, 10.25], "texture": "#1"}
			}
		},
		{
			"from": [-6, 0, -8],
			"to": [-5, 3, 7],
			"faces": {
				"north": {"uv": [4, 8.25, 4.25, 9], "texture": "#1"},
				"east": {"uv": [3, 4.5, 6.75, 5.25], "texture": "#1"},
				"south": {"uv": [4.25, 8.25, 4.5, 9], "texture": "#1"},
				"west": {"uv": [0, 5.25, 3.75, 6], "texture": "#1"},
				"up": {"uv": [6.5, 11.25, 6.25, 7.5], "texture": "#1"},
				"down": {"uv": [7.75, 7.5, 7.5, 11.25], "texture": "#1"}
			}
		},
		{
			"from": [5, 0, -8],
			"to": [6, 3, 7],
			"faces": {
				"north": {"uv": [4.5, 8.25, 4.75, 9], "texture": "#1"},
				"east": {"uv": [3.75, 5.25, 7.5, 6], "texture": "#1"},
				"south": {"uv": [4.75, 8.25, 5, 9], "texture": "#1"},
				"west": {"uv": [0, 6, 3.75, 6.75], "texture": "#1"},
				"up": {"uv": [8, 11.25, 7.75, 7.5], "texture": "#1"},
				"down": {"uv": [8.25, 7.5, 8, 11.25], "texture": "#1"}
			}
		},
		{
			"from": [6, 0, -7],
			"to": [7, 3, 6],
			"faces": {
				"north": {"uv": [5, 8.25, 5.25, 9], "texture": "#1"},
				"east": {"uv": [3.75, 6, 7, 6.75], "texture": "#1"},
				"south": {"uv": [5.25, 8.25, 5.5, 9], "texture": "#1"},
				"west": {"uv": [0, 6.75, 3.25, 7.5], "texture": "#1"},
				"up": {"uv": [1.25, 11.5, 1, 8.25], "texture": "#1"},
				"down": {"uv": [1.5, 8.25, 1.25, 11.5], "texture": "#1"}
			}
		},
		{
			"from": [-8, 0, -6],
			"to": [-7, 3, 5],
			"faces": {
				"north": {"uv": [5.5, 8.25, 5.75, 9], "texture": "#1"},
				"east": {"uv": [7.25, 1.5, 10, 2.25], "texture": "#1"},
				"south": {"uv": [5.75, 8.25, 6, 9], "texture": "#1"},
				"west": {"uv": [7.25, 2.25, 10, 3], "texture": "#1"},
				"up": {"uv": [2.25, 11, 2, 8.25], "texture": "#1"},
				"down": {"uv": [2.5, 8.25, 2.25, 11], "texture": "#1"}
			}
		},
		{
			"from": [7, 0, -6],
			"to": [8, 3, 5],
			"faces": {
				"north": {"uv": [6, 8.25, 6.25, 9], "texture": "#1"},
				"east": {"uv": [7.25, 3, 10, 3.75], "texture": "#1"},
				"south": {"uv": [8.25, 7.5, 8.5, 8.25], "texture": "#1"},
				"west": {"uv": [7.25, 3.75, 10, 4.5], "texture": "#1"},
				"up": {"uv": [2.75, 11, 2.5, 8.25], "texture": "#1"},
				"down": {"uv": [3, 8.25, 2.75, 11], "texture": "#1"}
			}
		},
		{
			"from": [8, 0, -4],
			"to": [9, 3, 3],
			"faces": {
				"north": {"uv": [8.25, 8.25, 8.5, 9], "texture": "#1"},
				"east": {"uv": [1, 7.5, 2.75, 8.25], "texture": "#1"},
				"south": {"uv": [8.5, 7.5, 8.75, 8.25], "texture": "#1"},
				"west": {"uv": [2.75, 7.5, 4.5, 8.25], "texture": "#1"},
				"up": {"uv": [3.25, 10, 3, 8.25], "texture": "#1"},
				"down": {"uv": [3.5, 8.25, 3.25, 10], "texture": "#1"}
			}
		},
		{
			"from": [-9, 0, -4],
			"to": [-8, 3, 3],
			"faces": {
				"north": {"uv": [8.5, 8.25, 8.75, 9], "texture": "#1"},
				"east": {"uv": [4.5, 7.5, 6.25, 8.25], "texture": "#1"},
				"south": {"uv": [8.75, 0, 9, 0.75], "texture": "#1"},
				"west": {"uv": [7.5, 5.25, 9.25, 6], "texture": "#1"},
				"up": {"uv": [3.75, 10, 3.5, 8.25], "texture": "#1"},
				"down": {"uv": [4, 8.25, 3.75, 10], "texture": "#1"}
			}
		},
		{
			"from": [-7, 0, -7],
			"to": [-6, 3, 6],
			"faces": {
				"north": {"uv": [8.75, 0.75, 9, 1.5], "texture": "#1"},
				"east": {"uv": [3.25, 6.75, 6.5, 7.5], "texture": "#1"},
				"south": {"uv": [8.75, 7.5, 9, 8.25], "texture": "#1"},
				"west": {"uv": [6.75, 4.5, 10, 5.25], "texture": "#1"},
				"up": {"uv": [1.75, 11.5, 1.5, 8.25], "texture": "#1"},
				"down": {"uv": [2, 8.25, 1.75, 11.5], "texture": "#1"}
			}
		},
		{
			"from": [3, 0, -9],
			"to": [5, 3, 8],
			"faces": {
				"north": {"uv": [8.25, 0, 8.75, 0.75], "texture": "#1"},
				"east": {"uv": [3, 3, 7.25, 3.75], "texture": "#1"},
				"south": {"uv": [8.25, 0.75, 8.75, 1.5], "texture": "#1"},
				"west": {"uv": [3, 3.75, 7.25, 4.5], "texture": "#1"},
				"up": {"uv": [0.5, 11.75, 0, 7.5], "texture": "#1"},
				"down": {"uv": [1, 7.5, 0.5, 11.75], "texture": "#1"}
			}
		},
		{
			"from": [-3, 0, -10],
			"to": [3, 3, 9],
			"faces": {
				"north": {"uv": [7.5, 6, 9, 6.75], "texture": "#1"},
				"east": {"uv": [3, 0, 7.75, 0.75], "texture": "#1"},
				"south": {"uv": [7.5, 6.75, 9, 7.5], "texture": "#1"},
				"west": {"uv": [3, 0.75, 7.75, 1.5], "texture": "#1"},
				"up": {"uv": [1.5, 4.75, 0, 0], "texture": "#1"},
				"down": {"uv": [3, 0, 1.5, 4.75], "texture": "#1"}
			}
		}
	],
	"display": {
		"thirdperson_righthand": {
			"rotation": [-81, 0, -180],
			"translation": [-4, 7, 6.5],
			"scale": [0.5, 0.5, 0.5]
		},
		"thirdperson_lefthand": {
			"rotation": [-81, 0, -180],
			"translation": [4, 7, 6.5],
			"scale": [0.5, 0.5, 0.5]
		},
		"firstperson_righthand": {
			"rotation": [63, -180, 0],
			"translation": [-2.5, 5.75, -14]
		},
		"firstperson_lefthand": {
			"rotation": [63, -180, 0],
			"translation": [9.5, 5.75, -14]
		},
		"ground": {
			"translation": [4, 1, 4.5],
			"scale": [0.5, 0.5, 0.5]
		},
		"gui": {
			"rotation": [-101, 0, -12],
			"translation": [6.75, 5.25, 0],
			"scale": [0.69, 0.69, 0.69]
		},
		"head": {
			"translation": [8, 14.25, 8.75]
		},
		"fixed": {
			"rotation": [-90, 41, 0],
			"translation": [8.25, 1.5, -6.5],
			"scale": [0.7, 0.7, 0.7]
		}
	},
	"groups": [
		{
			"name": "base",
			"origin": [0, 0, 0],
			"color": 0,
			"children": [0, 1, 2, 3, 4, 5, 6, 7, 8, 9, 10]
		}
	]
}