{
	"credit": "Made with Blockbench",
	"texture_size": [128, 128],
	"textures": {
		"0": "block/gizmo/questram"
	},
	"elements": [
		{
			"from": [0, 1, -9],
			"to": [16, 15, 7],
			"rotation": {"angle": 0, "axis": "y", "origin": [8, -12, -2]},
			"faces": {
				"north": {"uv": [2, 2, 4, 3.75], "texture": "#0"},
				"east": {"uv": [0, 2, 2, 3.75], "texture": "#0"},
				"south": {"uv": [6, 2, 8, 3.75], "texture": "#0"},
				"west": {"uv": [4, 2, 6, 3.75], "texture": "#0"},
				"up": {"uv": [4, 2, 2, 0], "texture": "#0"},
				"down": {"uv": [6, 0, 4, 2], "texture": "#0"}
			}
		},
		{
			"from": [0, 1, 7],
			"to": [16, 15, 23],
			"rotation": {"angle": 0, "axis": "y", "origin": [8, -12, -1]},
			"faces": {
				"north": {"uv": [2, 5.75, 4, 7.5], "texture": "#0"},
				"east": {"uv": [0, 5.75, 2, 7.5], "texture": "#0"},
				"south": {"uv": [6, 5.75, 8, 7.5], "texture": "#0"},
				"west": {"uv": [4, 5.75, 6, 7.5], "texture": "#0"},
				"up": {"uv": [4, 5.75, 2, 3.75], "texture": "#0"},
				"down": {"uv": [6, 3.75, 4, 5.75], "texture": "#0"}
			}
		},
		{
			"from": [9, -4, -8],
			"to": [17, 6, 2],
			"rotation": {"angle": 0, "axis": "y", "origin": [8, -12, -2]},
			"faces": {
				"north": {"uv": [8, 3.75, 9, 5], "texture": "#0"},
				"east": {"uv": [6.75, 3.75, 8, 5], "texture": "#0"},
				"south": {"uv": [10.25, 3.75, 11.25, 5], "texture": "#0"},
				"west": {"uv": [9, 3.75, 10.25, 5], "texture": "#0"},
				"up": {"uv": [9, 3.75, 8, 2.5], "texture": "#0"},
				"down": {"uv": [10, 2.5, 9, 3.75], "texture": "#0"}
			}
		},
		{
			"from": [-1, -4, -8],
			"to": [7, 6, 2],
			"rotation": {"angle": 0, "axis": "y", "origin": [8, -12, -2]},
			"faces": {
				"north": {"uv": [12.5, 3.75, 13.5, 5], "texture": "#0"},
				"east": {"uv": [11.25, 3.75, 12.5, 5], "texture": "#0"},
				"south": {"uv": [14.75, 3.75, 15.75, 5], "texture": "#0"},
				"west": {"uv": [13.5, 3.75, 14.75, 5], "texture": "#0"},
				"up": {"uv": [13.5, 3.75, 12.5, 2.5], "texture": "#0"},
				"down": {"uv": [14.5, 2.5, 13.5, 3.75], "texture": "#0"}
			}
		},
		{
			"from": [-2, -4, 14],
			"to": [6, 6, 24],
			"rotation": {"angle": 0, "axis": "y", "origin": [8, -12, -1]},
			"faces": {
				"north": {"uv": [12.5, 7.5, 13.5, 8.75], "texture": "#0"},
				"east": {"uv": [11.25, 7.5, 12.5, 8.75], "texture": "#0"},
				"south": {"uv": [14.75, 7.5, 15.75, 8.75], "texture": "#0"},
				"west": {"uv": [13.5, 7.5, 14.75, 8.75], "texture": "#0"},
				"up": {"uv": [13.5, 7.5, 12.5, 6.25], "texture": "#0"},
				"down": {"uv": [14.5, 6.25, 13.5, 7.5], "texture": "#0"}
			}
		},
		{
			"from": [10, -4, 14],
			"to": [18, 6, 24],
			"rotation": {"angle": 0, "axis": "y", "origin": [8, -12, -1]},
			"faces": {
				"north": {"uv": [8, 7.5, 9, 8.75], "texture": "#0"},
				"east": {"uv": [6.75, 7.5, 8, 8.75], "texture": "#0"},
				"south": {"uv": [10.25, 7.5, 11.25, 8.75], "texture": "#0"},
				"west": {"uv": [9, 7.5, 10.25, 8.75], "texture": "#0"},
				"up": {"uv": [9, 7.5, 8, 6.25], "texture": "#0"},
				"down": {"uv": [10, 6.25, 9, 7.5], "texture": "#0"}
			}
		},
		{
			"from": [0, -16, -6],
			"to": [6, 0, 0],
			"rotation": {"angle": 0, "axis": "y", "origin": [8, -12, -2]},
			"faces": {
				"north": {"uv": [0.75, 8.25, 1.5, 10.25], "texture": "#0"},
				"east": {"uv": [0, 8.25, 0.75, 10.25], "texture": "#0"},
				"south": {"uv": [2.25, 8.25, 3, 10.25], "texture": "#0"},
				"west": {"uv": [1.5, 8.25, 2.25, 10.25], "texture": "#0"},
				"up": {"uv": [1.5, 8.25, 0.75, 7.5], "texture": "#0"},
				"down": {"uv": [2.25, 7.5, 1.5, 8.25], "texture": "#0"}
			}
		},
		{
			"from": [10, -16, -6],
			"to": [16, 0, 0],
			"rotation": {"angle": 0, "axis": "y", "origin": [8, -12, -2]},
			"faces": {
				"north": {"uv": [3.75, 8.25, 4.5, 10.25], "texture": "#0"},
				"east": {"uv": [3, 8.25, 3.75, 10.25], "texture": "#0"},
				"south": {"uv": [5.25, 8.25, 6, 10.25], "texture": "#0"},
				"west": {"uv": [4.5, 8.25, 5.25, 10.25], "texture": "#0"},
				"up": {"uv": [4.5, 8.25, 3.75, 7.5], "texture": "#0"},
				"down": {"uv": [5.25, 7.5, 4.5, 8.25], "texture": "#0"}
			}
		},
		{
			"from": [11, -16, 16],
			"to": [17, 0, 22],
			"rotation": {"angle": 0, "axis": "y", "origin": [8, -12, -1]},
			"faces": {
				"north": {"uv": [3.75, 11, 4.5, 13], "texture": "#0"},
				"east": {"uv": [3, 11, 3.75, 13], "texture": "#0"},
				"south": {"uv": [5.25, 11, 6, 13], "texture": "#0"},
				"west": {"uv": [4.5, 11, 5.25, 13], "texture": "#0"},
				"up": {"uv": [4.5, 11, 3.75, 10.25], "texture": "#0"},
				"down": {"uv": [5.25, 10.25, 4.5, 11], "texture": "#0"}
			}
		},
		{
			"from": [-1, -16, 16],
			"to": [5, 0, 22],
			"rotation": {"angle": 0, "axis": "y", "origin": [8, -12, -1]},
			"faces": {
				"north": {"uv": [0.75, 11, 1.5, 13], "texture": "#0"},
				"east": {"uv": [0, 11, 0.75, 13], "texture": "#0"},
				"south": {"uv": [2.25, 11, 3, 13], "texture": "#0"},
				"west": {"uv": [1.5, 11, 2.25, 13], "texture": "#0"},
				"up": {"uv": [1.5, 11, 0.75, 10.25], "texture": "#0"},
				"down": {"uv": [2.25, 10.25, 1.5, 11], "texture": "#0"}
			}
		},
		{
			"from": [3, 7, 0],
			"to": [13, 19, 12],
			"rotation": {"angle": -22.5, "axis": "x", "origin": [8, -15, -1]},
			"faces": {
				"north": {"uv": [12, 13.125, 13.25, 14.625], "texture": "#0"},
				"east": {"uv": [10.5, 13.125, 12, 14.625], "texture": "#0"},
				"south": {"uv": [14.75, 13.125, 16, 14.625], "texture": "#0"},
				"west": {"uv": [13.25, 13.125, 14.75, 14.625], "texture": "#0"},
				"up": {"uv": [13.25, 13.125, 12, 11.625], "texture": "#0"},
				"down": {"uv": [14.5, 11.625, 13.25, 13.125], "texture": "#0"}
			}
		},
		{
			"from": [2, 19, -3],
			"to": [14, 27, 12],
			"rotation": {"angle": -22.5, "axis": "x", "origin": [8, -14, 2]},
			"faces": {
				"north": {"uv": [11.125, 10.625, 12.625, 11.625], "texture": "#0"},
				"east": {"uv": [9.25, 10.625, 11.125, 11.625], "texture": "#0"},
				"south": {"uv": [14.5, 10.625, 16, 11.625], "texture": "#0"},
				"west": {"uv": [12.625, 10.625, 14.5, 11.625], "texture": "#0"},
				"up": {"uv": [12.625, 10.625, 11.125, 8.75], "texture": "#0"},
				"down": {"uv": [14.125, 8.75, 12.625, 10.625], "texture": "#0"}
			}
		},
		{
			"from": [2, 27, 1],
			"to": [14, 30, 12],
			"rotation": {"angle": -22.5, "axis": "x", "origin": [8, -14, 2]},
			"faces": {
				"north": {"uv": [6.625, 10.25, 8.125, 10.625], "texture": "#0"},
				"east": {"uv": [5.25, 10.25, 6.625, 10.625], "texture": "#0"},
				"south": {"uv": [9.5, 10.25, 11, 10.625], "texture": "#0"},
				"west": {"uv": [8.125, 10.25, 9.5, 10.625], "texture": "#0"},
				"up": {"uv": [8.125, 10.25, 6.625, 8.875], "texture": "#0"},
				"down": {"uv": [9.625, 8.875, 8.125, 10.25], "texture": "#0"}
			}
		},
		{
			"from": [12, 21, -10],
			"to": [16, 31, 0],
			"rotation": {"angle": 0, "axis": "y", "origin": [8, -14, 2]},
			"faces": {
				"north": {"uv": [9.25, 1.25, 9.75, 2.5], "texture": "#0"},
				"east": {"uv": [8, 1.25, 9.25, 2.5], "texture": "#0"},
				"south": {"uv": [11, 1.25, 11.5, 2.5], "texture": "#0"},
				"west": {"uv": [9.75, 1.25, 11, 2.5], "texture": "#0"},
				"up": {"uv": [9.75, 1.25, 9.25, 0], "texture": "#0"},
				"down": {"uv": [10.25, 0, 9.75, 1.25], "texture": "#0"}
			}
		},
		{
			"from": [16, 27, -4],
			"to": [20, 31, 0],
			"rotation": {"angle": 0, "axis": "y", "origin": [8, -14, 2]},
			"faces": {
				"north": {"uv": [6.5, 0.5, 7, 1], "texture": "#0"},
				"east": {"uv": [6, 0.5, 6.5, 1], "texture": "#0"},
				"south": {"uv": [7.5, 0.5, 8, 1], "texture": "#0"},
				"west": {"uv": [7, 0.5, 7.5, 1], "texture": "#0"},
				"up": {"uv": [7, 0.5, 6.5, 0], "texture": "#0"},
				"down": {"uv": [7.5, 0, 7, 0.5], "texture": "#0"}
			}
		},
		{
			"from": [-4, 27, -4],
			"to": [0, 31, 0],
			"shade": false,
			"rotation": {"angle": 0, "axis": "y", "origin": [8, -14, 2]},
			"faces": {
				"north": {"uv": [7, 0.5, 6.5, 1], "texture": "#0"},
				"east": {"uv": [7.5, 0.5, 7, 1], "texture": "#0"},
				"south": {"uv": [8, 0.5, 7.5, 1], "texture": "#0"},
				"west": {"uv": [6.5, 0.5, 6, 1], "texture": "#0"},
				"up": {"uv": [6.5, 0.5, 7, 0], "texture": "#0"},
				"down": {"uv": [7, 0, 7.5, 0.5], "texture": "#0"}
			}
		},
		{
			"from": [0, 21, -10],
			"to": [4, 31, 0],
			"shade": false,
			"rotation": {"angle": 0, "axis": "y", "origin": [8, -14, 2]},
			"faces": {
				"north": {"uv": [9.75, 1.25, 9.25, 2.5], "texture": "#0"},
				"east": {"uv": [11, 1.25, 9.75, 2.5], "texture": "#0"},
				"south": {"uv": [11.5, 1.25, 11, 2.5], "texture": "#0"},
				"west": {"uv": [9.25, 1.25, 8, 2.5], "texture": "#0"},
				"up": {"uv": [9.25, 1.25, 9.75, 0], "texture": "#0"},
				"down": {"uv": [9.75, 0, 10.25, 1.25], "texture": "#0"}
			}
		}
	],
	"display": {
		"thirdperson_righthand": {
			"translation": [0, 4.75, 2.75],
			"scale": [0.2, 0.2, 0.2]
		},
		"firstperson_righthand": {
			"rotation": [0, 15, 0],
			"translation": [6, -4, 5],
			"scale": [0.5, 0.5, 0.5]
		},
		"ground": {
			"translation": [0, 2, 0],
			"scale": [0.25, 0.25, 0.25]
		},
		"gui": {
			"rotation": [30.5, -135, 0],
			"scale": [0.3, 0.3, 0.3]
		},
		"head": {
			"translation": [0, -21, 0]
		},
		"fixed": {
			"rotation": [-90, 0, 0],
			"translation": [0, 0, -71],
			"scale": [3, 3, 3]
		}
	}
}