{
	"credit": "Made with Blockbench",
	"texture_size": [32, 32],
	"textures": {
		"0": "region_relics:item/lochocto",
		"particle": "region_relics:item/lochocto"
	},
	"elements": [
		{
			"from": [10, 0, 8],
			"to": [11, 2, 9],
			"faces": {
				"north": {"uv": [7.5, 12.5, 8, 13.5], "texture": "#0"},
				"east": {"uv": [12.5, 7.5, 13, 8.5], "texture": "#0"},
				"south": {"uv": [8, 12.5, 8.5, 13.5], "texture": "#0"},
				"west": {"uv": [8.5, 12.5, 9, 13.5], "texture": "#0"},
				"up": {"uv": [15, 2, 14.5, 1.5], "texture": "#0"},
				"down": {"uv": [15, 2, 14.5, 2.5], "texture": "#0"}
			}
		},
		{
			"from": [6, 2, 8],
			"to": [10, 3, 9],
			"faces": {
				"north": {"uv": [10, 6.5, 12, 7], "texture": "#0"},
				"east": {"uv": [14.5, 2.5, 15, 3], "texture": "#0"},
				"south": {"uv": [9, 10, 11, 10.5], "texture": "#0"},
				"west": {"uv": [14.5, 3, 15, 3.5], "texture": "#0"},
				"up": {"uv": [2, 11, 0, 10.5], "texture": "#0"},
				"down": {"uv": [4, 10.5, 2, 11], "texture": "#0"}
			}
		},
		{
			"from": [6, 1, 8],
			"to": [7, 2, 9],
			"faces": {
				"north": {"uv": [14.5, 3.5, 15, 4], "texture": "#0"},
				"east": {"uv": [14.5, 4, 15, 4.5], "texture": "#0"},
				"south": {"uv": [14.5, 4.5, 15, 5], "texture": "#0"},
				"west": {"uv": [14.5, 5, 15, 5.5], "texture": "#0"},
				"up": {"uv": [15, 6, 14.5, 5.5], "texture": "#0"},
				"down": {"uv": [15, 6, 14.5, 6.5], "texture": "#0"}
			}
		},
		{
			"from": [5, 0, 8],
			"to": [6, 2, 9],
			"faces": {
				"north": {"uv": [12.5, 8.5, 13, 9.5], "texture": "#0"},
				"east": {"uv": [9, 12.5, 9.5, 13.5], "texture": "#0"},
				"south": {"uv": [9.5, 12.5, 10, 13.5], "texture": "#0"},
				"west": {"uv": [12.5, 9.5, 13, 10.5], "texture": "#0"},
				"up": {"uv": [15, 7, 14.5, 6.5], "texture": "#0"},
				"down": {"uv": [15, 7, 14.5, 7.5], "texture": "#0"}
			}
		},
		{
			"from": [6, 3, 7],
			"to": [10, 10, 10],
			"faces": {
				"north": {"uv": [0, 0, 2, 3.5], "texture": "#0"},
				"east": {"uv": [4, 0, 5.5, 3.5], "texture": "#0"},
				"south": {"uv": [2, 0, 4, 3.5], "texture": "#0"},
				"west": {"uv": [4, 3.5, 5.5, 7], "texture": "#0"},
				"up": {"uv": [9, 3, 7, 1.5], "texture": "#0"},
				"down": {"uv": [5, 7, 3, 8.5], "texture": "#0"}
			}
		},
		{
			"from": [11, 2, 8],
			"to": [12, 4, 9],
			"faces": {
				"north": {"uv": [10, 12.5, 10.5, 13.5], "texture": "#0"},
				"east": {"uv": [10.5, 12.5, 11, 13.5], "texture": "#0"},
				"south": {"uv": [12.5, 10.5, 13, 11.5], "texture": "#0"},
				"west": {"uv": [11, 12.5, 11.5, 13.5], "texture": "#0"},
				"up": {"uv": [15, 8, 14.5, 7.5], "texture": "#0"},
				"down": {"uv": [15, 8, 14.5, 8.5], "texture": "#0"}
			}
		},
		{
			"from": [4, 2, 8],
			"to": [5, 4, 9],
			"faces": {
				"north": {"uv": [11.5, 12.5, 12, 13.5], "texture": "#0"},
				"east": {"uv": [12.5, 11.5, 13, 12.5], "texture": "#0"},
				"south": {"uv": [12.5, 12.5, 13, 13.5], "texture": "#0"},
				"west": {"uv": [0, 13, 0.5, 14], "texture": "#0"},
				"up": {"uv": [15, 9, 14.5, 8.5], "texture": "#0"},
				"down": {"uv": [15, 9, 14.5, 9.5], "texture": "#0"}
			}
		},
		{
			"from": [9, 1, 8],
			"to": [10, 2, 9],
			"faces": {
				"north": {"uv": [14.5, 9.5, 15, 10], "texture": "#0"},
				"east": {"uv": [10.5, 14.5, 11, 15], "texture": "#0"},
				"south": {"uv": [11, 14.5, 11.5, 15], "texture": "#0"},
				"west": {"uv": [14.5, 11.5, 15, 12], "texture": "#0"},
				"up": {"uv": [15, 12.5, 14.5, 12], "texture": "#0"},
				"down": {"uv": [13, 14.5, 12.5, 15], "texture": "#0"}
			}
		},
		{
			"from": [12, 1, 8],
			"to": [13, 3, 9],
			"faces": {
				"north": {"uv": [13, 0, 13.5, 1], "texture": "#0"},
				"east": {"uv": [0.5, 13, 1, 14], "texture": "#0"},
				"south": {"uv": [1, 13, 1.5, 14], "texture": "#0"},
				"west": {"uv": [13, 1, 13.5, 2], "texture": "#0"},
				"up": {"uv": [15, 13, 14.5, 12.5], "texture": "#0"},
				"down": {"uv": [13.5, 14.5, 13, 15], "texture": "#0"}
			}
		},
		{
			"from": [3, 1, 8],
			"to": [4, 3, 9],
			"faces": {
				"north": {"uv": [1.5, 13, 2, 14], "texture": "#0"},
				"east": {"uv": [2, 13, 2.5, 14], "texture": "#0"},
				"south": {"uv": [13, 2, 13.5, 3], "texture": "#0"},
				"west": {"uv": [2.5, 13, 3, 14], "texture": "#0"},
				"up": {"uv": [15, 13.5, 14.5, 13], "texture": "#0"},
				"down": {"uv": [14, 14.5, 13.5, 15], "texture": "#0"}
			}
		},
		{
			"from": [2, 1, 8],
			"to": [3, 2, 9],
			"faces": {
				"north": {"uv": [14, 14.5, 14.5, 15], "texture": "#0"},
				"east": {"uv": [14.5, 14.5, 15, 15], "texture": "#0"},
				"south": {"uv": [0, 15, 0.5, 15.5], "texture": "#0"},
				"west": {"uv": [0.5, 15, 1, 15.5], "texture": "#0"},
				"up": {"uv": [1.5, 15.5, 1, 15], "texture": "#0"},
				"down": {"uv": [15.5, 1, 15, 1.5], "texture": "#0"}
			}
		},
		{
			"from": [13, 1, 8],
			"to": [14, 2, 9],
			"faces": {
				"north": {"uv": [1.5, 15, 2, 15.5], "texture": "#0"},
				"east": {"uv": [15, 1.5, 15.5, 2], "texture": "#0"},
				"south": {"uv": [2, 15, 2.5, 15.5], "texture": "#0"},
				"west": {"uv": [15, 2, 15.5, 2.5], "texture": "#0"},
				"up": {"uv": [3, 15.5, 2.5, 15], "texture": "#0"},
				"down": {"uv": [15.5, 2.5, 15, 3], "texture": "#0"}
			}
		},
		{
			"from": [7, 2, 7],
			"to": [9, 3, 8],
			"faces": {
				"north": {"uv": [11, 9, 12, 9.5], "texture": "#0"},
				"east": {"uv": [3, 15, 3.5, 15.5], "texture": "#0"},
				"south": {"uv": [11, 10, 12, 10.5], "texture": "#0"},
				"west": {"uv": [15, 3, 15.5, 3.5], "texture": "#0"},
				"up": {"uv": [4, 13.5, 3, 13], "texture": "#0"},
				"down": {"uv": [14, 3, 13, 3.5], "texture": "#0"}
			}
		},
		{
			"from": [7, 2, 9],
			"to": [9, 3, 10],
			"faces": {
				"north": {"uv": [13, 3.5, 14, 4], "texture": "#0"},
				"east": {"uv": [3.5, 15, 4, 15.5], "texture": "#0"},
				"south": {"uv": [4, 13, 5, 13.5], "texture": "#0"},
				"west": {"uv": [15, 3.5, 15.5, 4], "texture": "#0"},
				"up": {"uv": [14, 4.5, 13, 4], "texture": "#0"},
				"down": {"uv": [14, 4.5, 13, 5], "texture": "#0"}
			}
		},
		{
			"from": [11, 4, 8],
			"to": [13, 5, 9],
			"faces": {
				"north": {"uv": [5, 13, 6, 13.5], "texture": "#0"},
				"east": {"uv": [4, 15, 4.5, 15.5], "texture": "#0"},
				"south": {"uv": [13, 5, 14, 5.5], "texture": "#0"},
				"west": {"uv": [15, 4, 15.5, 4.5], "texture": "#0"},
				"up": {"uv": [14, 6, 13, 5.5], "texture": "#0"},
				"down": {"uv": [14, 6, 13, 6.5], "texture": "#0"}
			}
		},
		{
			"from": [3, 4, 8],
			"to": [5, 5, 9],
			"faces": {
				"north": {"uv": [13, 6.5, 14, 7], "texture": "#0"},
				"east": {"uv": [4.5, 15, 5, 15.5], "texture": "#0"},
				"south": {"uv": [13, 7, 14, 7.5], "texture": "#0"},
				"west": {"uv": [15, 4.5, 15.5, 5], "texture": "#0"},
				"up": {"uv": [14, 8, 13, 7.5], "texture": "#0"},
				"down": {"uv": [14, 8, 13, 8.5], "texture": "#0"}
			}
		},
		{
			"from": [12, 5, 8],
			"to": [14, 6, 9],
			"faces": {
				"north": {"uv": [13, 8.5, 14, 9], "texture": "#0"},
				"east": {"uv": [5, 15, 5.5, 15.5], "texture": "#0"},
				"south": {"uv": [13, 9, 14, 9.5], "texture": "#0"},
				"west": {"uv": [15, 5, 15.5, 5.5], "texture": "#0"},
				"up": {"uv": [14, 10, 13, 9.5], "texture": "#0"},
				"down": {"uv": [14, 10, 13, 10.5], "texture": "#0"}
			}
		},
		{
			"from": [12, 5, 7],
			"to": [14, 6, 8],
			"faces": {
				"north": {"uv": [13, 10.5, 14, 11], "texture": "#0"},
				"east": {"uv": [5.5, 15, 6, 15.5], "texture": "#0"},
				"south": {"uv": [13, 11, 14, 11.5], "texture": "#0"},
				"west": {"uv": [15, 5.5, 15.5, 6], "texture": "#0"},
				"up": {"uv": [14, 12, 13, 11.5], "texture": "#0"},
				"down": {"uv": [14, 12, 13, 12.5], "texture": "#0"}
			}
		},
		{
			"from": [12, 5, 9],
			"to": [14, 6, 10],
			"faces": {
				"north": {"uv": [13, 12.5, 14, 13], "texture": "#0"},
				"east": {"uv": [6, 15, 6.5, 15.5], "texture": "#0"},
				"south": {"uv": [13, 13, 14, 13.5], "texture": "#0"},
				"west": {"uv": [15, 6, 15.5, 6.5], "texture": "#0"},
				"up": {"uv": [14.5, 0.5, 13.5, 0], "texture": "#0"},
				"down": {"uv": [14.5, 0.5, 13.5, 1], "texture": "#0"}
			}
		},
		{
			"from": [2, 5, 8],
			"to": [4, 6, 9],
			"faces": {
				"north": {"uv": [13.5, 1, 14.5, 1.5], "texture": "#0"},
				"east": {"uv": [6.5, 15, 7, 15.5], "texture": "#0"},
				"south": {"uv": [13.5, 1.5, 14.5, 2], "texture": "#0"},
				"west": {"uv": [15, 6.5, 15.5, 7], "texture": "#0"},
				"up": {"uv": [14.5, 2.5, 13.5, 2], "texture": "#0"},
				"down": {"uv": [14.5, 2.5, 13.5, 3], "texture": "#0"}
			}
		},
		{
			"from": [2, 5, 9],
			"to": [4, 6, 10],
			"faces": {
				"north": {"uv": [3, 13.5, 4, 14], "texture": "#0"},
				"east": {"uv": [7, 15, 7.5, 15.5], "texture": "#0"},
				"south": {"uv": [4, 13.5, 5, 14], "texture": "#0"},
				"west": {"uv": [15, 7, 15.5, 7.5], "texture": "#0"},
				"up": {"uv": [6, 14, 5, 13.5], "texture": "#0"},
				"down": {"uv": [8, 13.5, 7, 14], "texture": "#0"}
			}
		},
		{
			"from": [2, 5, 7],
			"to": [4, 6, 8],
			"faces": {
				"north": {"uv": [8, 13.5, 9, 14], "texture": "#0"},
				"east": {"uv": [7.5, 15, 8, 15.5], "texture": "#0"},
				"south": {"uv": [9, 13.5, 10, 14], "texture": "#0"},
				"west": {"uv": [15, 7.5, 15.5, 8], "texture": "#0"},
				"up": {"uv": [11, 14, 10, 13.5], "texture": "#0"},
				"down": {"uv": [12, 13.5, 11, 14], "texture": "#0"}
			}
		},
		{
			"from": [10, 3, 8],
			"to": [11, 6, 9],
			"faces": {
				"north": {"uv": [6, 11, 6.5, 12.5], "texture": "#0"},
				"east": {"uv": [6.5, 11, 7, 12.5], "texture": "#0"},
				"south": {"uv": [7, 11, 7.5, 12.5], "texture": "#0"},
				"west": {"uv": [7.5, 11, 8, 12.5], "texture": "#0"},
				"up": {"uv": [8.5, 15.5, 8, 15], "texture": "#0"},
				"down": {"uv": [15.5, 8, 15, 8.5], "texture": "#0"}
			}
		},
		{
			"from": [10, 4, 7],
			"to": [11, 6, 8],
			"faces": {
				"north": {"uv": [12, 13, 12.5, 14], "texture": "#0"},
				"east": {"uv": [12.5, 13.5, 13, 14.5], "texture": "#0"},
				"south": {"uv": [13, 13.5, 13.5, 14.5], "texture": "#0"},
				"west": {"uv": [13.5, 13.5, 14, 14.5], "texture": "#0"},
				"up": {"uv": [9, 15.5, 8.5, 15], "texture": "#0"},
				"down": {"uv": [15.5, 8.5, 15, 9], "texture": "#0"}
			}
		},
		{
			"from": [10, 4, 9],
			"to": [11, 6, 10],
			"faces": {
				"north": {"uv": [0, 14, 0.5, 15], "texture": "#0"},
				"east": {"uv": [0.5, 14, 1, 15], "texture": "#0"},
				"south": {"uv": [1, 14, 1.5, 15], "texture": "#0"},
				"west": {"uv": [1.5, 14, 2, 15], "texture": "#0"},
				"up": {"uv": [9.5, 15.5, 9, 15], "texture": "#0"},
				"down": {"uv": [15.5, 9, 15, 9.5], "texture": "#0"}
			}
		},
		{
			"from": [5, 4, 7],
			"to": [6, 6, 8],
			"faces": {
				"north": {"uv": [2, 14, 2.5, 15], "texture": "#0"},
				"east": {"uv": [2.5, 14, 3, 15], "texture": "#0"},
				"south": {"uv": [3, 14, 3.5, 15], "texture": "#0"},
				"west": {"uv": [14, 3, 14.5, 4], "texture": "#0"},
				"up": {"uv": [10, 15.5, 9.5, 15], "texture": "#0"},
				"down": {"uv": [15.5, 9.5, 15, 10], "texture": "#0"}
			}
		},
		{
			"from": [5, 3, 8],
			"to": [6, 6, 9],
			"faces": {
				"north": {"uv": [8, 11, 8.5, 12.5], "texture": "#0"},
				"east": {"uv": [8.5, 11, 9, 12.5], "texture": "#0"},
				"south": {"uv": [9, 11, 9.5, 12.5], "texture": "#0"},
				"west": {"uv": [9.5, 11, 10, 12.5], "texture": "#0"},
				"up": {"uv": [10.5, 15.5, 10, 15], "texture": "#0"},
				"down": {"uv": [15.5, 10, 15, 10.5], "texture": "#0"}
			}
		},
		{
			"from": [5, 4, 9],
			"to": [6, 6, 10],
			"faces": {
				"north": {"uv": [3.5, 14, 4, 15], "texture": "#0"},
				"east": {"uv": [4, 14, 4.5, 15], "texture": "#0"},
				"south": {"uv": [14, 4, 14.5, 5], "texture": "#0"},
				"west": {"uv": [4.5, 14, 5, 15], "texture": "#0"},
				"up": {"uv": [11, 15.5, 10.5, 15], "texture": "#0"},
				"down": {"uv": [15.5, 10.5, 15, 11], "texture": "#0"}
			}
		},
		{
			"from": [10, 7, 6],
			"to": [11, 10, 9],
			"faces": {
				"north": {"uv": [10, 11, 10.5, 12.5], "texture": "#0"},
				"east": {"uv": [5, 8, 6.5, 9.5], "texture": "#0"},
				"south": {"uv": [10.5, 11, 11, 12.5], "texture": "#0"},
				"west": {"uv": [6.5, 8, 8, 9.5], "texture": "#0"},
				"up": {"uv": [11.5, 12.5, 11, 11], "texture": "#0"},
				"down": {"uv": [0.5, 11.5, 0, 13], "texture": "#0"}
			}
		},
		{
			"from": [5, 7, 6],
			"to": [6, 10, 9],
			"faces": {
				"north": {"uv": [0.5, 11.5, 1, 13], "texture": "#0"},
				"east": {"uv": [8, 7, 9.5, 8.5], "texture": "#0"},
				"south": {"uv": [1, 11.5, 1.5, 13], "texture": "#0"},
				"west": {"uv": [0, 8.5, 1.5, 10], "texture": "#0"},
				"up": {"uv": [2, 13, 1.5, 11.5], "texture": "#0"},
				"down": {"uv": [2.5, 11.5, 2, 13], "texture": "#0"}
			}
		},
		{
			"from": [9, 7, 6],
			"to": [10, 10, 7],
			"faces": {
				"north": {"uv": [2.5, 11.5, 3, 13], "texture": "#0"},
				"east": {"uv": [3, 11.5, 3.5, 13], "texture": "#0"},
				"south": {"uv": [3.5, 11.5, 4, 13], "texture": "#0"},
				"west": {"uv": [4, 11.5, 4.5, 13], "texture": "#0"},
				"up": {"uv": [11.5, 15.5, 11, 15], "texture": "#0"},
				"down": {"uv": [15.5, 11, 15, 11.5], "texture": "#0"}
			}
		},
		{
			"from": [6, 7, 6],
			"to": [7, 10, 7],
			"faces": {
				"north": {"uv": [4.5, 11.5, 5, 13], "texture": "#0"},
				"east": {"uv": [5, 11.5, 5.5, 13], "texture": "#0"},
				"south": {"uv": [5.5, 11.5, 6, 13], "texture": "#0"},
				"west": {"uv": [11.5, 11, 12, 12.5], "texture": "#0"},
				"up": {"uv": [12, 15.5, 11.5, 15], "texture": "#0"},
				"down": {"uv": [15.5, 11.5, 15, 12], "texture": "#0"}
			}
		},
		{
			"from": [5, 10, 7],
			"to": [11, 12, 10],
			"faces": {
				"north": {"uv": [5, 7, 8, 8], "texture": "#0"},
				"east": {"uv": [1.5, 8.5, 3, 9.5], "texture": "#0"},
				"south": {"uv": [7, 6, 10, 7], "texture": "#0"},
				"west": {"uv": [3, 8.5, 4.5, 9.5], "texture": "#0"},
				"up": {"uv": [3, 8.5, 0, 7], "texture": "#0"},
				"down": {"uv": [10, 0, 7, 1.5], "texture": "#0"}
			}
		},
		{
			"from": [11, 9, 8],
			"to": [12, 12, 9],
			"faces": {
				"north": {"uv": [12, 3, 12.5, 4.5], "texture": "#0"},
				"east": {"uv": [12, 4.5, 12.5, 6], "texture": "#0"},
				"south": {"uv": [12, 10, 12.5, 11.5], "texture": "#0"},
				"west": {"uv": [12, 11.5, 12.5, 13], "texture": "#0"},
				"up": {"uv": [12.5, 15.5, 12, 15], "texture": "#0"},
				"down": {"uv": [15.5, 12, 15, 12.5], "texture": "#0"}
			}
		},
		{
			"from": [11, 10, 7],
			"to": [12, 12, 8],
			"faces": {
				"north": {"uv": [5, 14, 5.5, 15], "texture": "#0"},
				"east": {"uv": [14, 5, 14.5, 6], "texture": "#0"},
				"south": {"uv": [5.5, 14, 6, 15], "texture": "#0"},
				"west": {"uv": [6, 14, 6.5, 15], "texture": "#0"},
				"up": {"uv": [13, 15.5, 12.5, 15], "texture": "#0"},
				"down": {"uv": [15.5, 12.5, 15, 13], "texture": "#0"}
			}
		},
		{
			"from": [4, 9, 8],
			"to": [5, 12, 9],
			"faces": {
				"north": {"uv": [12.5, 3, 13, 4.5], "texture": "#0"},
				"east": {"uv": [12.5, 4.5, 13, 6], "texture": "#0"},
				"south": {"uv": [6, 12.5, 6.5, 14], "texture": "#0"},
				"west": {"uv": [6.5, 12.5, 7, 14], "texture": "#0"},
				"up": {"uv": [13.5, 15.5, 13, 15], "texture": "#0"},
				"down": {"uv": [15.5, 13, 15, 13.5], "texture": "#0"}
			}
		},
		{
			"from": [4, 10, 9],
			"to": [5, 12, 10],
			"faces": {
				"north": {"uv": [14, 6, 14.5, 7], "texture": "#0"},
				"east": {"uv": [6.5, 14, 7, 15], "texture": "#0"},
				"south": {"uv": [7, 14, 7.5, 15], "texture": "#0"},
				"west": {"uv": [14, 7, 14.5, 8], "texture": "#0"},
				"up": {"uv": [14, 15.5, 13.5, 15], "texture": "#0"},
				"down": {"uv": [15.5, 13.5, 15, 14], "texture": "#0"}
			}
		},
		{
			"from": [5, 9, 9],
			"to": [6, 10, 10],
			"faces": {
				"north": {"uv": [14, 15, 14.5, 15.5], "texture": "#0"},
				"east": {"uv": [15, 14, 15.5, 14.5], "texture": "#0"},
				"south": {"uv": [14.5, 15, 15, 15.5], "texture": "#0"},
				"west": {"uv": [15, 14.5, 15.5, 15], "texture": "#0"},
				"up": {"uv": [15.5, 15.5, 15, 15], "texture": "#0"},
				"down": {"uv": [0.5, 15.5, 0, 16], "texture": "#0"}
			}
		},
		{
			"from": [10, 9, 9],
			"to": [11, 10, 10],
			"faces": {
				"north": {"uv": [15.5, 0, 16, 0.5], "texture": "#0"},
				"east": {"uv": [0.5, 15.5, 1, 16], "texture": "#0"},
				"south": {"uv": [15.5, 0.5, 16, 1], "texture": "#0"},
				"west": {"uv": [1, 15.5, 1.5, 16], "texture": "#0"},
				"up": {"uv": [16, 1.5, 15.5, 1], "texture": "#0"},
				"down": {"uv": [2, 15.5, 1.5, 16], "texture": "#0"}
			}
		},
		{
			"from": [4, 10, 7],
			"to": [5, 12, 8],
			"faces": {
				"north": {"uv": [7.5, 14, 8, 15], "texture": "#0"},
				"east": {"uv": [8, 14, 8.5, 15], "texture": "#0"},
				"south": {"uv": [14, 8, 14.5, 9], "texture": "#0"},
				"west": {"uv": [8.5, 14, 9, 15], "texture": "#0"},
				"up": {"uv": [16, 2, 15.5, 1.5], "texture": "#0"},
				"down": {"uv": [2.5, 15.5, 2, 16], "texture": "#0"}
			}
		},
		{
			"from": [11, 10, 9],
			"to": [12, 12, 10],
			"faces": {
				"north": {"uv": [9, 14, 9.5, 15], "texture": "#0"},
				"east": {"uv": [14, 9, 14.5, 10], "texture": "#0"},
				"south": {"uv": [9.5, 14, 10, 15], "texture": "#0"},
				"west": {"uv": [10, 14, 10.5, 15], "texture": "#0"},
				"up": {"uv": [16, 2.5, 15.5, 2], "texture": "#0"},
				"down": {"uv": [3, 15.5, 2.5, 16], "texture": "#0"}
			}
		},
		{
			"from": [4, 12, 8],
			"to": [12, 13, 9],
			"faces": {
				"north": {"uv": [8, 8.5, 12, 9], "texture": "#0"},
				"east": {"uv": [15.5, 2.5, 16, 3], "texture": "#0"},
				"south": {"uv": [9, 1.5, 13, 2], "texture": "#0"},
				"west": {"uv": [3, 15.5, 3.5, 16], "texture": "#0"},
				"up": {"uv": [13, 2.5, 9, 2], "texture": "#0"},
				"down": {"uv": [13, 2.5, 9, 3], "texture": "#0"}
			}
		},
		{
			"from": [5, 12, 7],
			"to": [11, 13, 8],
			"faces": {
				"north": {"uv": [9, 3, 12, 3.5], "texture": "#0"},
				"east": {"uv": [15.5, 3, 16, 3.5], "texture": "#0"},
				"south": {"uv": [9, 3.5, 12, 4], "texture": "#0"},
				"west": {"uv": [3.5, 15.5, 4, 16], "texture": "#0"},
				"up": {"uv": [12, 4.5, 9, 4], "texture": "#0"},
				"down": {"uv": [12, 4.5, 9, 5], "texture": "#0"}
			}
		},
		{
			"from": [5, 11, 6],
			"to": [11, 12, 7],
			"faces": {
				"north": {"uv": [9, 5, 12, 5.5], "texture": "#0"},
				"east": {"uv": [15.5, 3.5, 16, 4], "texture": "#0"},
				"south": {"uv": [9, 5.5, 12, 6], "texture": "#0"},
				"west": {"uv": [4, 15.5, 4.5, 16], "texture": "#0"},
				"up": {"uv": [11, 9.5, 8, 9], "texture": "#0"},
				"down": {"uv": [4.5, 9.5, 1.5, 10], "texture": "#0"}
			}
		},
		{
			"from": [6, 10, 6],
			"to": [10, 11, 7],
			"faces": {
				"north": {"uv": [4, 10.5, 6, 11], "texture": "#0"},
				"east": {"uv": [15.5, 4, 16, 4.5], "texture": "#0"},
				"south": {"uv": [6, 10.5, 8, 11], "texture": "#0"},
				"west": {"uv": [4.5, 15.5, 5, 16], "texture": "#0"},
				"up": {"uv": [10, 11, 8, 10.5], "texture": "#0"},
				"down": {"uv": [12.5, 9.5, 10.5, 10], "texture": "#0"}
			}
		},
		{
			"from": [5, 11, 10],
			"to": [11, 12, 11],
			"faces": {
				"north": {"uv": [4.5, 9.5, 7.5, 10], "texture": "#0"},
				"east": {"uv": [15.5, 4.5, 16, 5], "texture": "#0"},
				"south": {"uv": [9.5, 7, 12.5, 7.5], "texture": "#0"},
				"west": {"uv": [5, 15.5, 5.5, 16], "texture": "#0"},
				"up": {"uv": [10.5, 10, 7.5, 9.5], "texture": "#0"},
				"down": {"uv": [12.5, 7.5, 9.5, 8], "texture": "#0"}
			}
		},
		{
			"from": [6, 10, 10],
			"to": [10, 11, 11],
			"faces": {
				"north": {"uv": [10, 10.5, 12, 11], "texture": "#0"},
				"east": {"uv": [15.5, 5, 16, 5.5], "texture": "#0"},
				"south": {"uv": [0, 11, 2, 11.5], "texture": "#0"},
				"west": {"uv": [5.5, 15.5, 6, 16], "texture": "#0"},
				"up": {"uv": [4, 11.5, 2, 11], "texture": "#0"},
				"down": {"uv": [6, 11, 4, 11.5], "texture": "#0"}
			}
		},
		{
			"from": [5, 12, 9],
			"to": [11, 13, 10],
			"faces": {
				"north": {"uv": [9.5, 8, 12.5, 8.5], "texture": "#0"},
				"east": {"uv": [15.5, 5.5, 16, 6], "texture": "#0"},
				"south": {"uv": [0, 10, 3, 10.5], "texture": "#0"},
				"west": {"uv": [6, 15.5, 6.5, 16], "texture": "#0"},
				"up": {"uv": [13, 0.5, 10, 0], "texture": "#0"},
				"down": {"uv": [13, 0.5, 10, 1], "texture": "#0"}
			}
		},
		{
			"from": [5, 13, 8],
			"to": [11, 14, 9],
			"faces": {
				"north": {"uv": [10, 1, 13, 1.5], "texture": "#0"},
				"east": {"uv": [15.5, 6, 16, 6.5], "texture": "#0"},
				"south": {"uv": [3, 10, 6, 10.5], "texture": "#0"},
				"west": {"uv": [6.5, 15.5, 7, 16], "texture": "#0"},
				"up": {"uv": [9, 10.5, 6, 10], "texture": "#0"},
				"down": {"uv": [13, 6, 10, 6.5], "texture": "#0"}
			}
		},
		{
			"from": [2, 6, 8],
			"to": [3, 7, 9],
			"rotation": {"angle": 0, "axis": "y", "origin": [-28, 0, 1]},
			"faces": {
				"north": {"uv": [15.5, 6.5, 16, 7], "texture": "#0"},
				"east": {"uv": [7, 15.5, 7.5, 16], "texture": "#0"},
				"south": {"uv": [15.5, 7, 16, 7.5], "texture": "#0"},
				"west": {"uv": [7.5, 15.5, 8, 16], "texture": "#0"},
				"up": {"uv": [16, 8, 15.5, 7.5], "texture": "#0"},
				"down": {"uv": [8.5, 15.5, 8, 16], "texture": "#0"}
			}
		},
		{
			"from": [1, 5, 8],
			"to": [2, 7, 9],
			"rotation": {"angle": 0, "axis": "y", "origin": [-28, 0, 1]},
			"faces": {
				"north": {"uv": [4.5, 8.5, 5, 9.5], "texture": "#0"},
				"east": {"uv": [12, 8.5, 12.5, 9.5], "texture": "#0"},
				"south": {"uv": [12.5, 6.5, 13, 7.5], "texture": "#0"},
				"west": {"uv": [7, 12.5, 7.5, 13.5], "texture": "#0"},
				"up": {"uv": [12.5, 7, 12, 6.5], "texture": "#0"},
				"down": {"uv": [15, 1, 14.5, 1.5], "texture": "#0"}
			}
		},
		{
			"from": [1, 4, 8],
			"to": [3, 5, 9],
			"rotation": {"angle": 0, "axis": "y", "origin": [-28, 0, 1]},
			"faces": {
				"north": {"uv": [14, 10, 15, 10.5], "texture": "#0"},
				"east": {"uv": [15.5, 8, 16, 8.5], "texture": "#0"},
				"south": {"uv": [10.5, 14, 11.5, 14.5], "texture": "#0"},
				"west": {"uv": [8.5, 15.5, 9, 16], "texture": "#0"},
				"up": {"uv": [15, 11, 14, 10.5], "texture": "#0"},
				"down": {"uv": [15, 11, 14, 11.5], "texture": "#0"}
			}
		},
		{
			"from": [13, 6, 8],
			"to": [14, 7, 9],
			"faces": {
				"north": {"uv": [15.5, 10, 16, 10.5], "texture": "#0"},
				"east": {"uv": [10.5, 15.5, 11, 16], "texture": "#0"},
				"south": {"uv": [15.5, 10.5, 16, 11], "texture": "#0"},
				"west": {"uv": [11, 15.5, 11.5, 16], "texture": "#0"},
				"up": {"uv": [16, 11.5, 15.5, 11], "texture": "#0"},
				"down": {"uv": [12, 15.5, 11.5, 16], "texture": "#0"}
			}
		},
		{
			"from": [14, 5, 8],
			"to": [15, 7, 9],
			"faces": {
				"north": {"uv": [11.5, 14, 12, 15], "texture": "#0"},
				"east": {"uv": [14, 11.5, 14.5, 12.5], "texture": "#0"},
				"south": {"uv": [12, 14, 12.5, 15], "texture": "#0"},
				"west": {"uv": [14, 12.5, 14.5, 13.5], "texture": "#0"},
				"up": {"uv": [16, 12, 15.5, 11.5], "texture": "#0"},
				"down": {"uv": [12.5, 15.5, 12, 16], "texture": "#0"}
			}
		},
		{
			"from": [13, 4, 8],
			"to": [15, 5, 9],
			"faces": {
				"north": {"uv": [14, 13.5, 15, 14], "texture": "#0"},
				"east": {"uv": [15.5, 12, 16, 12.5], "texture": "#0"},
				"south": {"uv": [14, 14, 15, 14.5], "texture": "#0"},
				"west": {"uv": [12.5, 15.5, 13, 16], "texture": "#0"},
				"up": {"uv": [15.5, 0.5, 14.5, 0], "texture": "#0"},
				"down": {"uv": [15.5, 0.5, 14.5, 1], "texture": "#0"}
			}
		}
	],
	"display": {
		"thirdperson_righthand": {
			"translation": [0, 3, 0],
			"scale": [0.46, 0.46, 0.46]
		},
		"thirdperson_lefthand": {
			"translation": [0, 3, 0],
			"scale": [0.46, 0.46, 0.46]
		},
		"firstperson_righthand": {
			"rotation": [-20, 136, 0],
			"translation": [0, 3, 0],
			"scale": [0.46, 0.46, 0.46]
		},
		"firstperson_lefthand": {
			"rotation": [-20, 136, 0],
			"translation": [0, 3, 0],
			"scale": [0.46, 0.46, 0.46]
		},
		"ground": {
			"translation": [0, 1.25, 0],
			"scale": [0.59, 0.59, 0.59]
		},
		"gui": {
			"rotation": [-3, 163, 9],
			"translation": [0.25, 0.75, 0],
			"scale": [0.9, 0.9, 0.9]
		},
		"head": {
			"translation": [0, 13, 0]
		},
		"fixed": {
			"rotation": [-90, 0, 0],
			"translation": [0, 0, -12.75],
			"scale": [1.63, 1.63, 1.63]
		}
	},
	"groups": [
		{
			"name": "Octopus",
			"origin": [0, 0, 0],
			"color": 0,
			"children": [0, 1, 2, 3, 4, 5, 6, 7, 8, 9, 10, 11, 12, 13, 14, 15, 16, 17, 18, 19, 20, 21, 22, 23, 24, 25, 26, 27, 28, 29, 30, 31, 32, 33, 34, 35, 36, 37, 38, 39, 40, 41, 42, 43, 44, 45, 46, 47, 48]
		},
		{
			"name": "Coin2",
			"origin": [-14, 0, 1],
			"color": 0,
			"children": [49, 50, 51]
		},
		{
			"name": "Coin",
			"origin": [0, 0, 0],
			"color": 0,
			"children": [52, 53, 54]
		}
	]
}