{
	"credit": "Made with Blockbench",
	"textures": {
		"0": "hc_bday:item/hattexture",
		"particle": "hc_bday:item/hattexture"
	},
	"elements": [
		{
			"from": [6.5, 12, 3],
			"to": [10.5, 13, 7],
			"faces": {
				"north": {"uv": [7, 1, 11, 2], "texture": "#0"},
				"east": {"uv": [7, 0, 11, 1], "texture": "#0"},
				"south": {"uv": [7, 3, 11, 4], "texture": "#0"},
				"west": {"uv": [7, 2, 11, 3], "texture": "#0"},
				"up": {"uv": [7, 8, 11, 12], "texture": "#0"},
				"down": {"uv": [7, 12, 11, 16], "texture": "#0"}
			}
		},
		{
			"from": [7, 13, 3.5],
			"to": [10, 15, 6.5],
			"faces": {
				"north": {"uv": [4, 6, 7, 8], "texture": "#0"},
				"east": {"uv": [4, 0, 7, 2], "texture": "#0"},
				"south": {"uv": [4, 4, 7, 6], "texture": "#0"},
				"west": {"uv": [4, 2, 7, 4], "texture": "#0"},
				"up": {"uv": [4, 13, 7, 16], "texture": "#0"},
				"down": {"uv": [4, 8, 7, 11], "texture": "#0"}
			}
		},
		{
			"from": [7.5, 15, 4],
			"to": [9.5, 17, 6],
			"faces": {
				"north": {"uv": [2, 6, 4, 8], "texture": "#0"},
				"east": {"uv": [2, 4, 4, 6], "texture": "#0"},
				"south": {"uv": [2, 8, 4, 10], "texture": "#0"},
				"west": {"uv": [2, 10, 4, 12], "texture": "#0"},
				"up": {"uv": [2, 0, 4, 2], "texture": "#0"},
				"down": {"uv": [2, 2, 4, 4], "texture": "#0"}
			}
		},
		{
			"from": [8, 17, 4.5],
			"to": [9, 18, 5.5],
			"faces": {
				"north": {"uv": [0, 0, 1, 1], "texture": "#0"},
				"east": {"uv": [0, 5, 1, 6], "texture": "#0"},
				"south": {"uv": [0, 1, 1, 2], "texture": "#0"},
				"west": {"uv": [0, 2, 1, 3], "texture": "#0"},
				"up": {"uv": [0, 3, 1, 4], "texture": "#0"},
				"down": {"uv": [0, 4, 1, 5], "texture": "#0"}
			}
		},
		{
			"from": [6, 10, 2.5],
			"to": [11, 12, 7.5],
			"faces": {
				"north": {"uv": [6, 6, 11, 8], "texture": "#0"},
				"east": {"uv": [11, 0, 16, 2], "texture": "#0"},
				"south": {"uv": [11, 14, 16, 16], "texture": "#0"},
				"west": {"uv": [11, 12, 16, 14], "texture": "#0"},
				"up": {"uv": [11, 7, 16, 12], "texture": "#0"},
				"down": {"uv": [11, 2, 16, 7], "texture": "#0"}
			}
		},
		{
			"from": [8, 0, 11],
			"to": [9, 1, 16],
			"faces": {
				"north": {"uv": [0, 10, 1, 11], "texture": "#0"},
				"east": {"uv": [0, 12, 5, 13], "texture": "#0"},
				"south": {"uv": [0, 11, 1, 12], "texture": "#0"},
				"west": {"uv": [0, 13, 5, 14], "texture": "#0"},
				"up": {"uv": [1, 12, 2, 7], "texture": "#0"},
				"down": {"uv": [1, 2, 2, 7], "texture": "#0"}
			}
		}
	],
	"display": {
		"thirdperson_righthand": {
			"translation": [0, 3.75, 0.5],
			"scale": [0.5, 0.5, 0.5]
		},
		"thirdperson_lefthand": {
			"translation": [0, 3.75, 0.5],
			"scale": [0.5, 0.5, 0.5]
		},
		"firstperson_righthand": {
			"translation": [0, 2.25, 0],
			"scale": [0.5, 0.5, 0.5]
		},
		"firstperson_lefthand": {
			"translation": [0, 2.25, 0],
			"scale": [0.5, 0.5, 0.5]
		},
		"ground": {
			"translation": [0, 2.25, 0],
			"scale": [0.3, 0.3, 0.3]
		},
		"gui": {
			"rotation": [29, -44, 0],
			"translation": [0, 0.75, 0],
			"scale": [0.6, 0.6, 0.6]
		},
		"head": {
			"rotation": [0, -180, 0],
			"translation": [0.75, 4.25, -3.25],
			"scale": [1.1, 1.1, 1.1]
		},
		"fixed": {
			"translation": [0, 0.75, 0],
			"scale": [0.75, 0.75, 0.75]
		}
	}
}