{
	"credit": "Made with Blockbench",
	"parent": "minecraft:block/orientable",
	"texture_size": [64, 64],
	"textures": {
		"0": "block/bigdious_animated_head",
		"particle": "block/bigdious_animated_head"
	},
	"elements": [
		{
			"name": "frame1",
			"from": [4, 4, -12],
			"to": [12, 12, -4],
			"rotation": {"angle": 0, "axis": "y", "origin": [8, 8, -8]},
			"faces": {
				"north": {"uv": [0, 0, 2, 2], "texture": "#0"},
				"east": {"uv": [0, 0, 2, 2], "texture": "#0"},
				"south": {"uv": [0, 0, 2, 2], "texture": "#0"},
				"west": {"uv": [0, 0, 2, 2], "texture": "#0"},
				"up": {"uv": [0, 0, 2, 2], "texture": "#0"},
				"down": {"uv": [0, 0, 2, 2], "texture": "#0"}
			}
		},
		{
			"name": "frame2",
			"from": [9, 4, -11],
			"to": [17, 12, -3],
			"rotation": {"angle": 0, "axis": "y", "origin": [0, 0, 8]},
			"faces": {
				"north": {"uv": [2, 0, 4, 2], "texture": "#0"},
				"east": {"uv": [2, 0, 4, 2], "texture": "#0"},
				"south": {"uv": [2, 0, 4, 2], "texture": "#0"},
				"west": {"uv": [2, 0, 4, 2], "texture": "#0"},
				"up": {"uv": [2, 0, 4, 2], "texture": "#0"},
				"down": {"uv": [2, 0, 4, 2], "texture": "#0"}
			}
		},
		{
			"name": "frame3",
			"from": [13, 4, -10],
			"to": [21, 12, -2],
			"rotation": {"angle": 0, "axis": "y", "origin": [0, 0, 8]},
			"faces": {
				"north": {"uv": [4, 0, 6, 2], "texture": "#0"},
				"east": {"uv": [4, 0, 6, 2], "texture": "#0"},
				"south": {"uv": [4, 0, 6, 2], "texture": "#0"},
				"west": {"uv": [4, 0, 6, 2], "texture": "#0"},
				"up": {"uv": [4, 0, 6, 2], "texture": "#0"},
				"down": {"uv": [4, 0, 6, 2], "texture": "#0"}
			}
		},
		{
			"name": "frame4",
			"from": [18, 4, -5],
			"to": [26, 12, 3],
			"rotation": {"angle": 0, "axis": "y", "origin": [0, 0, 8]},
			"faces": {
				"north": {"uv": [6, 0, 8, 2], "texture": "#0"},
				"east": {"uv": [6, 0, 8, 2], "texture": "#0"},
				"south": {"uv": [6, 0, 8, 2], "texture": "#0"},
				"west": {"uv": [6, 0, 8, 2], "texture": "#0"},
				"up": {"uv": [6, 0, 8, 2], "texture": "#0"},
				"down": {"uv": [6, 0, 8, 2], "texture": "#0"}
			}
		},
		{
			"name": "frame5",
			"from": [19, 4, -2],
			"to": [27, 12, 6],
			"rotation": {"angle": 0, "axis": "y", "origin": [0, 0, 8]},
			"faces": {
				"north": {"uv": [8, 0, 10, 2], "texture": "#0"},
				"east": {"uv": [8, 0, 10, 2], "texture": "#0"},
				"south": {"uv": [8, 0, 10, 2], "texture": "#0"},
				"west": {"uv": [8, 0, 10, 2], "texture": "#0"},
				"up": {"uv": [8, 0, 10, 2], "texture": "#0"},
				"down": {"uv": [8, 0, 10, 2], "texture": "#0"}
			}
		},
		{
			"name": "frame6",
			"from": [20, 4, 4],
			"to": [28, 12, 12],
			"rotation": {"angle": 0, "axis": "y", "origin": [0, 0, 8]},
			"faces": {
				"north": {"uv": [10, 0, 12, 2], "texture": "#0"},
				"east": {"uv": [10, 0, 12, 2], "texture": "#0"},
				"south": {"uv": [10, 0, 12, 2], "texture": "#0"},
				"west": {"uv": [10, 0, 12, 2], "texture": "#0"},
				"up": {"uv": [10, 0, 12, 2], "texture": "#0"},
				"down": {"uv": [10, 0, 12, 2], "texture": "#0"}
			}
		},
		{
			"name": "frame7",
			"from": [19, 4, 9],
			"to": [27, 12, 17],
			"rotation": {"angle": 0, "axis": "y", "origin": [0, 0, 8]},
			"faces": {
				"north": {"uv": [12, 0, 14, 2], "texture": "#0"},
				"east": {"uv": [12, 0, 14, 2], "texture": "#0"},
				"south": {"uv": [12, 0, 14, 2], "texture": "#0"},
				"west": {"uv": [12, 0, 14, 2], "texture": "#0"},
				"up": {"uv": [12, 0, 14, 2], "texture": "#0"},
				"down": {"uv": [12, 0, 14, 2], "texture": "#0"}
			}
		},
		{
			"name": "frame8",
			"from": [18, 4, 13],
			"to": [26, 12, 21],
			"rotation": {"angle": 0, "axis": "y", "origin": [0, 0, 8]},
			"faces": {
				"north": {"uv": [14, 0, 16, 2], "texture": "#0"},
				"east": {"uv": [14, 0, 16, 2], "texture": "#0"},
				"south": {"uv": [14, 0, 16, 2], "texture": "#0"},
				"west": {"uv": [14, 0, 16, 2], "texture": "#0"},
				"up": {"uv": [14, 0, 16, 2], "texture": "#0"},
				"down": {"uv": [14, 0, 16, 2], "texture": "#0"}
			}
		},
		{
			"name": "frame9",
			"from": [13, 4, 18],
			"to": [21, 12, 26],
			"rotation": {"angle": 0, "axis": "y", "origin": [0, 0, 8]},
			"faces": {
				"north": {"uv": [0, 2, 2, 4], "texture": "#0"},
				"east": {"uv": [0, 2, 2, 4], "texture": "#0"},
				"south": {"uv": [0, 2, 2, 4], "texture": "#0"},
				"west": {"uv": [0, 2, 2, 4], "texture": "#0"},
				"up": {"uv": [0, 2, 2, 4], "texture": "#0"},
				"down": {"uv": [0, 2, 2, 4], "texture": "#0"}
			}
		},
		{
			"name": "frame10",
			"from": [9, 4, 19],
			"to": [17, 12, 27],
			"rotation": {"angle": 0, "axis": "y", "origin": [0, 0, 8]},
			"faces": {
				"north": {"uv": [2, 2, 4, 4], "texture": "#0"},
				"east": {"uv": [2, 2, 4, 4], "texture": "#0"},
				"south": {"uv": [2, 2, 4, 4], "texture": "#0"},
				"west": {"uv": [2, 2, 4, 4], "texture": "#0"},
				"up": {"uv": [2, 2, 4, 4], "texture": "#0"},
				"down": {"uv": [2, 2, 4, 4], "texture": "#0"}
			}
		},
		{
			"name": "frame11",
			"from": [4, 4, 20],
			"to": [12, 12, 28],
			"rotation": {"angle": 0, "axis": "y", "origin": [0, 0, 8]},
			"faces": {
				"north": {"uv": [4, 2, 6, 4], "texture": "#0"},
				"east": {"uv": [4, 2, 6, 4], "texture": "#0"},
				"south": {"uv": [4, 2, 6, 4], "texture": "#0"},
				"west": {"uv": [4, 2, 6, 4], "texture": "#0"},
				"up": {"uv": [4, 2, 6, 4], "texture": "#0"},
				"down": {"uv": [4, 2, 6, 4], "texture": "#0"}
			}
		},
		{
			"name": "frame12",
			"from": [-1, 4, 19],
			"to": [7, 12, 27],
			"rotation": {"angle": 0, "axis": "y", "origin": [0, 0, 8]},
			"faces": {
				"north": {"uv": [6, 2, 8, 4], "texture": "#0"},
				"east": {"uv": [6, 2, 8, 4], "texture": "#0"},
				"south": {"uv": [6, 2, 8, 4], "texture": "#0"},
				"west": {"uv": [6, 2, 8, 4], "texture": "#0"},
				"up": {"uv": [6, 2, 8, 4], "texture": "#0"},
				"down": {"uv": [6, 2, 8, 4], "texture": "#0"}
			}
		},
		{
			"name": "frame13",
			"from": [-5, 4, 18],
			"to": [3, 12, 26],
			"rotation": {"angle": 0, "axis": "y", "origin": [0, 0, 8]},
			"faces": {
				"north": {"uv": [8, 2, 10, 4], "texture": "#0"},
				"east": {"uv": [8, 2, 10, 4], "texture": "#0"},
				"south": {"uv": [8, 2, 10, 4], "texture": "#0"},
				"west": {"uv": [8, 2, 10, 4], "texture": "#0"},
				"up": {"uv": [8, 2, 10, 4], "texture": "#0"},
				"down": {"uv": [8, 2, 10, 4], "texture": "#0"}
			}
		},
		{
			"name": "frame14",
			"from": [-10, 4, 13],
			"to": [-2, 12, 21],
			"rotation": {"angle": 0, "axis": "y", "origin": [0, 0, 8]},
			"faces": {
				"north": {"uv": [10, 2, 12, 4], "texture": "#0"},
				"east": {"uv": [10, 2, 12, 4], "texture": "#0"},
				"south": {"uv": [10, 2, 12, 4], "texture": "#0"},
				"west": {"uv": [10, 2, 12, 4], "texture": "#0"},
				"up": {"uv": [10, 2, 12, 4], "texture": "#0"},
				"down": {"uv": [10, 2, 12, 4], "texture": "#0"}
			}
		},
		{
			"name": "frame15",
			"from": [-11, 4, 10],
			"to": [-3, 12, 18],
			"rotation": {"angle": 0, "axis": "y", "origin": [0, 0, 8]},
			"faces": {
				"north": {"uv": [12, 2, 14, 4], "texture": "#0"},
				"east": {"uv": [12, 2, 14, 4], "texture": "#0"},
				"south": {"uv": [12, 2, 14, 4], "texture": "#0"},
				"west": {"uv": [12, 2, 14, 4], "texture": "#0"},
				"up": {"uv": [12, 2, 14, 4], "texture": "#0"},
				"down": {"uv": [12, 2, 14, 4], "texture": "#0"}
			}
		},
		{
			"name": "frame16",
			"from": [-12, 4, 4],
			"to": [-4, 12, 12],
			"rotation": {"angle": 0, "axis": "y", "origin": [0, 0, 8]},
			"faces": {
				"north": {"uv": [14, 2, 16, 4], "texture": "#0"},
				"east": {"uv": [14, 2, 16, 4], "texture": "#0"},
				"south": {"uv": [14, 2, 16, 4], "texture": "#0"},
				"west": {"uv": [14, 2, 16, 4], "texture": "#0"},
				"up": {"uv": [14, 2, 16, 4], "texture": "#0"},
				"down": {"uv": [14, 2, 16, 4], "texture": "#0"}
			}
		},
		{
			"name": "frame17",
			"from": [-11, 4, -1],
			"to": [-3, 12, 7],
			"rotation": {"angle": 0, "axis": "y", "origin": [0, 0, 8]},
			"faces": {
				"north": {"uv": [0, 4, 2, 6], "texture": "#0"},
				"east": {"uv": [0, 4, 2, 6], "texture": "#0"},
				"south": {"uv": [0, 4, 2, 6], "texture": "#0"},
				"west": {"uv": [0, 4, 2, 6], "texture": "#0"},
				"up": {"uv": [0, 4, 2, 6], "texture": "#0"},
				"down": {"uv": [0, 4, 2, 6], "texture": "#0"}
			}
		},
		{
			"name": "frame18",
			"from": [-10, 4, -5],
			"to": [-2, 12, 3],
			"rotation": {"angle": 0, "axis": "y", "origin": [0, 0, 8]},
			"faces": {
				"north": {"uv": [2, 4, 4, 6], "texture": "#0"},
				"east": {"uv": [2, 4, 4, 6], "texture": "#0"},
				"south": {"uv": [2, 4, 4, 6], "texture": "#0"},
				"west": {"uv": [2, 4, 4, 6], "texture": "#0"},
				"up": {"uv": [2, 4, 4, 6], "texture": "#0"},
				"down": {"uv": [2, 4, 4, 6], "texture": "#0"}
			}
		},
		{
			"name": "frame19",
			"from": [-5, 4, -10],
			"to": [3, 12, -2],
			"rotation": {"angle": 0, "axis": "y", "origin": [0, 0, 8]},
			"faces": {
				"north": {"uv": [4, 4, 6, 6], "texture": "#0"},
				"east": {"uv": [4, 4, 6, 6], "texture": "#0"},
				"south": {"uv": [4, 4, 6, 6], "texture": "#0"},
				"west": {"uv": [4, 4, 6, 6], "texture": "#0"},
				"up": {"uv": [4, 4, 6, 6], "texture": "#0"},
				"down": {"uv": [4, 4, 6, 6], "texture": "#0"}
			}
		},
		{
			"name": "frame20",
			"from": [-1, 4, -11],
			"to": [7, 12, -3],
			"rotation": {"angle": 0, "axis": "y", "origin": [0, 0, 8]},
			"faces": {
				"north": {"uv": [6, 4, 8, 6], "texture": "#0"},
				"east": {"uv": [6, 4, 8, 6], "texture": "#0"},
				"south": {"uv": [6, 4, 8, 6], "texture": "#0"},
				"west": {"uv": [6, 4, 8, 6], "texture": "#0"},
				"up": {"uv": [6, 4, 8, 6], "texture": "#0"},
				"down": {"uv": [6, 4, 8, 6], "texture": "#0"}
			}
		},
		{
			"name": "frame2",
			"from": [15.31371, 15.31371, 4],
			"to": [23.31371, 23.31371, 12],
			"rotation": {"angle": -22.5, "axis": "y", "origin": [8, 8, 8]},
			"faces": {
				"north": {"uv": [0, 0, 2, 2], "texture": "#0"},
				"east": {"uv": [0, 0, 2, 2], "texture": "#0"},
				"south": {"uv": [0, 0, 2, 2], "texture": "#0"},
				"west": {"uv": [0, 0, 2, 2], "texture": "#0"},
				"up": {"uv": [0, 0, 2, 2], "rotation": 90, "texture": "#0"},
				"down": {"uv": [0, 0, 2, 2], "rotation": 270, "texture": "#0"}
			}
		},
		{
			"name": "frame3",
			"from": [14.6066, 14.6066, 9],
			"to": [22.6066, 22.6066, 17],
			"rotation": {"angle": -22.5, "axis": "y", "origin": [8, 8, 8]},
			"faces": {
				"north": {"uv": [2, 0, 4, 2], "texture": "#0"},
				"east": {"uv": [2, 0, 4, 2], "texture": "#0"},
				"south": {"uv": [2, 0, 4, 2], "texture": "#0"},
				"west": {"uv": [2, 0, 4, 2], "texture": "#0"},
				"up": {"uv": [2, 0, 4, 2], "rotation": 90, "texture": "#0"},
				"down": {"uv": [2, 0, 4, 2], "rotation": 270, "texture": "#0"}
			}
		},
		{
			"name": "frame4",
			"from": [13.89949, 13.89949, 13],
			"to": [21.89949, 21.89949, 21],
			"rotation": {"angle": -22.5, "axis": "y", "origin": [8, 8, 8]},
			"faces": {
				"north": {"uv": [4, 0, 6, 2], "texture": "#0"},
				"east": {"uv": [4, 0, 6, 2], "texture": "#0"},
				"south": {"uv": [4, 0, 6, 2], "texture": "#0"},
				"west": {"uv": [4, 0, 6, 2], "texture": "#0"},
				"up": {"uv": [4, 0, 6, 2], "rotation": 90, "texture": "#0"},
				"down": {"uv": [4, 0, 6, 2], "rotation": 270, "texture": "#0"}
			}
		},
		{
			"name": "frame5",
			"from": [10.36396, 10.36396, 18],
			"to": [18.36396, 18.36396, 26],
			"rotation": {"angle": -22.5, "axis": "y", "origin": [8, 8, 8]},
			"faces": {
				"north": {"uv": [6, 0, 8, 2], "texture": "#0"},
				"east": {"uv": [6, 0, 8, 2], "texture": "#0"},
				"south": {"uv": [6, 0, 8, 2], "texture": "#0"},
				"west": {"uv": [6, 0, 8, 2], "texture": "#0"},
				"up": {"uv": [6, 0, 8, 2], "rotation": 90, "texture": "#0"},
				"down": {"uv": [6, 0, 8, 2], "rotation": 270, "texture": "#0"}
			}
		},
		{
			"name": "frame6",
			"from": [8.24264, 8.24264, 19],
			"to": [16.24264, 16.24264, 27],
			"rotation": {"angle": -22.5, "axis": "y", "origin": [8, 8, 8]},
			"faces": {
				"north": {"uv": [8, 0, 10, 2], "texture": "#0"},
				"east": {"uv": [8, 0, 10, 2], "texture": "#0"},
				"south": {"uv": [8, 0, 10, 2], "texture": "#0"},
				"west": {"uv": [8, 0, 10, 2], "texture": "#0"},
				"up": {"uv": [8, 0, 10, 2], "rotation": 90, "texture": "#0"},
				"down": {"uv": [8, 0, 10, 2], "rotation": 270, "texture": "#0"}
			}
		},
		{
			"name": "frame7",
			"from": [4, 4, 20],
			"to": [12, 12, 28],
			"rotation": {"angle": -22.5, "axis": "y", "origin": [8, 8, 8]},
			"faces": {
				"north": {"uv": [10, 0, 12, 2], "texture": "#0"},
				"east": {"uv": [10, 0, 12, 2], "texture": "#0"},
				"south": {"uv": [10, 0, 12, 2], "texture": "#0"},
				"west": {"uv": [10, 0, 12, 2], "texture": "#0"},
				"up": {"uv": [10, 0, 12, 2], "rotation": 90, "texture": "#0"},
				"down": {"uv": [10, 0, 12, 2], "rotation": 270, "texture": "#0"}
			}
		},
		{
			"name": "frame8",
			"from": [0.46447, 0.46447, 19],
			"to": [8.46447, 8.46447, 27],
			"rotation": {"angle": -22.5, "axis": "y", "origin": [8, 8, 8]},
			"faces": {
				"north": {"uv": [12, 0, 14, 2], "texture": "#0"},
				"east": {"uv": [12, 0, 14, 2], "texture": "#0"},
				"south": {"uv": [12, 0, 14, 2], "texture": "#0"},
				"west": {"uv": [12, 0, 14, 2], "texture": "#0"},
				"up": {"uv": [12, 0, 14, 2], "rotation": 90, "texture": "#0"},
				"down": {"uv": [12, 0, 14, 2], "rotation": 270, "texture": "#0"}
			}
		},
		{
			"name": "frame9",
			"from": [-2.36396, -2.36396, 18],
			"to": [5.63604, 5.63604, 26],
			"rotation": {"angle": -22.5, "axis": "y", "origin": [8, 8, 8]},
			"faces": {
				"north": {"uv": [14, 0, 16, 2], "texture": "#0"},
				"east": {"uv": [14, 0, 16, 2], "texture": "#0"},
				"south": {"uv": [14, 0, 16, 2], "texture": "#0"},
				"west": {"uv": [14, 0, 16, 2], "texture": "#0"},
				"up": {"uv": [14, 0, 16, 2], "rotation": 90, "texture": "#0"},
				"down": {"uv": [14, 0, 16, 2], "rotation": 270, "texture": "#0"}
			}
		},
		{
			"name": "frame10",
			"from": [-5.89949, -5.89949, 13],
			"to": [2.10051, 2.10051, 21],
			"rotation": {"angle": -22.5, "axis": "y", "origin": [8, 8, 8]},
			"faces": {
				"north": {"uv": [0, 2, 2, 4], "texture": "#0"},
				"east": {"uv": [0, 2, 2, 4], "texture": "#0"},
				"south": {"uv": [0, 2, 2, 4], "texture": "#0"},
				"west": {"uv": [0, 2, 2, 4], "texture": "#0"},
				"up": {"uv": [0, 2, 2, 4], "rotation": 90, "texture": "#0"},
				"down": {"uv": [0, 2, 2, 4], "rotation": 270, "texture": "#0"}
			}
		},
		{
			"name": "frame11",
			"from": [-6.6066, -6.6066, 9],
			"to": [1.3934, 1.3934, 17],
			"rotation": {"angle": -22.5, "axis": "y", "origin": [8, 8, 8]},
			"faces": {
				"north": {"uv": [2, 2, 4, 4], "texture": "#0"},
				"east": {"uv": [2, 2, 4, 4], "texture": "#0"},
				"south": {"uv": [2, 2, 4, 4], "texture": "#0"},
				"west": {"uv": [2, 2, 4, 4], "texture": "#0"},
				"up": {"uv": [2, 2, 4, 4], "rotation": 90, "texture": "#0"},
				"down": {"uv": [2, 2, 4, 4], "rotation": 270, "texture": "#0"}
			}
		},
		{
			"name": "frame12",
			"from": [-7.31371, -7.31371, 4],
			"to": [0.68629, 0.68629, 12],
			"rotation": {"angle": -22.5, "axis": "y", "origin": [8, 8, 8]},
			"faces": {
				"north": {"uv": [4, 2, 6, 4], "texture": "#0"},
				"east": {"uv": [4, 2, 6, 4], "texture": "#0"},
				"south": {"uv": [4, 2, 6, 4], "texture": "#0"},
				"west": {"uv": [4, 2, 6, 4], "texture": "#0"},
				"up": {"uv": [4, 2, 6, 4], "rotation": 90, "texture": "#0"},
				"down": {"uv": [4, 2, 6, 4], "rotation": 270, "texture": "#0"}
			}
		},
		{
			"name": "frame13",
			"from": [-6.6066, -6.6066, -1],
			"to": [1.3934, 1.3934, 7],
			"rotation": {"angle": -22.5, "axis": "y", "origin": [8, 8, 8]},
			"faces": {
				"north": {"uv": [6, 2, 8, 4], "texture": "#0"},
				"east": {"uv": [6, 2, 8, 4], "texture": "#0"},
				"south": {"uv": [6, 2, 8, 4], "texture": "#0"},
				"west": {"uv": [6, 2, 8, 4], "texture": "#0"},
				"up": {"uv": [6, 2, 8, 4], "rotation": 90, "texture": "#0"},
				"down": {"uv": [6, 2, 8, 4], "rotation": 270, "texture": "#0"}
			}
		},
		{
			"name": "frame14",
			"from": [-5.89949, -5.89949, -5],
			"to": [2.10051, 2.10051, 3],
			"rotation": {"angle": -22.5, "axis": "y", "origin": [8, 8, 8]},
			"faces": {
				"north": {"uv": [8, 2, 10, 4], "texture": "#0"},
				"east": {"uv": [8, 2, 10, 4], "texture": "#0"},
				"south": {"uv": [8, 2, 10, 4], "texture": "#0"},
				"west": {"uv": [8, 2, 10, 4], "texture": "#0"},
				"up": {"uv": [8, 2, 10, 4], "rotation": 90, "texture": "#0"},
				"down": {"uv": [8, 2, 10, 4], "rotation": 270, "texture": "#0"}
			}
		},
		{
			"name": "frame15",
			"from": [-2.36396, -2.36396, -10],
			"to": [5.63604, 5.63604, -2],
			"rotation": {"angle": -22.5, "axis": "y", "origin": [8, 8, 8]},
			"faces": {
				"north": {"uv": [10, 2, 12, 4], "texture": "#0"},
				"east": {"uv": [10, 2, 12, 4], "texture": "#0"},
				"south": {"uv": [10, 2, 12, 4], "texture": "#0"},
				"west": {"uv": [10, 2, 12, 4], "texture": "#0"},
				"up": {"uv": [10, 2, 12, 4], "rotation": 90, "texture": "#0"},
				"down": {"uv": [10, 2, 12, 4], "rotation": 270, "texture": "#0"}
			}
		},
		{
			"name": "frame16",
			"from": [-0.24264, -0.24264, -11],
			"to": [7.75736, 7.75736, -3],
			"rotation": {"angle": -22.5, "axis": "y", "origin": [8, 8, 8]},
			"faces": {
				"north": {"uv": [12, 2, 14, 4], "texture": "#0"},
				"east": {"uv": [12, 2, 14, 4], "texture": "#0"},
				"south": {"uv": [12, 2, 14, 4], "texture": "#0"},
				"west": {"uv": [12, 2, 14, 4], "texture": "#0"},
				"up": {"uv": [12, 2, 14, 4], "rotation": 90, "texture": "#0"},
				"down": {"uv": [12, 2, 14, 4], "rotation": 270, "texture": "#0"}
			}
		},
		{
			"name": "frame17",
			"from": [4, 4, -12],
			"to": [12, 12, -4],
			"rotation": {"angle": -22.5, "axis": "y", "origin": [8, 8, 8]},
			"faces": {
				"north": {"uv": [14, 2, 16, 4], "texture": "#0"},
				"east": {"uv": [14, 2, 16, 4], "texture": "#0"},
				"south": {"uv": [14, 2, 16, 4], "texture": "#0"},
				"west": {"uv": [14, 2, 16, 4], "texture": "#0"},
				"up": {"uv": [14, 2, 16, 4], "rotation": 90, "texture": "#0"},
				"down": {"uv": [14, 2, 16, 4], "rotation": 270, "texture": "#0"}
			}
		},
		{
			"name": "frame18",
			"from": [7.53553, 7.53553, -11],
			"to": [15.53553, 15.53553, -3],
			"rotation": {"angle": -22.5, "axis": "y", "origin": [8, 8, 8]},
			"faces": {
				"north": {"uv": [0, 4, 2, 6], "texture": "#0"},
				"east": {"uv": [0, 4, 2, 6], "texture": "#0"},
				"south": {"uv": [0, 4, 2, 6], "texture": "#0"},
				"west": {"uv": [0, 4, 2, 6], "texture": "#0"},
				"up": {"uv": [0, 4, 2, 6], "rotation": 90, "texture": "#0"},
				"down": {"uv": [0, 4, 2, 6], "rotation": 270, "texture": "#0"}
			}
		},
		{
			"name": "frame19",
			"from": [10.36396, 10.36396, -10],
			"to": [18.36396, 18.36396, -2],
			"rotation": {"angle": -22.5, "axis": "y", "origin": [8, 8, 8]},
			"faces": {
				"north": {"uv": [2, 4, 4, 6], "texture": "#0"},
				"east": {"uv": [2, 4, 4, 6], "texture": "#0"},
				"south": {"uv": [2, 4, 4, 6], "texture": "#0"},
				"west": {"uv": [2, 4, 4, 6], "texture": "#0"},
				"up": {"uv": [2, 4, 4, 6], "rotation": 90, "texture": "#0"},
				"down": {"uv": [2, 4, 4, 6], "rotation": 270, "texture": "#0"}
			}
		},
		{
			"name": "frame20",
			"from": [13.89949, 13.89949, -5],
			"to": [21.89949, 21.89949, 3],
			"rotation": {"angle": -22.5, "axis": "y", "origin": [8, 8, 8]},
			"faces": {
				"north": {"uv": [4, 4, 6, 6], "texture": "#0"},
				"east": {"uv": [4, 4, 6, 6], "texture": "#0"},
				"south": {"uv": [4, 4, 6, 6], "texture": "#0"},
				"west": {"uv": [4, 4, 6, 6], "texture": "#0"},
				"up": {"uv": [4, 4, 6, 6], "rotation": 90, "texture": "#0"},
				"down": {"uv": [4, 4, 6, 6], "rotation": 270, "texture": "#0"}
			}
		},
		{
			"name": "frame21",
			"from": [14.6066, 14.6066, -1],
			"to": [22.6066, 22.6066, 7],
			"rotation": {"angle": -22.5, "axis": "y", "origin": [8, 8, 8]},
			"faces": {
				"north": {"uv": [6, 4, 8, 6], "texture": "#0"},
				"east": {"uv": [6, 4, 8, 6], "texture": "#0"},
				"south": {"uv": [6, 4, 8, 6], "texture": "#0"},
				"west": {"uv": [6, 4, 8, 6], "texture": "#0"},
				"up": {"uv": [6, 4, 8, 6], "rotation": 90, "texture": "#0"},
				"down": {"uv": [6, 4, 8, 6], "rotation": 270, "texture": "#0"}
			}
		},
		{
			"name": "frame2",
			"from": [15.31371, -7.31371, 4],
			"to": [23.31371, 0.68629, 12],
			"rotation": {"angle": 22.5, "axis": "y", "origin": [8, 8, 8]},
			"faces": {
				"north": {"uv": [2, 0, 0, 2], "texture": "#0"},
				"east": {"uv": [2, 0, 0, 2], "texture": "#0"},
				"south": {"uv": [2, 0, 0, 2], "texture": "#0"},
				"west": {"uv": [2, 0, 0, 2], "texture": "#0"},
				"up": {"uv": [2, 0, 0, 2], "rotation": 90, "texture": "#0"},
				"down": {"uv": [2, 0, 0, 2], "rotation": 270, "texture": "#0"}
			}
		},
		{
			"name": "frame3",
			"from": [14.6066, -6.6066, -1],
			"to": [22.6066, 1.3934, 7],
			"rotation": {"angle": 22.5, "axis": "y", "origin": [8, 8, 8]},
			"faces": {
				"north": {"uv": [4, 0, 2, 2], "texture": "#0"},
				"east": {"uv": [4, 0, 2, 2], "texture": "#0"},
				"south": {"uv": [4, 0, 2, 2], "texture": "#0"},
				"west": {"uv": [4, 0, 2, 2], "texture": "#0"},
				"up": {"uv": [4, 0, 2, 2], "rotation": 90, "texture": "#0"},
				"down": {"uv": [4, 0, 2, 2], "rotation": 270, "texture": "#0"}
			}
		},
		{
			"name": "frame4",
			"from": [13.89949, -5.89949, -5],
			"to": [21.89949, 2.10051, 3],
			"rotation": {"angle": 22.5, "axis": "y", "origin": [8, 8, 8]},
			"faces": {
				"north": {"uv": [6, 0, 4, 2], "texture": "#0"},
				"east": {"uv": [6, 0, 4, 2], "texture": "#0"},
				"south": {"uv": [6, 0, 4, 2], "texture": "#0"},
				"west": {"uv": [6, 0, 4, 2], "texture": "#0"},
				"up": {"uv": [6, 0, 4, 2], "rotation": 90, "texture": "#0"},
				"down": {"uv": [6, 0, 4, 2], "rotation": 270, "texture": "#0"}
			}
		},
		{
			"name": "frame5",
			"from": [10.36396, -2.36396, -10],
			"to": [18.36396, 5.63604, -2],
			"rotation": {"angle": 22.5, "axis": "y", "origin": [8, 8, 8]},
			"faces": {
				"north": {"uv": [8, 0, 6, 2], "texture": "#0"},
				"east": {"uv": [8, 0, 6, 2], "texture": "#0"},
				"south": {"uv": [8, 0, 6, 2], "texture": "#0"},
				"west": {"uv": [8, 0, 6, 2], "texture": "#0"},
				"up": {"uv": [8, 0, 6, 2], "rotation": 90, "texture": "#0"},
				"down": {"uv": [8, 0, 6, 2], "rotation": 270, "texture": "#0"}
			}
		},
		{
			"name": "frame6",
			"from": [8.24264, -0.24264, -11],
			"to": [16.24264, 7.75736, -3],
			"rotation": {"angle": 22.5, "axis": "y", "origin": [8, 8, 8]},
			"faces": {
				"north": {"uv": [10, 0, 8, 2], "texture": "#0"},
				"east": {"uv": [10, 0, 8, 2], "texture": "#0"},
				"south": {"uv": [10, 0, 8, 2], "texture": "#0"},
				"west": {"uv": [10, 0, 8, 2], "texture": "#0"},
				"up": {"uv": [10, 0, 8, 2], "rotation": 90, "texture": "#0"},
				"down": {"uv": [10, 0, 8, 2], "rotation": 270, "texture": "#0"}
			}
		},
		{
			"name": "frame7",
			"from": [4, 4, -12],
			"to": [12, 12, -4],
			"rotation": {"angle": 22.5, "axis": "y", "origin": [8, 8, 8]},
			"faces": {
				"north": {"uv": [12, 0, 10, 2], "texture": "#0"},
				"east": {"uv": [12, 0, 10, 2], "texture": "#0"},
				"south": {"uv": [12, 0, 10, 2], "texture": "#0"},
				"west": {"uv": [12, 0, 10, 2], "texture": "#0"},
				"up": {"uv": [12, 0, 10, 2], "rotation": 90, "texture": "#0"},
				"down": {"uv": [12, 0, 10, 2], "rotation": 270, "texture": "#0"}
			}
		},
		{
			"name": "frame8",
			"from": [0.46447, 7.53553, -11],
			"to": [8.46447, 15.53553, -3],
			"rotation": {"angle": 22.5, "axis": "y", "origin": [8, 8, 8]},
			"faces": {
				"north": {"uv": [14, 0, 12, 2], "texture": "#0"},
				"east": {"uv": [14, 0, 12, 2], "texture": "#0"},
				"south": {"uv": [14, 0, 12, 2], "texture": "#0"},
				"west": {"uv": [14, 0, 12, 2], "texture": "#0"},
				"up": {"uv": [14, 0, 12, 2], "rotation": 90, "texture": "#0"},
				"down": {"uv": [14, 0, 12, 2], "rotation": 270, "texture": "#0"}
			}
		},
		{
			"name": "frame9",
			"from": [-2.36396, 10.36396, -10],
			"to": [5.63604, 18.36396, -2],
			"rotation": {"angle": 22.5, "axis": "y", "origin": [8, 8, 8]},
			"faces": {
				"north": {"uv": [16, 0, 14, 2], "texture": "#0"},
				"east": {"uv": [16, 0, 14, 2], "texture": "#0"},
				"south": {"uv": [16, 0, 14, 2], "texture": "#0"},
				"west": {"uv": [16, 0, 14, 2], "texture": "#0"},
				"up": {"uv": [16, 0, 14, 2], "rotation": 90, "texture": "#0"},
				"down": {"uv": [16, 0, 14, 2], "rotation": 270, "texture": "#0"}
			}
		},
		{
			"name": "frame10",
			"from": [-5.89949, 13.89949, -5],
			"to": [2.10051, 21.89949, 3],
			"rotation": {"angle": 22.5, "axis": "y", "origin": [8, 8, 8]},
			"faces": {
				"north": {"uv": [2, 2, 0, 4], "texture": "#0"},
				"east": {"uv": [2, 2, 0, 4], "texture": "#0"},
				"south": {"uv": [2, 2, 0, 4], "texture": "#0"},
				"west": {"uv": [2, 2, 0, 4], "texture": "#0"},
				"up": {"uv": [2, 2, 0, 4], "rotation": 90, "texture": "#0"},
				"down": {"uv": [2, 2, 0, 4], "rotation": 270, "texture": "#0"}
			}
		},
		{
			"name": "frame11",
			"from": [-6.6066, 14.6066, -1],
			"to": [1.3934, 22.6066, 7],
			"rotation": {"angle": 22.5, "axis": "y", "origin": [8, 8, 8]},
			"faces": {
				"north": {"uv": [4, 2, 2, 4], "texture": "#0"},
				"east": {"uv": [4, 2, 2, 4], "texture": "#0"},
				"south": {"uv": [4, 2, 2, 4], "texture": "#0"},
				"west": {"uv": [4, 2, 2, 4], "texture": "#0"},
				"up": {"uv": [4, 2, 2, 4], "rotation": 90, "texture": "#0"},
				"down": {"uv": [4, 2, 2, 4], "rotation": 270, "texture": "#0"}
			}
		},
		{
			"name": "frame12",
			"from": [-7.31371, 15.31371, 4],
			"to": [0.68629, 23.31371, 12],
			"rotation": {"angle": 22.5, "axis": "y", "origin": [8, 8, 8]},
			"faces": {
				"north": {"uv": [6, 2, 4, 4], "texture": "#0"},
				"east": {"uv": [6, 2, 4, 4], "texture": "#0"},
				"south": {"uv": [6, 2, 4, 4], "texture": "#0"},
				"west": {"uv": [6, 2, 4, 4], "texture": "#0"},
				"up": {"uv": [6, 2, 4, 4], "rotation": 90, "texture": "#0"},
				"down": {"uv": [6, 2, 4, 4], "rotation": 270, "texture": "#0"}
			}
		},
		{
			"name": "frame13",
			"from": [-6.6066, 14.6066, 9],
			"to": [1.3934, 22.6066, 17],
			"rotation": {"angle": 22.5, "axis": "y", "origin": [8, 8, 8]},
			"faces": {
				"north": {"uv": [8, 2, 6, 4], "texture": "#0"},
				"east": {"uv": [8, 2, 6, 4], "texture": "#0"},
				"south": {"uv": [8, 2, 6, 4], "texture": "#0"},
				"west": {"uv": [8, 2, 6, 4], "texture": "#0"},
				"up": {"uv": [8, 2, 6, 4], "rotation": 90, "texture": "#0"},
				"down": {"uv": [8, 2, 6, 4], "rotation": 270, "texture": "#0"}
			}
		},
		{
			"name": "frame14",
			"from": [-5.89949, 13.89949, 13],
			"to": [2.10051, 21.89949, 21],
			"rotation": {"angle": 22.5, "axis": "y", "origin": [8, 8, 8]},
			"faces": {
				"north": {"uv": [10, 2, 8, 4], "texture": "#0"},
				"east": {"uv": [10, 2, 8, 4], "texture": "#0"},
				"south": {"uv": [10, 2, 8, 4], "texture": "#0"},
				"west": {"uv": [10, 2, 8, 4], "texture": "#0"},
				"up": {"uv": [10, 2, 8, 4], "rotation": 90, "texture": "#0"},
				"down": {"uv": [10, 2, 8, 4], "rotation": 270, "texture": "#0"}
			}
		},
		{
			"name": "frame15",
			"from": [-2.36396, 10.36396, 18],
			"to": [5.63604, 18.36396, 26],
			"rotation": {"angle": 22.5, "axis": "y", "origin": [8, 8, 8]},
			"faces": {
				"north": {"uv": [12, 2, 10, 4], "texture": "#0"},
				"east": {"uv": [12, 2, 10, 4], "texture": "#0"},
				"south": {"uv": [12, 2, 10, 4], "texture": "#0"},
				"west": {"uv": [12, 2, 10, 4], "texture": "#0"},
				"up": {"uv": [12, 2, 10, 4], "rotation": 90, "texture": "#0"},
				"down": {"uv": [12, 2, 10, 4], "rotation": 270, "texture": "#0"}
			}
		},
		{
			"name": "frame16",
			"from": [-0.24264, 8.24264, 19],
			"to": [7.75736, 16.24264, 27],
			"rotation": {"angle": 22.5, "axis": "y", "origin": [8, 8, 8]},
			"faces": {
				"north": {"uv": [14, 2, 12, 4], "texture": "#0"},
				"east": {"uv": [14, 2, 12, 4], "texture": "#0"},
				"south": {"uv": [14, 2, 12, 4], "texture": "#0"},
				"west": {"uv": [14, 2, 12, 4], "texture": "#0"},
				"up": {"uv": [14, 2, 12, 4], "rotation": 90, "texture": "#0"},
				"down": {"uv": [14, 2, 12, 4], "rotation": 270, "texture": "#0"}
			}
		},
		{
			"name": "frame17",
			"from": [4, 4, 20],
			"to": [12, 12, 28],
			"rotation": {"angle": 22.5, "axis": "y", "origin": [8, 8, 8]},
			"faces": {
				"north": {"uv": [16, 2, 14, 4], "texture": "#0"},
				"east": {"uv": [16, 2, 14, 4], "texture": "#0"},
				"south": {"uv": [16, 2, 14, 4], "texture": "#0"},
				"west": {"uv": [16, 2, 14, 4], "texture": "#0"},
				"up": {"uv": [16, 2, 14, 4], "rotation": 90, "texture": "#0"},
				"down": {"uv": [16, 2, 14, 4], "rotation": 270, "texture": "#0"}
			}
		},
		{
			"name": "frame18",
			"from": [7.53553, 0.46447, 19],
			"to": [15.53553, 8.46447, 27],
			"rotation": {"angle": 22.5, "axis": "y", "origin": [8, 8, 8]},
			"faces": {
				"north": {"uv": [2, 4, 0, 6], "texture": "#0"},
				"east": {"uv": [2, 4, 0, 6], "texture": "#0"},
				"south": {"uv": [2, 4, 0, 6], "texture": "#0"},
				"west": {"uv": [2, 4, 0, 6], "texture": "#0"},
				"up": {"uv": [2, 4, 0, 6], "rotation": 90, "texture": "#0"},
				"down": {"uv": [2, 4, 0, 6], "rotation": 270, "texture": "#0"}
			}
		},
		{
			"name": "frame19",
			"from": [10.36396, -2.36396, 18],
			"to": [18.36396, 5.63604, 26],
			"rotation": {"angle": 22.5, "axis": "y", "origin": [8, 8, 8]},
			"faces": {
				"north": {"uv": [4, 4, 2, 6], "texture": "#0"},
				"east": {"uv": [4, 4, 2, 6], "texture": "#0"},
				"south": {"uv": [4, 4, 2, 6], "texture": "#0"},
				"west": {"uv": [4, 4, 2, 6], "texture": "#0"},
				"up": {"uv": [4, 4, 2, 6], "rotation": 90, "texture": "#0"},
				"down": {"uv": [4, 4, 2, 6], "rotation": 270, "texture": "#0"}
			}
		},
		{
			"name": "frame20",
			"from": [13.89949, -5.89949, 13],
			"to": [21.89949, 2.10051, 21],
			"rotation": {"angle": 22.5, "axis": "y", "origin": [8, 8, 8]},
			"faces": {
				"north": {"uv": [6, 4, 4, 6], "texture": "#0"},
				"east": {"uv": [6, 4, 4, 6], "texture": "#0"},
				"south": {"uv": [6, 4, 4, 6], "texture": "#0"},
				"west": {"uv": [6, 4, 4, 6], "texture": "#0"},
				"up": {"uv": [6, 4, 4, 6], "rotation": 90, "texture": "#0"},
				"down": {"uv": [6, 4, 4, 6], "rotation": 270, "texture": "#0"}
			}
		},
		{
			"name": "frame21",
			"from": [14.6066, -6.6066, 9],
			"to": [22.6066, 1.3934, 17],
			"rotation": {"angle": 22.5, "axis": "y", "origin": [8, 8, 8]},
			"faces": {
				"north": {"uv": [8, 4, 6, 6], "texture": "#0"},
				"east": {"uv": [8, 4, 6, 6], "texture": "#0"},
				"south": {"uv": [8, 4, 6, 6], "texture": "#0"},
				"west": {"uv": [8, 4, 6, 6], "texture": "#0"},
				"up": {"uv": [8, 4, 6, 6], "rotation": 90, "texture": "#0"},
				"down": {"uv": [8, 4, 6, 6], "rotation": 270, "texture": "#0"}
			}
		},
		{
			"from": [3, 14, 3],
			"to": [13, 24, 13],
			"faces": {
				"north": {"uv": [2, 14, 4, 16], "texture": "#0"},
				"east": {"uv": [0, 14, 2, 16], "texture": "#0"},
				"south": {"uv": [6, 14, 8, 16], "texture": "#0"},
				"west": {"uv": [4, 14, 6, 16], "texture": "#0"},
				"up": {"uv": [2, 12, 4, 14], "texture": "#0"},
				"down": {"uv": [4, 12, 6, 14], "texture": "#0"}
			}
		},
		{
			"from": [2, 23, 1],
			"to": [4, 30, 3],
			"faces": {
				"north": {"uv": [1.25, 9, 1.75, 10.5], "texture": "#0"},
				"east": {"uv": [1, 9, 1.5, 10.5], "texture": "#0"},
				"south": {"uv": [1.75, 9, 2.25, 10.5], "texture": "#0"},
				"west": {"uv": [2.5, 9, 3, 10.5], "texture": "#0"},
				"up": {"uv": [1.25, 9, 1.75, 9.25], "texture": "#0"},
				"down": {"uv": [1.25, 9, 1.75, 9.25], "texture": "#0"}
			}
		},
		{
			"from": [12, 23, 1],
			"to": [14, 30, 3],
			"faces": {
				"north": {"uv": [1, 9, 1.5, 10.5], "texture": "#0"},
				"east": {"uv": [2.5, 9.5, 3, 11], "texture": "#0"},
				"south": {"uv": [1.75, 9, 2.25, 10.5], "texture": "#0"},
				"west": {"uv": [2.25, 8.5, 2.75, 10], "texture": "#0"},
				"up": {"uv": [1.25, 9, 1.75, 9.25], "texture": "#0"},
				"down": {"uv": [1.25, 9, 1.75, 9.25], "texture": "#0"}
			}
		},
		{
			"from": [2, 22.01, 3.01],
			"to": [4, 24.01, 6.01],
			"faces": {
				"north": {"uv": [0, 9.25, 0.5, 9.75], "texture": "#0"},
				"east": {"uv": [0, 9.25, 0.75, 9.75], "texture": "#0"},
				"south": {"uv": [0, 9.25, 0.5, 9.75], "texture": "#0"},
				"west": {"uv": [0, 9.25, 0.75, 9.75], "texture": "#0"},
				"up": {"uv": [0, 9.25, 0.5, 10], "texture": "#0"},
				"down": {"uv": [0, 9.25, 0.5, 10], "texture": "#0"}
			}
		},
		{
			"from": [2.01, 28.51, 1.51],
			"to": [4.01, 31.51, 3.51],
			"rotation": {"angle": 0, "axis": "x", "origin": [3, 30.01, 4.51]},
			"faces": {
				"north": {"uv": [0.5, 8.75, 1, 9.5], "rotation": 180, "texture": "#0"},
				"east": {"uv": [1.25, 8.75, 2, 9.25], "rotation": 90, "texture": "#0"},
				"south": {"uv": [3, 9.5, 3.5, 10.25], "texture": "#0"},
				"west": {"uv": [0.5, 9.75, 1.25, 10.25], "rotation": 270, "texture": "#0"},
				"up": {"uv": [0, 8.75, 0.5, 9.25], "texture": "#0"},
				"down": {"uv": [0, 9.25, 0.5, 9.75], "rotation": 180, "texture": "#0"}
			}
		},
		{
			"from": [12.01, 28.51, 1.51],
			"to": [14.01, 31.51, 3.51],
			"rotation": {"angle": 0, "axis": "x", "origin": [3, 30.01, 4.51]},
			"faces": {
				"north": {"uv": [2, 11, 2.5, 11.75], "rotation": 180, "texture": "#0"},
				"east": {"uv": [2.75, 9.5, 3.5, 10], "rotation": 90, "texture": "#0"},
				"south": {"uv": [2.25, 10.75, 2.75, 11.5], "texture": "#0"},
				"west": {"uv": [1, 11.5, 1.75, 12], "rotation": 270, "texture": "#0"},
				"up": {"uv": [0, 8.75, 0.5, 9.25], "texture": "#0"},
				"down": {"uv": [0, 9.25, 0.5, 9.75], "rotation": 180, "texture": "#0"}
			}
		},
		{
			"from": [12, 22.01, 3.01],
			"to": [14, 24.01, 6.01],
			"faces": {
				"north": {"uv": [0, 9.25, 0.5, 9.75], "texture": "#0"},
				"east": {"uv": [0, 9.25, 0.75, 9.75], "texture": "#0"},
				"south": {"uv": [0, 9.25, 0.5, 9.75], "texture": "#0"},
				"west": {"uv": [0, 9.25, 0.75, 9.75], "texture": "#0"},
				"up": {"uv": [0, 9.25, 0.5, 10], "texture": "#0"},
				"down": {"uv": [0, 9.25, 0.5, 10], "texture": "#0"}
			}
		},
		{
			"from": [2.5, 19, 2],
			"to": [2.5, 25, 8],
			"faces": {
				"north": {"uv": [0, 0, 0, 1.5], "texture": "#0"},
				"east": {"uv": [0.25, 12.25, 1.75, 13.75], "texture": "#0"},
				"south": {"uv": [0, 0, 0, 1.5], "texture": "#0"},
				"west": {"uv": [6.25, 12.25, 7.75, 13.75], "texture": "#0"},
				"up": {"uv": [0, 0, 0, 1.5], "texture": "#0"},
				"down": {"uv": [0, 0, 0, 1.5], "texture": "#0"}
			}
		},
		{
			"from": [13.5, 19, 2],
			"to": [13.5, 25, 8],
			"faces": {
				"north": {"uv": [0, 0, 0, 1.5], "texture": "#0"},
				"east": {"uv": [0.25, 12.25, 1.75, 13.75], "texture": "#0"},
				"south": {"uv": [0, 0, 0, 1.5], "texture": "#0"},
				"west": {"uv": [6.25, 12.25, 7.75, 13.75], "texture": "#0"},
				"up": {"uv": [0, 0, 0, 1.5], "texture": "#0"},
				"down": {"uv": [0, 0, 0, 1.5], "texture": "#0"}
			}
		},
		{
			"from": [4, 27, 5],
			"to": [12, 32, 5],
			"faces": {
				"north": {"uv": [0.25, 6.25, 3.5, 8.25], "texture": "#0"},
				"east": {"uv": [0, 0, 0, 0.75], "texture": "#0"},
				"south": {"uv": [0.25, 6.25, 3.5, 8.25], "texture": "#0"},
				"west": {"uv": [0, 0, 0, 0.75], "texture": "#0"},
				"up": {"uv": [0, 0, 1.5, 0], "texture": "#0"},
				"down": {"uv": [0, 0, 1.5, 0], "texture": "#0"}
			}
		},
		{
			"from": [4, 27, 5],
			"to": [12, 32, 5],
			"faces": {
				"north": {"uv": [4, 6.25, 7.25, 8.25], "texture": "#0"},
				"east": {"uv": [0, 0, 0, 0.75], "texture": "#0"},
				"south": {"uv": [4, 6.25, 7.25, 8.25], "texture": "#0"},
				"west": {"uv": [0, 0, 0, 0.75], "texture": "#0"},
				"up": {"uv": [0, 0, 1.5, 0], "texture": "#0"},
				"down": {"uv": [0, 0, 1.5, 0], "texture": "#0"}
			}
		},
		{
			"from": [4, 27, 5],
			"to": [12, 32, 5],
			"faces": {
				"north": {"uv": [7.75, 6.25, 11, 8.25], "texture": "#0"},
				"east": {"uv": [0, 0, 0, 0.75], "texture": "#0"},
				"south": {"uv": [7.75, 6.25, 11, 8.25], "texture": "#0"},
				"west": {"uv": [0, 0, 0, 0.75], "texture": "#0"},
				"up": {"uv": [0, 0, 1.5, 0], "texture": "#0"},
				"down": {"uv": [0, 0, 1.5, 0], "texture": "#0"}
			}
		},
		{
			"from": [4, 27, 5],
			"to": [12, 32, 5],
			"faces": {
				"north": {"uv": [11.5, 6.25, 14.75, 8.25], "texture": "#0"},
				"east": {"uv": [0, 0, 0, 0.75], "texture": "#0"},
				"south": {"uv": [11.5, 6.25, 14.75, 8.25], "texture": "#0"},
				"west": {"uv": [0, 0, 0, 0.75], "texture": "#0"},
				"up": {"uv": [0, 0, 1.5, 0], "texture": "#0"},
				"down": {"uv": [0, 0, 1.5, 0], "texture": "#0"}
			}
		}
	],
	"display": {
		"thirdperson_righthand": {
			"rotation": [67.5, 0, 0],
			"translation": [-6.5, 1.75, 20.5],
			"scale": [4, 4, 4]
		},
		"thirdperson_lefthand": {
			"rotation": [67.5, 0, 0],
			"translation": [0, 7, 15.25],
			"scale": [4, 4, 4]
		},
		"head": {
			"translation": [0, -13.75, 0],
			"scale": [1.25, 1.25, 1.25]
		},
		"fixed": {
			"rotation": [-90, 0, 0],
			"translation": [0, 0, -80],
			"scale": [4, 4, 4]
		}
	},
	"groups": [
		{
			"name": "group1",
			"origin": [0, 0, 0],
			"color": 0,
			"children": [0, 1, 2, 3, 4, 5, 6, 7, 8, 9, 10, 11, 12, 13, 14, 15, 16, 17, 18, 19]
		},
		{
			"name": "group2",
			"origin": [0, 0, 0],
			"color": 0,
			"children": [20, 21, 22, 23, 24, 25, 26, 27, 28, 29, 30, 31, 32, 33, 34, 35, 36, 37, 38, 39]
		},
		{
			"name": "group3",
			"origin": [0, 0, 0],
			"color": 0,
			"children": [40, 41, 42, 43, 44, 45, 46, 47, 48, 49, 50, 51, 52, 53, 54, 55, 56, 57, 58, 59]
		},
		{
			"name": "crown",
			"origin": [0, 0, 0],
			"color": 0,
			"children": [
				60,
				61,
				62,
				63,
				64,
				65,
				66,
				67,
				68,
				{
					"name": "eye",
					"origin": [0, 0, 0],
					"color": 0,
					"children": [69, 70, 71, 72]
				}
			]
		}
	]
}