{
	"credit": "DexoTheGrape",
	"textures": {
		"0": "item/grape_gauntlet_blade",
		"1": "item/grape_gauntlet",
		"2": "item/grape_gauntlet_trans",
		"particle": "item/grape_gauntlet_trans"
	},
	"elements": [
		{
			"from": [7, 0, 13],
			"to": [10, 1, 14],
			"faces": {
				"north": {"uv": [6.5, 7, 8, 7.5], "texture": "#1"},
				"east": {"uv": [1.5, 7.5, 2, 8], "texture": "#1"},
				"south": {"uv": [7.5, 0.5, 9, 1], "texture": "#1"},
				"west": {"uv": [5, 9, 5.5, 9.5], "texture": "#1"},
				"up": {"uv": [9, 1.5, 7.5, 1], "texture": "#1"},
				"down": {"uv": [9, 1.5, 7.5, 2], "texture": "#1"}
			}
		},
		{
			"from": [6, 0.5, 4],
			"to": [6.5, 4.5, 7],
			"faces": {
				"north": {"uv": [5.5, 4.5, 6, 6.5], "texture": "#1"},
				"east": {"uv": [0, 0, 1.5, 2], "texture": "#1"},
				"south": {"uv": [6, 4.5, 6.5, 6.5], "texture": "#1"},
				"west": {"uv": [1.5, 0, 3, 2], "texture": "#1"},
				"up": {"uv": [0.5, 9, 0, 7.5], "texture": "#1"},
				"down": {"uv": [1, 7.5, 0.5, 9], "texture": "#1"}
			}
		},
		{
			"from": [6, 0, 10],
			"to": [7, 5, 11],
			"faces": {
				"north": {"uv": [1.5, 5, 2, 7.5], "texture": "#1"},
				"east": {"uv": [5, 4.5, 5.5, 7], "texture": "#1"},
				"south": {"uv": [2, 5.5, 2.5, 8], "texture": "#1"},
				"west": {"uv": [2.5, 5.5, 3, 8], "texture": "#1"},
				"up": {"uv": [10, 1, 9.5, 0.5], "texture": "#1"},
				"down": {"uv": [10, 1, 9.5, 1.5], "texture": "#1"}
			}
		},
		{
			"from": [10, 0, 10],
			"to": [11, 5, 11],
			"faces": {
				"north": {"uv": [3, 5.5, 3.5, 8], "texture": "#1"},
				"east": {"uv": [3.5, 5.5, 4, 8], "texture": "#1"},
				"south": {"uv": [4, 5.5, 4.5, 8], "texture": "#1"},
				"west": {"uv": [4.5, 5.5, 5, 8], "texture": "#1"},
				"up": {"uv": [10, 2, 9.5, 1.5], "texture": "#1"},
				"down": {"uv": [2.5, 9.5, 2, 10], "texture": "#1"}
			}
		},
		{
			"from": [6.5, 4.5, 4],
			"to": [10.5, 5, 7],
			"faces": {
				"north": {"uv": [5.5, 1.5, 7.5, 2], "texture": "#1"},
				"east": {"uv": [7.5, 2, 9, 2.5], "texture": "#1"},
				"south": {"uv": [5.5, 2, 7.5, 2.5], "texture": "#1"},
				"west": {"uv": [7.5, 2.5, 9, 3], "texture": "#1"},
				"up": {"uv": [2, 3.5, 0, 2], "texture": "#1"},
				"down": {"uv": [4, 2, 2, 3.5], "texture": "#1"}
			}
		},
		{
			"from": [6.5, 0, 4],
			"to": [10.5, 0.5, 7],
			"faces": {
				"north": {"uv": [5.5, 2.5, 7.5, 3], "texture": "#1"},
				"east": {"uv": [7.5, 3, 9, 3.5], "texture": "#1"},
				"south": {"uv": [6.5, 0, 8.5, 0.5], "texture": "#1"},
				"west": {"uv": [7.5, 3.5, 9, 4], "texture": "#1"},
				"up": {"uv": [5, 1.5, 3, 0], "texture": "#1"},
				"down": {"uv": [2, 3.5, 0, 5], "texture": "#1"}
			}
		},
		{
			"from": [7, 4, 9],
			"to": [10, 5, 12],
			"faces": {
				"north": {"uv": [7.5, 4, 9, 4.5], "texture": "#1"},
				"east": {"uv": [7.5, 4.5, 9, 5], "texture": "#1"},
				"south": {"uv": [7.5, 5, 9, 5.5], "texture": "#1"},
				"west": {"uv": [7.5, 5.5, 9, 6], "texture": "#1"},
				"up": {"uv": [5.5, 3, 4, 1.5], "texture": "#1"},
				"down": {"uv": [1.5, 5, 0, 6.5], "texture": "#1"}
			}
		},
		{
			"from": [7, 3, 16],
			"to": [10, 4, 17],
			"faces": {
				"north": {"uv": [7.5, 6, 9, 6.5], "texture": "#1"},
				"east": {"uv": [9.5, 2, 10, 2.5], "texture": "#1"},
				"south": {"uv": [6.5, 7.5, 8, 8], "texture": "#1"},
				"west": {"uv": [2.5, 9.5, 3, 10], "texture": "#1"},
				"up": {"uv": [9, 7, 7.5, 6.5], "texture": "#1"},
				"down": {"uv": [3, 8, 1.5, 8.5], "texture": "#1"}
			}
		},
		{
			"from": [8, 4, 16],
			"to": [9, 5, 17],
			"faces": {
				"north": {"uv": [9.5, 2.5, 10, 3], "texture": "#1"},
				"east": {"uv": [3, 9.5, 3.5, 10], "texture": "#1"},
				"south": {"uv": [9.5, 3, 10, 3.5], "texture": "#1"},
				"west": {"uv": [3.5, 9.5, 4, 10], "texture": "#1"},
				"up": {"uv": [10, 4, 9.5, 3.5], "texture": "#1"},
				"down": {"uv": [4.5, 9.5, 4, 10], "texture": "#1"}
			}
		},
		{
			"from": [8, 2, 16],
			"to": [9, 3, 18],
			"faces": {
				"north": {"uv": [9.5, 4, 10, 4.5], "texture": "#1"},
				"east": {"uv": [3, 1.5, 4, 2], "texture": "#1"},
				"south": {"uv": [4.5, 9.5, 5, 10], "texture": "#1"},
				"west": {"uv": [4, 3, 5, 3.5], "texture": "#1"},
				"up": {"uv": [2.5, 9.5, 2, 8.5], "texture": "#1"},
				"down": {"uv": [3, 8.5, 2.5, 9.5], "texture": "#1"}
			}
		},
		{
			"from": [10, 0, 14],
			"to": [11, 3, 15],
			"faces": {
				"north": {"uv": [3, 8, 3.5, 9.5], "texture": "#1"},
				"east": {"uv": [3.5, 8, 4, 9.5], "texture": "#1"},
				"south": {"uv": [4, 8, 4.5, 9.5], "texture": "#1"},
				"west": {"uv": [4.5, 8, 5, 9.5], "texture": "#1"},
				"up": {"uv": [5.5, 10, 5, 9.5], "texture": "#1"},
				"down": {"uv": [6, 9.5, 5.5, 10], "texture": "#1"}
			}
		},
		{
			"from": [10, 2, 15],
			"to": [11, 4, 16.5],
			"faces": {
				"north": {"uv": [5.5, 8.5, 6, 9.5], "texture": "#1"},
				"east": {"uv": [0, 6.5, 1, 7.5], "texture": "#1"},
				"south": {"uv": [6, 8.5, 6.5, 9.5], "texture": "#1"},
				"west": {"uv": [6.5, 0.5, 7.5, 1.5], "texture": "#1"},
				"up": {"uv": [0.5, 10, 0, 9], "texture": "#1"},
				"down": {"uv": [1, 9, 0.5, 10], "texture": "#1"}
			}
		},
		{
			"from": [6, 2, 15],
			"to": [7, 4, 16.5],
			"faces": {
				"north": {"uv": [9, 0.5, 9.5, 1.5], "texture": "#1"},
				"east": {"uv": [6.5, 3, 7.5, 4], "texture": "#1"},
				"south": {"uv": [9, 1.5, 9.5, 2.5], "texture": "#1"},
				"west": {"uv": [6.5, 4, 7.5, 5], "texture": "#1"},
				"up": {"uv": [9.5, 3.5, 9, 2.5], "texture": "#1"},
				"down": {"uv": [9.5, 3.5, 9, 4.5], "texture": "#1"}
			}
		},
		{
			"from": [6, 0, 14],
			"to": [7, 3, 15],
			"faces": {
				"north": {"uv": [6.5, 8, 7, 9.5], "texture": "#1"},
				"east": {"uv": [7, 8, 7.5, 9.5], "texture": "#1"},
				"south": {"uv": [8, 7, 8.5, 8.5], "texture": "#1"},
				"west": {"uv": [7.5, 8, 8, 9.5], "texture": "#1"},
				"up": {"uv": [6.5, 10, 6, 9.5], "texture": "#1"},
				"down": {"uv": [7, 9.5, 6.5, 10], "texture": "#1"}
			}
		},
		{
			"from": [10.5, 0.5, 4],
			"to": [11, 4.5, 7],
			"faces": {
				"north": {"uv": [1, 6.5, 1.5, 8.5], "texture": "#1"},
				"east": {"uv": [2, 3.5, 3.5, 5.5], "texture": "#1"},
				"south": {"uv": [6.5, 5, 7, 7], "texture": "#1"},
				"west": {"uv": [3.5, 3.5, 5, 5.5], "texture": "#1"},
				"up": {"uv": [1.5, 10, 1, 8.5], "texture": "#1"},
				"down": {"uv": [2, 8.5, 1.5, 10], "texture": "#1"}
			}
		},
		{
			"from": [7, 0, 9],
			"to": [10, 1, 12],
			"faces": {
				"north": {"uv": [8.5, 0, 10, 0.5], "texture": "#1"},
				"east": {"uv": [8.5, 7, 10, 7.5], "texture": "#1"},
				"south": {"uv": [8.5, 7.5, 10, 8], "texture": "#1"},
				"west": {"uv": [8, 8.5, 9.5, 9], "texture": "#1"},
				"up": {"uv": [6.5, 1.5, 5, 0], "texture": "#1"},
				"down": {"uv": [6.5, 3, 5, 4.5], "texture": "#1"}
			}
		},
		{
			"from": [8, 1, 3.5],
			"to": [9, 5, 4],
			"faces": {
				"north": {"uv": [5.5, 6.5, 6, 8.5], "texture": "#1"},
				"east": {"uv": [6, 6.5, 6.5, 8.5], "texture": "#1"},
				"south": {"uv": [5, 7, 5.5, 9], "texture": "#1"},
				"west": {"uv": [7, 5, 7.5, 7], "texture": "#1"},
				"up": {"uv": [7.5, 10, 7, 9.5], "texture": "#1"},
				"down": {"uv": [8, 9.5, 7.5, 10], "texture": "#1"}
			}
		},
		{
			"from": [9, 2, 3.5],
			"to": [11, 3, 4],
			"faces": {
				"north": {"uv": [8.5, 8, 9.5, 8.5], "texture": "#1"},
				"east": {"uv": [8, 9.5, 8.5, 10], "texture": "#1"},
				"south": {"uv": [9, 4.5, 10, 5], "texture": "#1"},
				"west": {"uv": [9.5, 8, 10, 8.5], "texture": "#1"},
				"up": {"uv": [10, 5.5, 9, 5], "texture": "#1"},
				"down": {"uv": [10, 5.5, 9, 6], "texture": "#1"}
			}
		},
		{
			"from": [6, 2, 3.5],
			"to": [8, 3, 4],
			"faces": {
				"north": {"uv": [9, 6, 10, 6.5], "texture": "#1"},
				"east": {"uv": [8.5, 9.5, 9, 10], "texture": "#1"},
				"south": {"uv": [9, 6.5, 10, 7], "texture": "#1"},
				"west": {"uv": [9.5, 8.5, 10, 9], "texture": "#1"},
				"up": {"uv": [9, 9.5, 8, 9], "texture": "#1"},
				"down": {"uv": [10, 9, 9, 9.5], "texture": "#1"}
			}
		},
		{
			"from": [7, 10, 0],
			"to": [8, 12, 2],
			"faces": {
				"north": {"uv": [5.5, 3.5, 6, 4.5], "texture": "#0"},
				"east": {"uv": [0, 2, 1, 3], "texture": "#0"},
				"south": {"uv": [5.5, 4.5, 6, 5.5], "texture": "#0"},
				"west": {"uv": [1, 2, 2, 3], "texture": "#0"},
				"up": {"uv": [6, 6.5, 5.5, 5.5], "texture": "#0"},
				"down": {"uv": [2, 6, 1.5, 7], "texture": "#0"}
			}
		},
		{
			"from": [9, 6, 3],
			"to": [10, 6.5, 5],
			"faces": {
				"north": {"uv": [9, 10.5, 9.5, 11], "texture": "#0"},
				"east": {"uv": [2, 6, 3, 6.5], "texture": "#0"},
				"south": {"uv": [10.5, 9, 11, 9.5], "texture": "#0"},
				"west": {"uv": [6, 3, 7, 3.5], "texture": "#0"},
				"up": {"uv": [6.5, 4.5, 6, 3.5], "texture": "#0"},
				"down": {"uv": [4.5, 6, 4, 7], "texture": "#0"}
			}
		},
		{
			"from": [9, 5, 1],
			"to": [10, 7, 3],
			"faces": {
				"north": {"uv": [6, 4.5, 6.5, 5.5], "texture": "#0"},
				"east": {"uv": [2, 2, 3, 3], "texture": "#0"},
				"south": {"uv": [6, 5.5, 6.5, 6.5], "texture": "#0"},
				"west": {"uv": [0, 3, 1, 4], "texture": "#0"},
				"up": {"uv": [0.5, 7.5, 0, 6.5], "texture": "#0"},
				"down": {"uv": [7, 0, 6.5, 1], "texture": "#0"}
			}
		},
		{
			"from": [9, 16, 2],
			"to": [10, 16.5, 4],
			"faces": {
				"north": {"uv": [10.5, 9.5, 11, 10], "texture": "#0"},
				"east": {"uv": [6.5, 1, 7.5, 1.5], "texture": "#0"},
				"south": {"uv": [10.5, 10, 11, 10.5], "texture": "#0"},
				"west": {"uv": [6.5, 1.5, 7.5, 2], "texture": "#0"},
				"up": {"uv": [1, 7.5, 0.5, 6.5], "texture": "#0"},
				"down": {"uv": [2.5, 6.5, 2, 7.5], "texture": "#0"}
			}
		},
		{
			"from": [9, 15, 0],
			"to": [10, 17, 2],
			"faces": {
				"north": {"uv": [2.5, 6.5, 3, 7.5], "texture": "#0"},
				"east": {"uv": [3, 0, 4, 1], "texture": "#0"},
				"south": {"uv": [6.5, 3.5, 7, 4.5], "texture": "#0"},
				"west": {"uv": [1, 3, 2, 4], "texture": "#0"},
				"up": {"uv": [5, 7.5, 4.5, 6.5], "texture": "#0"},
				"down": {"uv": [7, 4.5, 6.5, 5.5], "texture": "#0"}
			}
		},
		{
			"from": [9, 11, 2],
			"to": [10, 11.5, 4],
			"faces": {
				"north": {"uv": [10.5, 10.5, 11, 11], "texture": "#0"},
				"east": {"uv": [6.5, 2, 7.5, 2.5], "texture": "#0"},
				"south": {"uv": [11, 0, 11.5, 0.5], "texture": "#0"},
				"west": {"uv": [5, 6.5, 6, 7], "texture": "#0"},
				"up": {"uv": [7, 6.5, 6.5, 5.5], "texture": "#0"},
				"down": {"uv": [6.5, 6.5, 6, 7.5], "texture": "#0"}
			}
		},
		{
			"from": [9, 19, 2],
			"to": [10, 19.5, 4],
			"faces": {
				"north": {"uv": [11, 0.5, 11.5, 1], "texture": "#0"},
				"east": {"uv": [6.5, 6.5, 7.5, 7], "texture": "#0"},
				"south": {"uv": [1, 11, 1.5, 11.5], "texture": "#0"},
				"west": {"uv": [7, 0, 8, 0.5], "texture": "#0"},
				"up": {"uv": [1.5, 8, 1, 7], "texture": "#0"},
				"down": {"uv": [2, 7, 1.5, 8], "texture": "#0"}
			}
		},
		{
			"from": [9, 22, 3],
			"to": [10, 22.5, 5],
			"faces": {
				"north": {"uv": [11, 1, 11.5, 1.5], "texture": "#0"},
				"east": {"uv": [7, 0.5, 8, 1], "texture": "#0"},
				"south": {"uv": [1.5, 11, 2, 11.5], "texture": "#0"},
				"west": {"uv": [7, 2.5, 8, 3], "texture": "#0"},
				"up": {"uv": [3.5, 8, 3, 7], "texture": "#0"},
				"down": {"uv": [7.5, 3, 7, 4], "texture": "#0"}
			}
		},
		{
			"from": [9, 27, 4],
			"to": [10, 27.5, 6],
			"faces": {
				"north": {"uv": [11, 1.5, 11.5, 2], "texture": "#0"},
				"east": {"uv": [3.5, 7, 4.5, 7.5], "texture": "#0"},
				"south": {"uv": [11, 2, 11.5, 2.5], "texture": "#0"},
				"west": {"uv": [7, 4, 8, 4.5], "texture": "#0"},
				"up": {"uv": [7.5, 5.5, 7, 4.5], "texture": "#0"},
				"down": {"uv": [5.5, 7, 5, 8], "texture": "#0"}
			}
		},
		{
			"from": [9, 25, 3],
			"to": [10, 25.5, 5],
			"faces": {
				"north": {"uv": [11, 2.5, 11.5, 3], "texture": "#0"},
				"east": {"uv": [7, 5.5, 8, 6], "texture": "#0"},
				"south": {"uv": [3, 11, 3.5, 11.5], "texture": "#0"},
				"west": {"uv": [7, 6, 8, 6.5], "texture": "#0"},
				"up": {"uv": [6, 8, 5.5, 7], "texture": "#0"},
				"down": {"uv": [7, 7, 6.5, 8], "texture": "#0"}
			}
		},
		{
			"from": [9, 22, 1],
			"to": [10, 23, 3],
			"faces": {
				"north": {"uv": [3.5, 11, 4, 11.5], "texture": "#0"},
				"east": {"uv": [7, 7, 8, 7.5], "texture": "#0"},
				"south": {"uv": [4, 11, 4.5, 11.5], "texture": "#0"},
				"west": {"uv": [0, 7.5, 1, 8], "texture": "#0"},
				"up": {"uv": [8, 2, 7.5, 1], "texture": "#0"},
				"down": {"uv": [2.5, 7.5, 2, 8.5], "texture": "#0"}
			}
		},
		{
			"from": [9, 19, 1],
			"to": [10, 20, 2],
			"faces": {
				"north": {"uv": [11, 4, 11.5, 4.5], "texture": "#0"},
				"east": {"uv": [11, 4.5, 11.5, 5], "texture": "#0"},
				"south": {"uv": [5, 11, 5.5, 11.5], "texture": "#0"},
				"west": {"uv": [5.5, 11, 6, 11.5], "texture": "#0"},
				"up": {"uv": [11.5, 6.5, 11, 6], "texture": "#0"},
				"down": {"uv": [7, 11, 6.5, 11.5], "texture": "#0"}
			}
		},
		{
			"from": [9, 10, 0],
			"to": [10, 12, 2],
			"faces": {
				"north": {"uv": [2.5, 7.5, 3, 8.5], "texture": "#0"},
				"east": {"uv": [3, 1, 4, 2], "texture": "#0"},
				"south": {"uv": [7.5, 3, 8, 4], "texture": "#0"},
				"west": {"uv": [2, 3, 3, 4], "texture": "#0"},
				"up": {"uv": [4, 8.5, 3.5, 7.5], "texture": "#0"},
				"down": {"uv": [4.5, 7.5, 4, 8.5], "texture": "#0"}
			}
		},
		{
			"from": [6, 10, 2],
			"to": [7, 11, 3],
			"faces": {
				"north": {"uv": [11, 6.5, 11.5, 7], "texture": "#0"},
				"east": {"uv": [7, 11, 7.5, 11.5], "texture": "#0"},
				"south": {"uv": [7.5, 11, 8, 11.5], "texture": "#0"},
				"west": {"uv": [8, 11, 8.5, 11.5], "texture": "#0"},
				"up": {"uv": [11.5, 8.5, 11, 8], "texture": "#0"},
				"down": {"uv": [11.5, 8.5, 11, 9], "texture": "#0"}
			}
		},
		{
			"from": [10, 5, 4],
			"to": [11, 5.5, 6],
			"faces": {
				"north": {"uv": [9, 11, 9.5, 11.5], "texture": "#0"},
				"east": {"uv": [7.5, 2, 8.5, 2.5], "texture": "#0"},
				"south": {"uv": [11, 9, 11.5, 9.5], "texture": "#0"},
				"west": {"uv": [7.5, 4.5, 8.5, 5], "texture": "#0"},
				"up": {"uv": [5, 8.5, 4.5, 7.5], "texture": "#0"},
				"down": {"uv": [6.5, 7.5, 6, 8.5], "texture": "#0"}
			}
		},
		{
			"from": [10, 5, 3],
			"to": [11, 6, 4],
			"faces": {
				"north": {"uv": [9.5, 11, 10, 11.5], "texture": "#0"},
				"east": {"uv": [11, 9.5, 11.5, 10], "texture": "#0"},
				"south": {"uv": [10, 11, 10.5, 11.5], "texture": "#0"},
				"west": {"uv": [11, 10, 11.5, 10.5], "texture": "#0"},
				"up": {"uv": [11, 11.5, 10.5, 11], "texture": "#0"},
				"down": {"uv": [11.5, 10.5, 11, 11], "texture": "#0"}
			}
		},
		{
			"from": [10, 15, 3],
			"to": [11, 15.5, 5],
			"faces": {
				"north": {"uv": [11, 11, 11.5, 11.5], "texture": "#0"},
				"east": {"uv": [7.5, 5, 8.5, 5.5], "texture": "#0"},
				"south": {"uv": [0, 11.5, 0.5, 12], "texture": "#0"},
				"west": {"uv": [7.5, 6.5, 8.5, 7], "texture": "#0"},
				"up": {"uv": [7.5, 8.5, 7, 7.5], "texture": "#0"},
				"down": {"uv": [8, 7.5, 7.5, 8.5], "texture": "#0"}
			}
		},
		{
			"from": [10, 15, 2],
			"to": [11, 16, 3],
			"faces": {
				"north": {"uv": [11.5, 0, 12, 0.5], "texture": "#0"},
				"east": {"uv": [0.5, 11.5, 1, 12], "texture": "#0"},
				"south": {"uv": [11.5, 0.5, 12, 1], "texture": "#0"},
				"west": {"uv": [1, 11.5, 1.5, 12], "texture": "#0"},
				"up": {"uv": [12, 1.5, 11.5, 1], "texture": "#0"},
				"down": {"uv": [2, 11.5, 1.5, 12], "texture": "#0"}
			}
		},
		{
			"from": [10, 10, 3],
			"to": [11, 10.5, 5],
			"faces": {
				"north": {"uv": [11.5, 1.5, 12, 2], "texture": "#0"},
				"east": {"uv": [0, 8, 1, 8.5], "texture": "#0"},
				"south": {"uv": [2, 11.5, 2.5, 12], "texture": "#0"},
				"west": {"uv": [8, 0, 9, 0.5], "texture": "#0"},
				"up": {"uv": [8.5, 1.5, 8, 0.5], "texture": "#0"},
				"down": {"uv": [1.5, 8, 1, 9], "texture": "#0"}
			}
		},
		{
			"from": [10, 10, 2],
			"to": [11, 11, 3],
			"faces": {
				"north": {"uv": [11.5, 2, 12, 2.5], "texture": "#0"},
				"east": {"uv": [2.5, 11.5, 3, 12], "texture": "#0"},
				"south": {"uv": [11.5, 2.5, 12, 3], "texture": "#0"},
				"west": {"uv": [3, 11.5, 3.5, 12], "texture": "#0"},
				"up": {"uv": [12, 3.5, 11.5, 3], "texture": "#0"},
				"down": {"uv": [4, 11.5, 3.5, 12], "texture": "#0"}
			}
		},
		{
			"from": [7, 19, 1],
			"to": [8, 20, 2],
			"faces": {
				"north": {"uv": [11.5, 3.5, 12, 4], "texture": "#0"},
				"east": {"uv": [4, 11.5, 4.5, 12], "texture": "#0"},
				"south": {"uv": [11.5, 4, 12, 4.5], "texture": "#0"},
				"west": {"uv": [4.5, 11.5, 5, 12], "texture": "#0"},
				"up": {"uv": [12, 5, 11.5, 4.5], "texture": "#0"},
				"down": {"uv": [5.5, 11.5, 5, 12], "texture": "#0"}
			}
		},
		{
			"from": [7, 19, 2],
			"to": [8, 19.5, 4],
			"faces": {
				"north": {"uv": [11.5, 5, 12, 5.5], "texture": "#0"},
				"east": {"uv": [8, 1.5, 9, 2], "texture": "#0"},
				"south": {"uv": [5.5, 11.5, 6, 12], "texture": "#0"},
				"west": {"uv": [8, 2.5, 9, 3], "texture": "#0"},
				"up": {"uv": [2, 9, 1.5, 8], "texture": "#0"},
				"down": {"uv": [3.5, 8, 3, 9], "texture": "#0"}
			}
		},
		{
			"from": [8, 20, 0],
			"to": [9, 20.5, 2],
			"faces": {
				"north": {"uv": [11.5, 5.5, 12, 6], "texture": "#0"},
				"east": {"uv": [8, 3, 9, 3.5], "texture": "#0"},
				"south": {"uv": [6, 11.5, 6.5, 12], "texture": "#0"},
				"west": {"uv": [8, 3.5, 9, 4], "texture": "#0"},
				"up": {"uv": [5.5, 9, 5, 8], "texture": "#0"},
				"down": {"uv": [6, 8, 5.5, 9], "texture": "#0"}
			}
		},
		{
			"from": [7, 22, 1],
			"to": [8, 23, 3],
			"faces": {
				"north": {"uv": [11.5, 6, 12, 6.5], "texture": "#0"},
				"east": {"uv": [8, 4, 9, 4.5], "texture": "#0"},
				"south": {"uv": [6.5, 11.5, 7, 12], "texture": "#0"},
				"west": {"uv": [8, 5.5, 9, 6], "texture": "#0"},
				"up": {"uv": [7, 9, 6.5, 8], "texture": "#0"},
				"down": {"uv": [8.5, 7, 8, 8], "texture": "#0"}
			}
		},
		{
			"from": [7, 22, 3],
			"to": [8, 22.5, 5],
			"faces": {
				"north": {"uv": [11.5, 6.5, 12, 7], "texture": "#0"},
				"east": {"uv": [8, 6, 9, 6.5], "texture": "#0"},
				"south": {"uv": [7, 11.5, 7.5, 12], "texture": "#0"},
				"west": {"uv": [8, 8, 9, 8.5], "texture": "#0"},
				"up": {"uv": [0.5, 9.5, 0, 8.5], "texture": "#0"},
				"down": {"uv": [1, 8.5, 0.5, 9.5], "texture": "#0"}
			}
		},
		{
			"from": [7, 11, 2],
			"to": [8, 11.5, 4],
			"faces": {
				"north": {"uv": [11.5, 7, 12, 7.5], "texture": "#0"},
				"east": {"uv": [8.5, 0.5, 9.5, 1], "texture": "#0"},
				"south": {"uv": [7.5, 11.5, 8, 12], "texture": "#0"},
				"west": {"uv": [8.5, 1, 9.5, 1.5], "texture": "#0"},
				"up": {"uv": [2.5, 9.5, 2, 8.5], "texture": "#0"},
				"down": {"uv": [3, 8.5, 2.5, 9.5], "texture": "#0"}
			}
		},
		{
			"from": [6, 10, 3],
			"to": [7, 10.5, 5],
			"faces": {
				"north": {"uv": [11.5, 7.5, 12, 8], "texture": "#0"},
				"east": {"uv": [8.5, 2, 9.5, 2.5], "texture": "#0"},
				"south": {"uv": [8, 11.5, 8.5, 12], "texture": "#0"},
				"west": {"uv": [3.5, 8.5, 4.5, 9], "texture": "#0"},
				"up": {"uv": [5, 9.5, 4.5, 8.5], "texture": "#0"},
				"down": {"uv": [9, 4.5, 8.5, 5.5], "texture": "#0"}
			}
		},
		{
			"from": [7, 25, 3],
			"to": [8, 25.5, 5],
			"faces": {
				"north": {"uv": [11.5, 8, 12, 8.5], "texture": "#0"},
				"east": {"uv": [8.5, 6.5, 9.5, 7], "texture": "#0"},
				"south": {"uv": [8.5, 11.5, 9, 12], "texture": "#0"},
				"west": {"uv": [7, 8.5, 8, 9], "texture": "#0"},
				"up": {"uv": [6.5, 9.5, 6, 8.5], "texture": "#0"},
				"down": {"uv": [9, 7, 8.5, 8], "texture": "#0"}
			}
		},
		{
			"from": [7, 27, 4],
			"to": [8, 27.5, 6],
			"faces": {
				"north": {"uv": [11.5, 8.5, 12, 9], "texture": "#0"},
				"east": {"uv": [8, 8.5, 9, 9], "texture": "#0"},
				"south": {"uv": [9, 11.5, 9.5, 12], "texture": "#0"},
				"west": {"uv": [9, 0, 10, 0.5], "texture": "#0"},
				"up": {"uv": [1.5, 10, 1, 9], "texture": "#0"},
				"down": {"uv": [2, 9, 1.5, 10], "texture": "#0"}
			}
		},
		{
			"from": [8, 11, -2],
			"to": [9, 13, 1],
			"faces": {
				"north": {"uv": [9, 2.5, 9.5, 3.5], "texture": "#0"},
				"east": {"uv": [0, 0, 1.5, 1], "texture": "#0"},
				"south": {"uv": [3, 9, 3.5, 10], "texture": "#0"},
				"west": {"uv": [0, 1, 1.5, 2], "texture": "#0"},
				"up": {"uv": [1.5, 5.5, 1, 4], "texture": "#0"},
				"down": {"uv": [4.5, 1, 4, 2.5], "texture": "#0"}
			}
		},
		{
			"from": [6, 5, 4],
			"to": [7, 5.5, 6],
			"faces": {
				"north": {"uv": [11.5, 9, 12, 9.5], "texture": "#0"},
				"east": {"uv": [9, 1.5, 10, 2], "texture": "#0"},
				"south": {"uv": [9.5, 11.5, 10, 12], "texture": "#0"},
				"west": {"uv": [3.5, 9, 4.5, 9.5], "texture": "#0"},
				"up": {"uv": [9.5, 4.5, 9, 3.5], "texture": "#0"},
				"down": {"uv": [9.5, 4.5, 9, 5.5], "texture": "#0"}
			}
		},
		{
			"from": [6, 5, 3],
			"to": [7, 6, 4],
			"faces": {
				"north": {"uv": [11.5, 9.5, 12, 10], "texture": "#0"},
				"east": {"uv": [10, 11.5, 10.5, 12], "texture": "#0"},
				"south": {"uv": [11.5, 10, 12, 10.5], "texture": "#0"},
				"west": {"uv": [10.5, 11.5, 11, 12], "texture": "#0"},
				"up": {"uv": [12, 11, 11.5, 10.5], "texture": "#0"},
				"down": {"uv": [11.5, 11.5, 11, 12], "texture": "#0"}
			}
		},
		{
			"from": [7, 6, 3],
			"to": [8, 6.5, 5],
			"faces": {
				"north": {"uv": [11.5, 11, 12, 11.5], "texture": "#0"},
				"east": {"uv": [5, 9, 6, 9.5], "texture": "#0"},
				"south": {"uv": [11.5, 11.5, 12, 12], "texture": "#0"},
				"west": {"uv": [9, 5.5, 10, 6], "texture": "#0"},
				"up": {"uv": [7, 10, 6.5, 9], "texture": "#0"},
				"down": {"uv": [7.5, 9, 7, 10], "texture": "#0"}
			}
		},
		{
			"from": [7, 5, 1],
			"to": [8, 7, 3],
			"faces": {
				"north": {"uv": [9, 7, 9.5, 8], "texture": "#0"},
				"east": {"uv": [3, 2, 4, 3], "texture": "#0"},
				"south": {"uv": [7.5, 9, 8, 10], "texture": "#0"},
				"west": {"uv": [3, 3, 4, 4], "texture": "#0"},
				"up": {"uv": [8.5, 10, 8, 9], "texture": "#0"},
				"down": {"uv": [9.5, 8, 9, 9], "texture": "#0"}
			}
		},
		{
			"from": [8, 7.5, 4],
			"to": [9, 8, 5],
			"faces": {
				"north": {"uv": [0, 12, 0.5, 12.5], "texture": "#0"},
				"east": {"uv": [12, 0, 12.5, 0.5], "texture": "#0"},
				"south": {"uv": [0.5, 12, 1, 12.5], "texture": "#0"},
				"west": {"uv": [12, 0.5, 12.5, 1], "texture": "#0"},
				"up": {"uv": [1.5, 12.5, 1, 12], "texture": "#0"},
				"down": {"uv": [12.5, 1, 12, 1.5], "texture": "#0"}
			}
		},
		{
			"from": [8, 7, 3],
			"to": [9, 8, 4],
			"faces": {
				"north": {"uv": [1.5, 12, 2, 12.5], "texture": "#0"},
				"east": {"uv": [12, 1.5, 12.5, 2], "texture": "#0"},
				"south": {"uv": [2, 12, 2.5, 12.5], "texture": "#0"},
				"west": {"uv": [12, 2, 12.5, 2.5], "texture": "#0"},
				"up": {"uv": [3, 12.5, 2.5, 12], "texture": "#0"},
				"down": {"uv": [12.5, 2.5, 12, 3], "texture": "#0"}
			}
		},
		{
			"from": [8, 7, 2],
			"to": [9, 8, 3],
			"faces": {
				"north": {"uv": [3, 12, 3.5, 12.5], "texture": "#0"},
				"east": {"uv": [12, 3, 12.5, 3.5], "texture": "#0"},
				"south": {"uv": [3.5, 12, 4, 12.5], "texture": "#0"},
				"west": {"uv": [12, 3.5, 12.5, 4], "texture": "#0"},
				"up": {"uv": [4.5, 12.5, 4, 12], "texture": "#0"},
				"down": {"uv": [12.5, 4, 12, 4.5], "texture": "#0"}
			}
		},
		{
			"from": [8, 8, 1],
			"to": [9, 8.5, 4],
			"faces": {
				"north": {"uv": [4.5, 12, 5, 12.5], "texture": "#0"},
				"east": {"uv": [1.5, 4, 3, 4.5], "texture": "#0"},
				"south": {"uv": [12, 4.5, 12.5, 5], "texture": "#0"},
				"west": {"uv": [4, 2.5, 5.5, 3], "texture": "#0"},
				"up": {"uv": [3.5, 5.5, 3, 4], "texture": "#0"},
				"down": {"uv": [4.5, 3, 4, 4.5], "texture": "#0"}
			}
		},
		{
			"from": [8, 8, -1],
			"to": [9, 9, 1],
			"faces": {
				"north": {"uv": [5, 12, 5.5, 12.5], "texture": "#0"},
				"east": {"uv": [9, 6, 10, 6.5], "texture": "#0"},
				"south": {"uv": [12, 5, 12.5, 5.5], "texture": "#0"},
				"west": {"uv": [8.5, 9, 9.5, 9.5], "texture": "#0"},
				"up": {"uv": [0.5, 10.5, 0, 9.5], "texture": "#0"},
				"down": {"uv": [1, 9.5, 0.5, 10.5], "texture": "#0"}
			}
		},
		{
			"from": [8, 6, -1],
			"to": [9, 8, 2],
			"faces": {
				"north": {"uv": [9.5, 0.5, 10, 1.5], "texture": "#0"},
				"east": {"uv": [1.5, 0, 3, 1], "texture": "#0"},
				"south": {"uv": [2, 9.5, 2.5, 10.5], "texture": "#0"},
				"west": {"uv": [1.5, 1, 3, 2], "texture": "#0"},
				"up": {"uv": [4, 5.5, 3.5, 4], "texture": "#0"},
				"down": {"uv": [5, 1, 4.5, 2.5], "texture": "#0"}
			}
		},
		{
			"from": [8, 13, -2],
			"to": [9, 14, 0],
			"faces": {
				"north": {"uv": [5.5, 12, 6, 12.5], "texture": "#0"},
				"east": {"uv": [9.5, 2, 10.5, 2.5], "texture": "#0"},
				"south": {"uv": [12, 5.5, 12.5, 6], "texture": "#0"},
				"west": {"uv": [9.5, 2.5, 10.5, 3], "texture": "#0"},
				"up": {"uv": [3, 10.5, 2.5, 9.5], "texture": "#0"},
				"down": {"uv": [10, 3, 9.5, 4], "texture": "#0"}
			}
		},
		{
			"from": [8, 13, 0],
			"to": [9, 13.5, 3],
			"faces": {
				"north": {"uv": [6, 12, 6.5, 12.5], "texture": "#0"},
				"east": {"uv": [1.5, 4.5, 3, 5], "texture": "#0"},
				"south": {"uv": [12, 6, 12.5, 6.5], "texture": "#0"},
				"west": {"uv": [4.5, 3, 6, 3.5], "texture": "#0"},
				"up": {"uv": [5, 5, 4.5, 3.5], "texture": "#0"},
				"down": {"uv": [4.5, 4.5, 4, 6], "texture": "#0"}
			}
		},
		{
			"from": [6, 15, 3],
			"to": [7, 15.5, 5],
			"faces": {
				"north": {"uv": [6.5, 12, 7, 12.5], "texture": "#0"},
				"east": {"uv": [3.5, 9.5, 4.5, 10], "texture": "#0"},
				"south": {"uv": [12, 6.5, 12.5, 7], "texture": "#0"},
				"west": {"uv": [9.5, 4, 10.5, 4.5], "texture": "#0"},
				"up": {"uv": [5, 10.5, 4.5, 9.5], "texture": "#0"},
				"down": {"uv": [10, 4.5, 9.5, 5.5], "texture": "#0"}
			}
		},
		{
			"from": [6, 15, 2],
			"to": [7, 16, 3],
			"faces": {
				"north": {"uv": [7, 12, 7.5, 12.5], "texture": "#0"},
				"east": {"uv": [12, 7, 12.5, 7.5], "texture": "#0"},
				"south": {"uv": [7.5, 12, 8, 12.5], "texture": "#0"},
				"west": {"uv": [12, 7.5, 12.5, 8], "texture": "#0"},
				"up": {"uv": [8.5, 12.5, 8, 12], "texture": "#0"},
				"down": {"uv": [12.5, 8, 12, 8.5], "texture": "#0"}
			}
		},
		{
			"from": [7, 16, 2],
			"to": [8, 16.5, 4],
			"faces": {
				"north": {"uv": [8.5, 12, 9, 12.5], "texture": "#0"},
				"east": {"uv": [5, 9.5, 6, 10], "texture": "#0"},
				"south": {"uv": [12, 8.5, 12.5, 9], "texture": "#0"},
				"west": {"uv": [9.5, 6.5, 10.5, 7], "texture": "#0"},
				"up": {"uv": [6.5, 10.5, 6, 9.5], "texture": "#0"},
				"down": {"uv": [10, 7, 9.5, 8], "texture": "#0"}
			}
		},
		{
			"from": [7, 15, 0],
			"to": [8, 17, 2],
			"faces": {
				"north": {"uv": [9.5, 8, 10, 9], "texture": "#0"},
				"east": {"uv": [0, 4, 1, 5], "texture": "#0"},
				"south": {"uv": [8.5, 9.5, 9, 10.5], "texture": "#0"},
				"west": {"uv": [4, 0, 5, 1], "texture": "#0"},
				"up": {"uv": [9.5, 10.5, 9, 9.5], "texture": "#0"},
				"down": {"uv": [10, 9, 9.5, 10], "texture": "#0"}
			}
		},
		{
			"from": [8, 16, -2],
			"to": [9, 17, 1],
			"faces": {
				"north": {"uv": [9, 12, 9.5, 12.5], "texture": "#0"},
				"east": {"uv": [5, 0, 6.5, 0.5], "texture": "#0"},
				"south": {"uv": [12, 9, 12.5, 9.5], "texture": "#0"},
				"west": {"uv": [5, 0.5, 6.5, 1], "texture": "#0"},
				"up": {"uv": [0.5, 6.5, 0, 5], "texture": "#0"},
				"down": {"uv": [1, 5, 0.5, 6.5], "texture": "#0"}
			}
		},
		{
			"from": [8, 17, -2],
			"to": [9, 18, 0],
			"faces": {
				"north": {"uv": [9.5, 12, 10, 12.5], "texture": "#0"},
				"east": {"uv": [10, 0, 11, 0.5], "texture": "#0"},
				"south": {"uv": [12, 9.5, 12.5, 10], "texture": "#0"},
				"west": {"uv": [10, 0.5, 11, 1], "texture": "#0"},
				"up": {"uv": [1.5, 11, 1, 10], "texture": "#0"},
				"down": {"uv": [10.5, 1, 10, 2], "texture": "#0"}
			}
		},
		{
			"from": [8.125, 29, 2.25],
			"to": [8.875, 29.75, 3],
			"faces": {
				"north": {"uv": [10, 12, 10.5, 12.5], "texture": "#0"},
				"east": {"uv": [12, 10, 12.5, 10.5], "texture": "#0"},
				"south": {"uv": [10.5, 12, 11, 12.5], "texture": "#0"},
				"west": {"uv": [12, 10.5, 12.5, 11], "texture": "#0"},
				"up": {"uv": [11.5, 12.5, 11, 12], "texture": "#0"},
				"down": {"uv": [12.5, 11, 12, 11.5], "texture": "#0"}
			}
		},
		{
			"from": [8.25, 27.5, 0.75],
			"to": [8.75, 28, 1.25],
			"faces": {
				"north": {"uv": [11.5, 12, 12, 12.5], "texture": "#0"},
				"east": {"uv": [12, 11.5, 12.5, 12], "texture": "#0"},
				"south": {"uv": [12, 12, 12.5, 12.5], "texture": "#0"},
				"west": {"uv": [0, 12.5, 0.5, 13], "texture": "#0"},
				"up": {"uv": [13, 0.5, 12.5, 0], "texture": "#0"},
				"down": {"uv": [1, 12.5, 0.5, 13], "texture": "#0"}
			}
		},
		{
			"from": [8.125, 27, 1.25],
			"to": [8.875, 27.75, 2],
			"faces": {
				"north": {"uv": [12.5, 0.5, 13, 1], "texture": "#0"},
				"east": {"uv": [1, 12.5, 1.5, 13], "texture": "#0"},
				"south": {"uv": [12.5, 1, 13, 1.5], "texture": "#0"},
				"west": {"uv": [1.5, 12.5, 2, 13], "texture": "#0"},
				"up": {"uv": [13, 2, 12.5, 1.5], "texture": "#0"},
				"down": {"uv": [2.5, 12.5, 2, 13], "texture": "#0"}
			}
		},
		{
			"from": [8.25, 25.5, -0.25],
			"to": [8.75, 26, 0.25],
			"faces": {
				"north": {"uv": [12.5, 2, 13, 2.5], "texture": "#0"},
				"east": {"uv": [2.5, 12.5, 3, 13], "texture": "#0"},
				"south": {"uv": [12.5, 2.5, 13, 3], "texture": "#0"},
				"west": {"uv": [3, 12.5, 3.5, 13], "texture": "#0"},
				"up": {"uv": [13, 3.5, 12.5, 3], "texture": "#0"},
				"down": {"uv": [4, 12.5, 3.5, 13], "texture": "#0"}
			}
		},
		{
			"from": [8.125, 25, 0.25],
			"to": [8.875, 25.75, 1],
			"faces": {
				"north": {"uv": [12.5, 3.5, 13, 4], "texture": "#0"},
				"east": {"uv": [4, 12.5, 4.5, 13], "texture": "#0"},
				"south": {"uv": [12.5, 4, 13, 4.5], "texture": "#0"},
				"west": {"uv": [4.5, 12.5, 5, 13], "texture": "#0"},
				"up": {"uv": [13, 5, 12.5, 4.5], "texture": "#0"},
				"down": {"uv": [5.5, 12.5, 5, 13], "texture": "#0"}
			}
		},
		{
			"from": [8.25, 23.5, -1.25],
			"to": [8.75, 24, -0.75],
			"faces": {
				"north": {"uv": [12.5, 5, 13, 5.5], "texture": "#0"},
				"east": {"uv": [5.5, 12.5, 6, 13], "texture": "#0"},
				"south": {"uv": [12.5, 5.5, 13, 6], "texture": "#0"},
				"west": {"uv": [6, 12.5, 6.5, 13], "texture": "#0"},
				"up": {"uv": [13, 6.5, 12.5, 6], "texture": "#0"},
				"down": {"uv": [7, 12.5, 6.5, 13], "texture": "#0"}
			}
		},
		{
			"from": [8.125, 23, -0.75],
			"to": [8.875, 23.75, 0],
			"faces": {
				"north": {"uv": [12.5, 6.5, 13, 7], "texture": "#0"},
				"east": {"uv": [7, 12.5, 7.5, 13], "texture": "#0"},
				"south": {"uv": [12.5, 7, 13, 7.5], "texture": "#0"},
				"west": {"uv": [7.5, 12.5, 8, 13], "texture": "#0"},
				"up": {"uv": [13, 8, 12.5, 7.5], "texture": "#0"},
				"down": {"uv": [8.5, 12.5, 8, 13], "texture": "#0"}
			}
		},
		{
			"from": [8.25, 20.5, -2.25],
			"to": [8.75, 21, -1.75],
			"faces": {
				"north": {"uv": [12.5, 8, 13, 8.5], "texture": "#0"},
				"east": {"uv": [8.5, 12.5, 9, 13], "texture": "#0"},
				"south": {"uv": [12.5, 8.5, 13, 9], "texture": "#0"},
				"west": {"uv": [9, 12.5, 9.5, 13], "texture": "#0"},
				"up": {"uv": [13, 9.5, 12.5, 9], "texture": "#0"},
				"down": {"uv": [10, 12.5, 9.5, 13], "texture": "#0"}
			}
		},
		{
			"from": [8.125, 20, -1.75],
			"to": [8.875, 20.75, -1],
			"faces": {
				"north": {"uv": [12.5, 9.5, 13, 10], "texture": "#0"},
				"east": {"uv": [10, 12.5, 10.5, 13], "texture": "#0"},
				"south": {"uv": [12.5, 10, 13, 10.5], "texture": "#0"},
				"west": {"uv": [10.5, 12.5, 11, 13], "texture": "#0"},
				"up": {"uv": [13, 11, 12.5, 10.5], "texture": "#0"},
				"down": {"uv": [11.5, 12.5, 11, 13], "texture": "#0"}
			}
		},
		{
			"from": [8.25, 17.5, -3.25],
			"to": [8.75, 19, -2.75],
			"faces": {
				"north": {"uv": [1.5, 10, 2, 11], "texture": "#0"},
				"east": {"uv": [3, 10, 3.5, 11], "texture": "#0"},
				"south": {"uv": [10, 3, 10.5, 4], "texture": "#0"},
				"west": {"uv": [3.5, 10, 4, 11], "texture": "#0"},
				"up": {"uv": [13, 11.5, 12.5, 11], "texture": "#0"},
				"down": {"uv": [12, 12.5, 11.5, 13], "texture": "#0"}
			}
		},
		{
			"from": [8.125, 17, -2.75],
			"to": [8.875, 18.75, -2],
			"faces": {
				"north": {"uv": [4, 10, 4.5, 11], "texture": "#0"},
				"east": {"uv": [10, 4.5, 10.5, 5.5], "texture": "#0"},
				"south": {"uv": [5, 10, 5.5, 11], "texture": "#0"},
				"west": {"uv": [5.5, 10, 6, 11], "texture": "#0"},
				"up": {"uv": [13, 12, 12.5, 11.5], "texture": "#0"},
				"down": {"uv": [12.5, 12.5, 12, 13], "texture": "#0"}
			}
		},
		{
			"from": [8.25, 12.5, -3.25],
			"to": [8.75, 14, -2.75],
			"faces": {
				"north": {"uv": [10, 5.5, 10.5, 6.5], "texture": "#0"},
				"east": {"uv": [6.5, 10, 7, 11], "texture": "#0"},
				"south": {"uv": [7, 10, 7.5, 11], "texture": "#0"},
				"west": {"uv": [10, 7, 10.5, 8], "texture": "#0"},
				"up": {"uv": [13, 12.5, 12.5, 12], "texture": "#0"},
				"down": {"uv": [13, 12.5, 12.5, 13], "texture": "#0"}
			}
		},
		{
			"from": [8.125, 12, -2.75],
			"to": [8.875, 13.75, -2],
			"faces": {
				"north": {"uv": [7.5, 10, 8, 11], "texture": "#0"},
				"east": {"uv": [8, 10, 8.5, 11], "texture": "#0"},
				"south": {"uv": [10, 8, 10.5, 9], "texture": "#0"},
				"west": {"uv": [10, 9, 10.5, 10], "texture": "#0"},
				"up": {"uv": [0.5, 13.5, 0, 13], "texture": "#0"},
				"down": {"uv": [13.5, 0, 13, 0.5], "texture": "#0"}
			}
		},
		{
			"from": [8.25, 7.5, -2.25],
			"to": [8.75, 9, -1.75],
			"faces": {
				"north": {"uv": [9.5, 10, 10, 11], "texture": "#0"},
				"east": {"uv": [10, 10, 10.5, 11], "texture": "#0"},
				"south": {"uv": [0, 10.5, 0.5, 11.5], "texture": "#0"},
				"west": {"uv": [0.5, 10.5, 1, 11.5], "texture": "#0"},
				"up": {"uv": [1, 13.5, 0.5, 13], "texture": "#0"},
				"down": {"uv": [13.5, 0.5, 13, 1], "texture": "#0"}
			}
		},
		{
			"from": [8.125, 7, -1.75],
			"to": [8.875, 8.75, -1],
			"faces": {
				"north": {"uv": [10.5, 1, 11, 2], "texture": "#0"},
				"east": {"uv": [2, 10.5, 2.5, 11.5], "texture": "#0"},
				"south": {"uv": [10.5, 2, 11, 3], "texture": "#0"},
				"west": {"uv": [2.5, 10.5, 3, 11.5], "texture": "#0"},
				"up": {"uv": [1.5, 13.5, 1, 13], "texture": "#0"},
				"down": {"uv": [13.5, 1, 13, 1.5], "texture": "#0"}
			}
		},
		{
			"from": [8.25, 29.5, 1.75],
			"to": [8.75, 30, 2.25],
			"faces": {
				"north": {"uv": [1.5, 13, 2, 13.5], "texture": "#0"},
				"east": {"uv": [13, 1.5, 13.5, 2], "texture": "#0"},
				"south": {"uv": [2, 13, 2.5, 13.5], "texture": "#0"},
				"west": {"uv": [13, 2, 13.5, 2.5], "texture": "#0"},
				"up": {"uv": [3, 13.5, 2.5, 13], "texture": "#0"},
				"down": {"uv": [13.5, 2.5, 13, 3], "texture": "#0"}
			}
		},
		{
			"from": [8, 18, -2],
			"to": [9, 19, -1],
			"faces": {
				"north": {"uv": [3, 13, 3.5, 13.5], "texture": "#0"},
				"east": {"uv": [13, 3, 13.5, 3.5], "texture": "#0"},
				"south": {"uv": [3.5, 13, 4, 13.5], "texture": "#0"},
				"west": {"uv": [13, 3.5, 13.5, 4], "texture": "#0"},
				"up": {"uv": [4.5, 13.5, 4, 13], "texture": "#0"},
				"down": {"uv": [13.5, 4, 13, 4.5], "texture": "#0"}
			}
		},
		{
			"from": [8, 17, 0],
			"to": [9, 17.5, 3],
			"faces": {
				"north": {"uv": [4.5, 13, 5, 13.5], "texture": "#0"},
				"east": {"uv": [5, 1, 6.5, 1.5], "texture": "#0"},
				"south": {"uv": [13, 4.5, 13.5, 5], "texture": "#0"},
				"west": {"uv": [1.5, 5, 3, 5.5], "texture": "#0"},
				"up": {"uv": [5.5, 5, 5, 3.5], "texture": "#0"},
				"down": {"uv": [5, 5, 4.5, 6.5], "texture": "#0"}
			}
		},
		{
			"from": [8, 12, 1],
			"to": [9, 13, 2],
			"faces": {
				"north": {"uv": [5, 13, 5.5, 13.5], "texture": "#0"},
				"east": {"uv": [13, 5, 13.5, 5.5], "texture": "#0"},
				"south": {"uv": [5.5, 13, 6, 13.5], "texture": "#0"},
				"west": {"uv": [13, 5.5, 13.5, 6], "texture": "#0"},
				"up": {"uv": [6.5, 13.5, 6, 13], "texture": "#0"},
				"down": {"uv": [13.5, 6, 13, 6.5], "texture": "#0"}
			}
		},
		{
			"from": [8, 12, 2],
			"to": [9, 13, 3],
			"faces": {
				"north": {"uv": [6.5, 13, 7, 13.5], "texture": "#0"},
				"east": {"uv": [13, 6.5, 13.5, 7], "texture": "#0"},
				"south": {"uv": [7, 13, 7.5, 13.5], "texture": "#0"},
				"west": {"uv": [13, 7, 13.5, 7.5], "texture": "#0"},
				"up": {"uv": [8, 13.5, 7.5, 13], "texture": "#0"},
				"down": {"uv": [13.5, 7.5, 13, 8], "texture": "#0"}
			}
		},
		{
			"from": [8, 12.5, 3],
			"to": [9, 13, 4],
			"faces": {
				"north": {"uv": [8, 13, 8.5, 13.5], "texture": "#0"},
				"east": {"uv": [13, 8, 13.5, 8.5], "texture": "#0"},
				"south": {"uv": [8.5, 13, 9, 13.5], "texture": "#0"},
				"west": {"uv": [13, 8.5, 13.5, 9], "texture": "#0"},
				"up": {"uv": [9.5, 13.5, 9, 13], "texture": "#0"},
				"down": {"uv": [13.5, 9, 13, 9.5], "texture": "#0"}
			}
		},
		{
			"from": [8, 25, 1],
			"to": [9, 26, 4],
			"faces": {
				"north": {"uv": [9.5, 13, 10, 13.5], "texture": "#0"},
				"east": {"uv": [5, 1.5, 6.5, 2], "texture": "#0"},
				"south": {"uv": [13, 9.5, 13.5, 10], "texture": "#0"},
				"west": {"uv": [5, 2, 6.5, 2.5], "texture": "#0"},
				"up": {"uv": [5.5, 6.5, 5, 5], "texture": "#0"},
				"down": {"uv": [1.5, 5.5, 1, 7], "texture": "#0"}
			}
		},
		{
			"from": [8, 23, 0],
			"to": [9, 24, 2],
			"faces": {
				"north": {"uv": [10, 13, 10.5, 13.5], "texture": "#0"},
				"east": {"uv": [10.5, 3, 11.5, 3.5], "texture": "#0"},
				"south": {"uv": [13, 10, 13.5, 10.5], "texture": "#0"},
				"west": {"uv": [10.5, 3.5, 11.5, 4], "texture": "#0"},
				"up": {"uv": [11, 5, 10.5, 4], "texture": "#0"},
				"down": {"uv": [5, 10.5, 4.5, 11.5], "texture": "#0"}
			}
		},
		{
			"from": [8, 20, -1],
			"to": [9, 21, 0],
			"faces": {
				"north": {"uv": [10.5, 13, 11, 13.5], "texture": "#0"},
				"east": {"uv": [13, 10.5, 13.5, 11], "texture": "#0"},
				"south": {"uv": [11, 13, 11.5, 13.5], "texture": "#0"},
				"west": {"uv": [13, 11, 13.5, 11.5], "texture": "#0"},
				"up": {"uv": [12, 13.5, 11.5, 13], "texture": "#0"},
				"down": {"uv": [13.5, 11.5, 13, 12], "texture": "#0"}
			}
		},
		{
			"from": [8, 27, 2],
			"to": [9, 28, 5],
			"faces": {
				"north": {"uv": [12, 13, 12.5, 13.5], "texture": "#0"},
				"east": {"uv": [1.5, 5.5, 3, 6], "texture": "#0"},
				"south": {"uv": [13, 12, 13.5, 12.5], "texture": "#0"},
				"west": {"uv": [5.5, 2.5, 7, 3], "texture": "#0"},
				"up": {"uv": [3.5, 7, 3, 5.5], "texture": "#0"},
				"down": {"uv": [4, 5.5, 3.5, 7], "texture": "#0"}
			}
		},
		{
			"from": [8, 29, 3],
			"to": [9, 30, 4],
			"faces": {
				"north": {"uv": [12.5, 13, 13, 13.5], "texture": "#0"},
				"east": {"uv": [13, 12.5, 13.5, 13], "texture": "#0"},
				"south": {"uv": [13, 13, 13.5, 13.5], "texture": "#0"},
				"west": {"uv": [0, 13.5, 0.5, 14], "texture": "#0"},
				"up": {"uv": [14, 0.5, 13.5, 0], "texture": "#0"},
				"down": {"uv": [1, 13.5, 0.5, 14], "texture": "#0"}
			}
		},
		{
			"from": [8, 29.5, 4],
			"to": [9, 30, 5],
			"faces": {
				"north": {"uv": [13.5, 0.5, 14, 1], "texture": "#0"},
				"east": {"uv": [1, 13.5, 1.5, 14], "texture": "#0"},
				"south": {"uv": [13.5, 1, 14, 1.5], "texture": "#0"},
				"west": {"uv": [1.5, 13.5, 2, 14], "texture": "#0"},
				"up": {"uv": [14, 2, 13.5, 1.5], "texture": "#0"},
				"down": {"uv": [2.5, 13.5, 2, 14], "texture": "#0"}
			}
		},
		{
			"from": [8, 31, 6],
			"to": [9, 32, 7],
			"faces": {
				"north": {"uv": [13.5, 2, 14, 2.5], "texture": "#0"},
				"east": {"uv": [2.5, 13.5, 3, 14], "texture": "#0"},
				"south": {"uv": [13.5, 2.5, 14, 3], "texture": "#0"},
				"west": {"uv": [3, 13.5, 3.5, 14], "texture": "#0"},
				"up": {"uv": [14, 3.5, 13.5, 3], "texture": "#0"},
				"down": {"uv": [4, 13.5, 3.5, 14], "texture": "#0"}
			}
		},
		{
			"from": [8, 31.5, 7],
			"to": [9, 32, 9],
			"faces": {
				"north": {"uv": [13.5, 3.5, 14, 4], "texture": "#0"},
				"east": {"uv": [10.5, 5, 11.5, 5.5], "texture": "#0"},
				"south": {"uv": [4, 13.5, 4.5, 14], "texture": "#0"},
				"west": {"uv": [10.5, 5.5, 11.5, 6], "texture": "#0"},
				"up": {"uv": [6.5, 11.5, 6, 10.5], "texture": "#0"},
				"down": {"uv": [11, 6, 10.5, 7], "texture": "#0"}
			}
		},
		{
			"from": [8, 30, 4],
			"to": [9, 31, 6],
			"faces": {
				"north": {"uv": [13.5, 4, 14, 4.5], "texture": "#0"},
				"east": {"uv": [10.5, 7, 11.5, 7.5], "texture": "#0"},
				"south": {"uv": [4.5, 13.5, 5, 14], "texture": "#0"},
				"west": {"uv": [10.5, 7.5, 11.5, 8], "texture": "#0"},
				"up": {"uv": [11, 9, 10.5, 8], "texture": "#0"},
				"down": {"uv": [9, 10.5, 8.5, 11.5], "texture": "#0"}
			}
		},
		{
			"from": [10, 2, 11],
			"to": [11, 3, 14],
			"faces": {
				"north": {"uv": [12, 10, 13, 11], "texture": "#2"},
				"east": {"uv": [8, 8, 11, 9], "texture": "#2"},
				"south": {"uv": [13, 3, 14, 4], "texture": "#2"},
				"west": {"uv": [9, 0, 12, 1], "texture": "#2"},
				"up": {"uv": [10, 4, 9, 1], "texture": "#2"},
				"down": {"uv": [10, 4, 9, 7], "texture": "#2"}
			}
		},
		{
			"from": [10, 2, 7],
			"to": [11, 3, 10],
			"faces": {
				"north": {"uv": [14, 0, 15, 1], "texture": "#2"},
				"east": {"uv": [9, 7, 12, 8], "texture": "#2"},
				"south": {"uv": [14, 1, 15, 2], "texture": "#2"},
				"west": {"uv": [8, 9, 11, 10], "texture": "#2"},
				"up": {"uv": [1, 13, 0, 10], "texture": "#2"},
				"down": {"uv": [2, 10, 1, 13], "texture": "#2"}
			}
		},
		{
			"from": [6, 2, 11],
			"to": [7, 3, 14],
			"faces": {
				"north": {"uv": [2, 14, 3, 15], "texture": "#2"},
				"east": {"uv": [10, 1, 13, 2], "texture": "#2"},
				"south": {"uv": [14, 2, 15, 3], "texture": "#2"},
				"west": {"uv": [2, 10, 5, 11], "texture": "#2"},
				"up": {"uv": [11, 5, 10, 2], "texture": "#2"},
				"down": {"uv": [6, 10, 5, 13], "texture": "#2"}
			}
		},
		{
			"from": [6, 2, 7],
			"to": [7, 3, 10],
			"faces": {
				"north": {"uv": [3, 14, 4, 15], "texture": "#2"},
				"east": {"uv": [10, 5, 13, 6], "texture": "#2"},
				"south": {"uv": [14, 3, 15, 4], "texture": "#2"},
				"west": {"uv": [6, 10, 9, 11], "texture": "#2"},
				"up": {"uv": [10, 13, 9, 10], "texture": "#2"},
				"down": {"uv": [11, 10, 10, 13], "texture": "#2"}
			}
		},
		{
			"from": [8, 0, 7],
			"to": [9, 1, 9],
			"faces": {
				"north": {"uv": [4, 14, 5, 15], "texture": "#2"},
				"east": {"uv": [10, 6, 12, 7], "texture": "#2"},
				"south": {"uv": [14, 4, 15, 5], "texture": "#2"},
				"west": {"uv": [11, 11, 13, 12], "texture": "#2"},
				"up": {"uv": [13, 4, 12, 2], "texture": "#2"},
				"down": {"uv": [13, 6, 12, 8], "texture": "#2"}
			}
		},
		{
			"from": [8, 4, 12],
			"to": [9, 5, 16],
			"faces": {
				"north": {"uv": [14, 5, 15, 6], "texture": "#2"},
				"east": {"uv": [4, 0, 8, 1], "texture": "#2"},
				"south": {"uv": [6, 14, 7, 15], "texture": "#2"},
				"west": {"uv": [4, 1, 8, 2], "texture": "#2"},
				"up": {"uv": [5, 6, 4, 2], "texture": "#2"},
				"down": {"uv": [6, 2, 5, 6], "texture": "#2"}
			}
		},
		{
			"from": [8, 4, 7],
			"to": [9, 5, 9],
			"faces": {
				"north": {"uv": [14, 6, 15, 7], "texture": "#2"},
				"east": {"uv": [12, 0, 14, 1], "texture": "#2"},
				"south": {"uv": [7, 14, 8, 15], "texture": "#2"},
				"west": {"uv": [12, 4, 14, 5], "texture": "#2"},
				"up": {"uv": [13, 10, 12, 8], "texture": "#2"},
				"down": {"uv": [12, 12, 11, 14], "texture": "#2"}
			}
		},
		{
			"from": [8, 0, 12],
			"to": [9, 1, 13],
			"faces": {
				"north": {"uv": [14, 7, 15, 8], "texture": "#2"},
				"east": {"uv": [8, 14, 9, 15], "texture": "#2"},
				"south": {"uv": [14, 8, 15, 9], "texture": "#2"},
				"west": {"uv": [14, 9, 15, 10], "texture": "#2"},
				"up": {"uv": [15, 11, 14, 10], "texture": "#2"},
				"down": {"uv": [12, 14, 11, 15], "texture": "#2"}
			}
		},
		{
			"from": [8, 1, 2],
			"to": [9, 5, 3],
			"faces": {
				"north": {"uv": [0, 6, 1, 10], "texture": "#2"},
				"east": {"uv": [1, 6, 2, 10], "texture": "#2"},
				"south": {"uv": [2, 6, 3, 10], "texture": "#2"},
				"west": {"uv": [6, 2, 7, 6], "texture": "#2"},
				"up": {"uv": [15, 12, 14, 11], "texture": "#2"},
				"down": {"uv": [13, 14, 12, 15], "texture": "#2"}
			}
		},
		{
			"from": [8, 0, 3],
			"to": [9, 1, 4],
			"faces": {
				"north": {"uv": [14, 12, 15, 13], "texture": "#2"},
				"east": {"uv": [14, 13, 15, 14], "texture": "#2"},
				"south": {"uv": [14, 14, 15, 15], "texture": "#2"},
				"west": {"uv": [0, 15, 1, 16], "texture": "#2"},
				"up": {"uv": [16, 1, 15, 0], "texture": "#2"},
				"down": {"uv": [2, 15, 1, 16], "texture": "#2"}
			}
		},
		{
			"from": [8, 28, 3],
			"to": [9, 29, 4],
			"faces": {
				"north": {"uv": [15, 1, 16, 2], "texture": "#2"},
				"east": {"uv": [2, 15, 3, 16], "texture": "#2"},
				"south": {"uv": [15, 2, 16, 3], "texture": "#2"},
				"west": {"uv": [3, 15, 4, 16], "texture": "#2"},
				"up": {"uv": [16, 4, 15, 3], "texture": "#2"},
				"down": {"uv": [5, 15, 4, 16], "texture": "#2"}
			}
		},
		{
			"from": [8, 8.5, 1],
			"to": [9, 12, 2],
			"faces": {
				"north": {"uv": [3, 6, 4, 10], "texture": "#2"},
				"east": {"uv": [4, 6, 5, 10], "texture": "#2"},
				"south": {"uv": [5, 6, 6, 10], "texture": "#2"},
				"west": {"uv": [6, 6, 7, 10], "texture": "#2"},
				"up": {"uv": [16, 5, 15, 4], "texture": "#2"},
				"down": {"uv": [6, 15, 5, 16], "texture": "#2"}
			}
		},
		{
			"from": [8, 9, -1],
			"to": [9, 11, 0],
			"faces": {
				"north": {"uv": [12, 12, 13, 14], "texture": "#2"},
				"east": {"uv": [0, 13, 1, 15], "texture": "#2"},
				"south": {"uv": [1, 13, 2, 15], "texture": "#2"},
				"west": {"uv": [13, 1, 14, 3], "texture": "#2"},
				"up": {"uv": [16, 6, 15, 5], "texture": "#2"},
				"down": {"uv": [7, 15, 6, 16], "texture": "#2"}
			}
		},
		{
			"from": [8, 13.5, 0],
			"to": [9, 17, 1],
			"faces": {
				"north": {"uv": [7, 2, 8, 6], "texture": "#2"},
				"east": {"uv": [7, 6, 8, 10], "texture": "#2"},
				"south": {"uv": [8, 0, 9, 4], "texture": "#2"},
				"west": {"uv": [8, 4, 9, 8], "texture": "#2"},
				"up": {"uv": [16, 7, 15, 6], "texture": "#2"},
				"down": {"uv": [8, 15, 7, 16], "texture": "#2"}
			}
		},
		{
			"from": [8, 14, -2],
			"to": [9, 16, -1],
			"faces": {
				"north": {"uv": [5, 13, 6, 15], "texture": "#2"},
				"east": {"uv": [13, 5, 14, 7], "texture": "#2"},
				"south": {"uv": [13, 7, 14, 9], "texture": "#2"},
				"west": {"uv": [9, 13, 10, 15], "texture": "#2"},
				"up": {"uv": [16, 8, 15, 7], "texture": "#2"},
				"down": {"uv": [9, 15, 8, 16], "texture": "#2"}
			}
		},
		{
			"from": [8, 17.5, 1],
			"to": [9, 20, 2],
			"faces": {
				"north": {"uv": [2, 11, 3, 14], "texture": "#2"},
				"east": {"uv": [11, 2, 12, 5], "texture": "#2"},
				"south": {"uv": [3, 11, 4, 14], "texture": "#2"},
				"west": {"uv": [4, 11, 5, 14], "texture": "#2"},
				"up": {"uv": [16, 9, 15, 8], "texture": "#2"},
				"down": {"uv": [10, 15, 9, 16], "texture": "#2"}
			}
		},
		{
			"from": [8, 20.5, 0],
			"to": [9, 23, 1],
			"faces": {
				"north": {"uv": [6, 11, 7, 14], "texture": "#2"},
				"east": {"uv": [7, 11, 8, 14], "texture": "#2"},
				"south": {"uv": [8, 11, 9, 14], "texture": "#2"},
				"west": {"uv": [11, 8, 12, 11], "texture": "#2"},
				"up": {"uv": [16, 10, 15, 9], "texture": "#2"},
				"down": {"uv": [11, 15, 10, 16], "texture": "#2"}
			}
		},
		{
			"from": [8, 26, 2],
			"to": [9, 27, 3],
			"faces": {
				"north": {"uv": [15, 10, 16, 11], "texture": "#2"},
				"east": {"uv": [11, 15, 12, 16], "texture": "#2"},
				"south": {"uv": [15, 11, 16, 12], "texture": "#2"},
				"west": {"uv": [12, 15, 13, 16], "texture": "#2"},
				"up": {"uv": [16, 13, 15, 12], "texture": "#2"},
				"down": {"uv": [14, 15, 13, 16], "texture": "#2"}
			}
		},
		{
			"from": [8, 19.5, 2],
			"to": [9, 25, 3],
			"faces": {
				"north": {"uv": [0, 0, 1, 6], "texture": "#2"},
				"east": {"uv": [1, 0, 2, 6], "texture": "#2"},
				"south": {"uv": [2, 0, 3, 6], "texture": "#2"},
				"west": {"uv": [3, 0, 4, 6], "texture": "#2"},
				"up": {"uv": [16, 14, 15, 13], "texture": "#2"},
				"down": {"uv": [15, 15, 14, 16], "texture": "#2"}
			}
		},
		{
			"from": [8, 18, -1],
			"to": [9, 20, 0],
			"faces": {
				"north": {"uv": [13, 9, 14, 11], "texture": "#2"},
				"east": {"uv": [10, 13, 11, 15], "texture": "#2"},
				"south": {"uv": [13, 11, 14, 13], "texture": "#2"},
				"west": {"uv": [13, 13, 14, 15], "texture": "#2"},
				"up": {"uv": [16, 15, 15, 14], "texture": "#2"},
				"down": {"uv": [16, 15, 15, 16], "texture": "#2"}
			}
		}
	],
	"display": {
		"thirdperson_righthand": {
			"translation": [-0.5, 3.5, 4]
		},
		"thirdperson_lefthand": {
			"translation": [0.5, 3.5, 4]
		},
		"firstperson_righthand": {
			"translation": [2.5, 0, 0]
		},
		"firstperson_lefthand": {
			"translation": [2.25, 0, 0]
		},
		"ground": {
			"rotation": [0, 0, 90],
			"translation": [7.5, 0, 0]
		},
		"gui": {
			"rotation": [0, 90, 0],
			"translation": [0, -4, 0],
			"scale": [0.5, 0.5, 0.5]
		},
		"head": {
			"translation": [0, 6.25, 0]
		},
		"fixed": {
			"rotation": [0, 90, 0],
			"translation": [1, -4.75, -2],
			"scale": [0.6, 0.6, 0.6]
		}
	},
	"groups": [
		{
			"name": "Gauntlet",
			"origin": [0, 0, 0],
			"color": 0,
			"children": [0, 1, 2, 3, 4, 5, 6, 7, 8, 9, 10, 11, 12, 13, 14, 15, 16, 17, 18]
		},
		{
			"name": "Blade",
			"origin": [0, 0, 0],
			"color": 0,
			"children": [19, 20, 21, 22, 23, 24, 25, 26, 27, 28, 29, 30, 31, 32, 33, 34, 35, 36, 37, 38, 39, 40, 41, 42, 43, 44, 45, 46, 47, 48, 49, 50, 51, 52, 53, 54, 55, 56, 57, 58, 59, 60, 61, 62, 63, 64, 65, 66, 67, 68, 69, 70, 71, 72, 73, 74, 75, 76, 77, 78, 79, 80, 81, 82, 83, 84, 85, 86, 87, 88, 89, 90, 91, 92, 93, 94, 95, 96]
		},
		{
			"name": "Translucent",
			"origin": [0, 0, 0],
			"color": 0,
			"children": [97, 98, 99, 100, 101, 102, 103, 104, 105, 106, 107, 108, 109, 110, 111, 112, 113, 114, 115, 116]
		}
	]
}