{
	"credit": "Made with Blockbench",
	"textures": {
		"0": "block/relics/peaksgoat",
		"particle": "block/relics/peaksgoat"
	},
	"elements": [
		{
			"from": [2, 2, 5],
			"to": [13, 20, 18],
			"faces": {
				"north": {"uv": [11, 11.75, 12.25, 14], "texture": "#0"},
				"east": {"uv": [15.75, 14, 13.25, 15.75], "texture": "#0"},
				"south": {"uv": [5.5, 4.25, 7.75, 7], "texture": "#0"},
				"west": {"uv": [13.25, 14, 15.75, 15.75], "texture": "#0"},
				"up": {"uv": [2.5, 4.25, 5.25, 7], "texture": "#0"},
				"down": {"uv": [11, 15.75, 12.25, 14], "texture": "#0"}
			}
		},
		{
			"from": [9, 20, 0],
			"to": [11, 27, 3],
			"rotation": {"angle": 22.5, "axis": "x", "origin": [0, 0, 0]},
			"faces": {
				"north": {"uv": [3.5, 13.75, 4.5, 16], "texture": "#0"},
				"east": {"uv": [3.5, 13.75, 4.5, 16], "texture": "#0"},
				"south": {"uv": [3.5, 13.75, 4.5, 16], "texture": "#0"},
				"west": {"uv": [3.5, 13.75, 4.5, 16], "texture": "#0"},
				"up": {"uv": [3.5, 13.75, 4.5, 16], "texture": "#0"},
				"down": {"uv": [3.5, 13.75, 4.5, 16], "texture": "#0"}
			}
		},
		{
			"from": [4, 20, 0],
			"to": [6, 27, 3],
			"rotation": {"angle": 22.5, "axis": "x", "origin": [0, 0, 0]},
			"faces": {
				"north": {"uv": [3.5, 13.75, 4.5, 16], "texture": "#0"},
				"east": {"uv": [3.5, 13.75, 4.5, 16], "texture": "#0"},
				"south": {"uv": [3.5, 13.75, 4.5, 16], "texture": "#0"},
				"west": {"uv": [3.5, 13.75, 4.5, 16], "texture": "#0"},
				"up": {"uv": [3.5, 13.75, 4.5, 16], "texture": "#0"},
				"down": {"uv": [3.5, 13.75, 4.5, 16], "texture": "#0"}
			}
		}
	],
	"display": {
		"thirdperson_righthand": {
			"rotation": [64, 10, 0],
			"translation": [-1.5, 2.75, 0],
			"scale": [0.37, 0.37, 0.37]
		},
		"thirdperson_lefthand": {
			"rotation": [64, 10, 0],
			"translation": [-1.5, 2.75, 0],
			"scale": [0.37, 0.37, 0.37]
		},
		"firstperson_righthand": {
			"rotation": [0, 113, 0],
			"translation": [9.25, -2.5, -8.75],
			"scale": [0.59, 0.59, 0.59]
		},
		"firstperson_lefthand": {
			"rotation": [0, 113, 0],
			"translation": [9.25, -2.5, -8.75],
			"scale": [0.59, 0.59, 0.59]
		},
		"ground": {
			"translation": [0, 2, 0],
			"scale": [0.73, 0.73, 0.73]
		},
		"head": {
			"translation": [0.75, -1.5, -5.75],
			"scale": [1.33, 1.21, 1.31]
		}
	},
	"groups": [
		{
			"name": "group",
			"origin": [0, 0, 0],
			"color": 0,
			"children": [0, 1, 2]
		}
	]
}