{"parent":"minecraft:item/generated","textures":{"layer0":"minecraft:item/paper"},"overrides":[{"predicate":{"custom_model_data":10000},"model":"z_iainternal:auto_generated/icon_left_blue"},{"predicate":{"custom_model_data":10001},"model":"z_iainternal:auto_generated/icon_right_blue"},{"predicate":{"custom_model_data":10002},"model":"z_iainternal:auto_generated/icon_search"},{"predicate":{"custom_model_data":10003},"model":"z_iainternal:auto_generated/icon_cancel"},{"predicate":{"custom_model_data":10004},"model":"z_iainternal:auto_generated/icon_arrow_chest"},{"predicate":{"custom_model_data":10005},"model":"z_iainternal:auto_generated/icon_back_orange"},{"predicate":{"custom_model_data":10006},"model":"z_iainternal:auto_generated/icon_next_orange"},{"predicate":{"custom_model_data":10007},"model":"mcicons:auto_generated/icon_left_gray"},{"predicate":{"custom_model_data":10008},"model":"mcicons:auto_generated/icon_left_blue"},{"predicate":{"custom_model_data":10009},"model":"mcicons:auto_generated/icon_right_gray"},{"predicate":{"custom_model_data":10010},"model":"mcicons:auto_generated/icon_right_blue"},{"predicate":{"custom_model_data":10011},"model":"mcicons:auto_generated/icon_up_gray"},{"predicate":{"custom_model_data":10012},"model":"mcicons:auto_generated/icon_up_blue"},{"predicate":{"custom_model_data":10013},"model":"mcicons:auto_generated/icon_down_gray"},{"predicate":{"custom_model_data":10014},"model":"mcicons:auto_generated/icon_down_blue"},{"predicate":{"custom_model_data":10015},"model":"mcicons:auto_generated/icon_next_white"},{"predicate":{"custom_model_data":10016},"model":"mcicons:auto_generated/icon_next_orange"},{"predicate":{"custom_model_data":10017},"model":"mcicons:auto_generated/icon_back_white"},{"predicate":{"custom_model_data":10018},"model":"mcicons:auto_generated/icon_back_orange"},{"predicate":{"custom_model_data":10019},"model":"mcicons:auto_generated/icon_cancel"},{"predicate":{"custom_model_data":10020},"model":"mcicons:auto_generated/icon_confirm"},{"predicate":{"custom_model_data":10021},"model":"mcicons:auto_generated/icon_lock"},{"predicate":{"custom_model_data":10022},"model":"mcicons:auto_generated/icon_unlock"},{"predicate":{"custom_model_data":10023},"model":"mcicons:auto_generated/icon_web"},{"predicate":{"custom_model_data":10024},"model":"mcicons:auto_generated/icon_ender_chest"},{"predicate":{"custom_model_data":10025},"model":"mcicons:auto_generated/icon_refresh"},{"predicate":{"custom_model_data":10026},"model":"mcicons:auto_generated/icon_time_day"},{"predicate":{"custom_model_data":10027},"model":"mcicons:auto_generated/icon_time_midnight"},{"predicate":{"custom_model_data":10028},"model":"mcicons:auto_generated/icon_time_night"},{"predicate":{"custom_model_data":10029},"model":"mcicons:auto_generated/icon_time_noon"},{"predicate":{"custom_model_data":10030},"model":"mcicons:auto_generated/icon_time_sunrise"},{"predicate":{"custom_model_data":10031},"model":"mcicons:auto_generated/icon_time_sunset"},{"predicate":{"custom_model_data":10032},"model":"mcicons:auto_generated/icon_toggle_off"},{"predicate":{"custom_model_data":10033},"model":"mcicons:auto_generated/icon_toggle_on"},{"predicate":{"custom_model_data":10034},"model":"mcicons:auto_generated/icon_arrow_chest"},{"predicate":{"custom_model_data":10035},"model":"mcicons:auto_generated/icon_plus"},{"predicate":{"custom_model_data":10036},"model":"mcicons:auto_generated/icon_color_picker"},{"predicate":{"custom_model_data":10037},"model":"mcicons:auto_generated/icon_comment"},{"predicate":{"custom_model_data":10038},"model":"mcicons:auto_generated/icon_search"},{"predicate":{"custom_model_data":10039},"model":"minecraft:item/paper"}]}