{
	"credit": "Made By DerpDerpling",
	"texture_size": [32, 32],
	"textures": {
		"0": "custom_items/textures/player_textures/hob_gauntlet",
		"particle": "custom_items/textures/player_textures/hob_gauntlet"
	},
	"elements": [
		{
			"from": [6, 0, 5],
			"to": [10, 0, 9],
			"rotation": {"angle": 0, "axis": "y", "origin": [8, 3, 7]},
			"faces": {
				"north": {"uv": [4, 13, 6, 16], "texture": "#0"},
				"east": {"uv": [2, 13, 4, 16], "texture": "#0"},
				"south": {"uv": [0, 13, 2, 16], "texture": "#0"},
				"west": {"uv": [6, 13, 8, 16], "texture": "#0"},
				"up": {"uv": [4.5, 11.5, 5, 12], "texture": "#0"},
				"down": {"uv": [4, 13, 6, 11], "rotation": 90, "texture": "#0"}
			}
		},
		{
			"from": [6, 0, 5],
			"to": [10, 6, 5],
			"rotation": {"angle": 0, "axis": "y", "origin": [8, 3, 7]},
			"faces": {
				"north": {"uv": [4, 13, 6, 16], "texture": "#0"},
				"east": {"uv": [2, 13, 4, 16], "texture": "#0"},
				"south": {"uv": [4.5, 11.5, 5, 12], "texture": "#0"},
				"west": {"uv": [6, 13, 8, 16], "texture": "#0"},
				"up": {"uv": [2, 11, 4, 13], "texture": "#0"},
				"down": {"uv": [4, 13, 6, 11], "rotation": 90, "texture": "#0"}
			}
		},
		{
			"from": [6, 0, 5],
			"to": [6, 6, 9],
			"rotation": {"angle": 0, "axis": "y", "origin": [8, 3, 7]},
			"faces": {
				"north": {"uv": [4, 13, 6, 16], "texture": "#0"},
				"east": {"uv": [4.5, 11.5, 5, 12], "texture": "#0"},
				"south": {"uv": [0, 13, 2, 16], "texture": "#0"},
				"west": {"uv": [6, 13, 8, 16], "texture": "#0"},
				"up": {"uv": [2, 11, 4, 13], "texture": "#0"},
				"down": {"uv": [4, 13, 6, 11], "rotation": 90, "texture": "#0"}
			}
		},
		{
			"from": [6, 0, 9],
			"to": [10, 6, 9],
			"rotation": {"angle": 0, "axis": "y", "origin": [8, 3, 7]},
			"faces": {
				"north": {"uv": [4.5, 11.5, 5, 12], "texture": "#0"},
				"east": {"uv": [2, 13, 4, 16], "texture": "#0"},
				"south": {"uv": [0, 13, 2, 16], "texture": "#0"},
				"west": {"uv": [4.5, 11.5, 5, 12], "texture": "#0"},
				"up": {"uv": [2, 11, 4, 13], "texture": "#0"},
				"down": {"uv": [4, 13, 6, 11], "rotation": 90, "texture": "#0"}
			}
		},
		{
			"from": [10, 0, 5],
			"to": [10, 6, 9],
			"rotation": {"angle": 0, "axis": "y", "origin": [8, 3, 7]},
			"faces": {
				"north": {"uv": [4, 13, 6, 16], "texture": "#0"},
				"east": {"uv": [2, 13, 4, 16], "texture": "#0"},
				"south": {"uv": [0, 13, 2, 16], "texture": "#0"},
				"west": {"uv": [4.5, 11.5, 5, 12], "texture": "#0"},
				"up": {"uv": [2, 11, 4, 13], "texture": "#0"},
				"down": {"uv": [4, 13, 6, 11], "rotation": 90, "texture": "#0"}
			}
		},
		{
			"from": [5.75, 0, 4.75],
			"to": [10.25, 6, 9.25],
			"rotation": {"angle": 0, "axis": "y", "origin": [8, 3, 7]},
			"faces": {
				"north": {"uv": [12, 13, 14, 16], "texture": "#0"},
				"east": {"uv": [12, 13, 10, 16], "texture": "#0"},
				"south": {"uv": [8, 13, 10, 16], "texture": "#0"},
				"west": {"uv": [16, 13, 14, 16], "texture": "#0"},
				"up": {"uv": [2, 11, 4, 13], "texture": "#0"},
				"down": {"uv": [12, 13, 14, 11], "rotation": 90, "texture": "#0"}
			}
		},
		{
			"name": "stones",
			"from": [6, 1, 3.99],
			"to": [10, 2, 4.99],
			"rotation": {"angle": 0, "axis": "y", "origin": [8, 3, 7]},
			"faces": {
				"north": {"uv": [2, 0, 0, 0.5], "rotation": 180, "texture": "#0"},
				"east": {"uv": [0.5, 0, 0, 0.5], "rotation": 180, "texture": "#0"},
				"south": {"uv": [2, 0, 0, 0.5], "texture": "#0"},
				"west": {"uv": [2, 0, 1.5, 0.5], "rotation": 180, "texture": "#0"},
				"up": {"uv": [2, 0, 0, 0.5], "texture": "#0"},
				"down": {"uv": [2, 0, 0, 0.5], "texture": "#0"}
			}
		},
		{
			"name": "mind",
			"from": [7, 3, 3.99],
			"to": [9, 5, 4.99],
			"rotation": {"angle": 0, "axis": "y", "origin": [8, 3, 7]},
			"faces": {
				"north": {"uv": [3.5, 0, 2.5, 1], "rotation": 180, "texture": "#0"},
				"east": {"uv": [3, 0, 2.5, 1], "rotation": 180, "texture": "#0"},
				"south": {"uv": [3.5, 0, 2.5, 1], "rotation": 90, "texture": "#0"},
				"west": {"uv": [3.5, 0, 3, 1], "rotation": 180, "texture": "#0"},
				"up": {"uv": [3.5, 0, 3, 1], "rotation": 90, "texture": "#0"},
				"down": {"uv": [3, 0, 2.5, 1], "rotation": 90, "texture": "#0"}
			}
		},
		{
			"name": "time",
			"from": [10.01, 1, 5],
			"to": [11.01, 2, 6],
			"rotation": {"angle": 0, "axis": "y", "origin": [8, 3, 7]},
			"faces": {
				"north": {"uv": [2.5, 0, 2, 0.5], "texture": "#0"},
				"east": {"uv": [2.5, 0, 2, 0.5], "texture": "#0"},
				"south": {"uv": [2.5, 0, 2, 0.5], "texture": "#0"},
				"west": {"uv": [2.5, 0, 2, 0.5], "texture": "#0"},
				"up": {"uv": [2.5, 0, 2, 0.5], "texture": "#0"},
				"down": {"uv": [2.5, 0, 2, 0.5], "texture": "#0"}
			}
		}
	],
	"display": {
		"thirdperson_righthand": {
			"rotation": [90, -90, 0],
			"translation": [-1.25, -2, 8.5],
			"scale": [1.2, 1.2, 1.2]
		},
		"thirdperson_lefthand": {
			"rotation": [90, -90, 0],
			"translation": [-1.25, -2, 8.5],
			"scale": [1.2, 1.2, 1.2]
		},
		"firstperson_righthand": {
			"rotation": [130, 0, 0],
			"translation": [0, -1.25, 4.5],
			"scale": [1.2, 1.2, 1.2]
		},
		"firstperson_lefthand": {
			"rotation": [130, 0, 0],
			"translation": [0, -1.25, 4.5],
			"scale": [1.2, 1.2, 1.2]
		},
		"ground": {
			"rotation": [-180, 0, 0],
			"translation": [0, -6, -1.5],
			"scale": [2, 2, 2]
		},
		"gui": {
			"rotation": [120, 0, 135],
			"translation": [-6.75, 1.5, 0],
			"scale": [2, 2, 2]
		},
		"head": {
			"rotation": [-180, -180, 0],
			"translation": [0, 2.75, 1.75],
			"scale": [1.8, 1.8, 1.8]
		},
		"fixed": {
			"rotation": [0, 0, -180],
			"translation": [0, -14.75, 0],
			"scale": [3, 3, 3]
		}
	},
	"groups": [
		{
			"name": "gauntlet",
			"origin": [0, 0, 0],
			"color": 0,
			"nbt": "{}",
			"armAnimationEnabled": false,
			"children": [0, 1, 2, 3, 4, 5, 6, 7, 8]
		}
	]
}