{
	"credit": "Made By DerpDerpling",
	"texture_size": [64, 64],
	"textures": {
		"1": "item/nekwither",
		"particle": "custom_items/textures/player_textures/nekwither"
	},
	"elements": [
		{
			"name": "body1",
			"from": [-2, 15.85, 7.5],
			"to": [18, 18.85, 10.5],
			"rotation": {"angle": 0, "axis": "y", "origin": [0, 1.75, 1]},
			"faces": {
				"north": {"uv": [0.75, 4.75, 5.75, 5.5], "texture": "#1"},
				"east": {"uv": [0, 4.75, 0.75, 5.5], "texture": "#1"},
				"south": {"uv": [6.5, 4.75, 11.5, 5.5], "texture": "#1"},
				"west": {"uv": [5.75, 4.75, 6.5, 5.5], "texture": "#1"},
				"up": {"uv": [5.75, 4.75, 0.75, 4], "texture": "#1"},
				"down": {"uv": [10.75, 4, 5.75, 4.75], "texture": "#1"}
			}
		},
		{
			"name": "head3",
			"from": [-4, 16.75, 4],
			"to": [2, 22.75, 10],
			"rotation": {"angle": 0, "axis": "y", "origin": [0, 1.75, 1]},
			"faces": {
				"north": {"uv": [9.5, 1.5, 11, 3], "texture": "#1"},
				"east": {"uv": [8, 1.5, 9.5, 3], "texture": "#1"},
				"south": {"uv": [12.5, 1.5, 14, 3], "texture": "#1"},
				"west": {"uv": [11, 1.5, 12.5, 3], "texture": "#1"},
				"up": {"uv": [11, 1.5, 9.5, 0], "texture": "#1"},
				"down": {"uv": [12.5, 0, 11, 1.5], "texture": "#1"}
			}
		},
		{
			"name": "body2",
			"from": [3, 7.35, 8],
			"to": [14, 9.35, 10],
			"rotation": {"angle": 0, "axis": "y", "origin": [0, 1.75, 1]},
			"faces": {
				"north": {"uv": [6.5, 6, 9.25, 6.5], "texture": "#1"},
				"east": {"uv": [6, 6, 6.5, 6.5], "texture": "#1"},
				"south": {"uv": [9.75, 6, 12.5, 6.5], "texture": "#1"},
				"west": {"uv": [9.25, 6, 9.75, 6.5], "texture": "#1"},
				"up": {"uv": [9.25, 6, 6.5, 5.5], "texture": "#1"},
				"down": {"uv": [12, 5.5, 9.25, 6], "texture": "#1"}
			}
		},
		{
			"name": "body2",
			"from": [3, 9.85, 8],
			"to": [14, 11.85, 10],
			"rotation": {"angle": 0, "axis": "y", "origin": [0, 1.75, 1]},
			"faces": {
				"north": {"uv": [6.5, 6, 9.25, 6.5], "texture": "#1"},
				"east": {"uv": [6, 6, 6.5, 6.5], "texture": "#1"},
				"south": {"uv": [9.75, 6, 12.5, 6.5], "texture": "#1"},
				"west": {"uv": [9.25, 6, 9.75, 6.5], "texture": "#1"},
				"up": {"uv": [9.25, 6, 6.5, 5.5], "texture": "#1"},
				"down": {"uv": [12, 5.5, 9.25, 6], "texture": "#1"}
			}
		},
		{
			"name": "body2",
			"from": [3, 12.35, 8],
			"to": [14, 14.35, 10],
			"rotation": {"angle": 0, "axis": "y", "origin": [0, 1.75, 1]},
			"faces": {
				"north": {"uv": [6.5, 6, 9.25, 6.5], "texture": "#1"},
				"east": {"uv": [6, 6, 6.5, 6.5], "texture": "#1"},
				"south": {"uv": [9.75, 6, 12.5, 6.5], "texture": "#1"},
				"west": {"uv": [9.25, 6, 9.75, 6.5], "texture": "#1"},
				"up": {"uv": [9.25, 6, 6.5, 5.5], "texture": "#1"},
				"down": {"uv": [12, 5.5, 9.25, 6], "texture": "#1"}
			}
		},
		{
			"name": "body2",
			"from": [7, 5.85, 7.5],
			"to": [10, 15.85, 10.5],
			"rotation": {"angle": 0, "axis": "y", "origin": [0, 1.75, 1]},
			"faces": {
				"north": {"uv": [0.75, 6.25, 1.5, 8.75], "texture": "#1"},
				"east": {"uv": [0, 6.25, 0.75, 8.75], "texture": "#1"},
				"south": {"uv": [2.25, 6.25, 3, 8.75], "texture": "#1"},
				"west": {"uv": [1.5, 6.25, 2.25, 8.75], "texture": "#1"},
				"up": {"uv": [1.5, 6.25, 0.75, 5.5], "texture": "#1"},
				"down": {"uv": [2.25, 5.5, 1.5, 6.25], "texture": "#1"}
			}
		},
		{
			"name": "body3",
			"from": [7, -7.15, 10.5],
			"to": [10, -1.15, 13.5],
			"rotation": {"angle": -45, "axis": "x", "origin": [0, -0.25, 1]},
			"faces": {
				"north": {"uv": [3.75, 6.25, 4.5, 7.75], "texture": "#1"},
				"east": {"uv": [3, 6.25, 3.75, 7.75], "texture": "#1"},
				"south": {"uv": [5.25, 6.25, 6, 7.75], "texture": "#1"},
				"west": {"uv": [4.5, 6.25, 5.25, 7.75], "texture": "#1"},
				"up": {"uv": [4.5, 6.25, 3.75, 5.5], "texture": "#1"},
				"down": {"uv": [5.25, 5.5, 4.5, 6.25], "texture": "#1"}
			}
		},
		{
			"name": "head1",
			"from": [4, 18.75, 4],
			"to": [12, 26.75, 12],
			"rotation": {"angle": 0, "axis": "y", "origin": [0, 1.75, 1]},
			"faces": {
				"north": {"uv": [2, 2, 4, 4], "texture": "#1"},
				"east": {"uv": [0, 2, 2, 4], "texture": "#1"},
				"south": {"uv": [6, 2, 8, 4], "texture": "#1"},
				"west": {"uv": [4, 2, 6, 4], "texture": "#1"},
				"up": {"uv": [4, 2, 2, 0], "texture": "#1"},
				"down": {"uv": [6, 0, 4, 2], "texture": "#1"}
			}
		},
		{
			"name": "head2",
			"from": [14, 16.75, 4],
			"to": [20, 22.75, 10],
			"rotation": {"angle": 0, "axis": "y", "origin": [0, 1.75, 1]},
			"faces": {
				"north": {"uv": [9.5, 1.5, 11, 3], "texture": "#1"},
				"east": {"uv": [8, 1.5, 9.5, 3], "texture": "#1"},
				"south": {"uv": [12.5, 1.5, 14, 3], "texture": "#1"},
				"west": {"uv": [11, 1.5, 12.5, 3], "texture": "#1"},
				"up": {"uv": [11, 1.5, 9.5, 0], "texture": "#1"},
				"down": {"uv": [12.5, 0, 11, 1.5], "texture": "#1"}
			}
		}
	],
	"display": {
		"thirdperson_righthand": {
			"rotation": [71, 0, 0],
			"translation": [0, 9.25, 1.75],
			"scale": [1.5, 1.5, 1.5]
		},
		"thirdperson_lefthand": {
			"rotation": [71, 0, 0],
			"translation": [0, 9.25, 1.75],
			"scale": [1.5, 1.5, 1.5]
		},
		"firstperson_righthand": {
			"rotation": [0, -180, 0],
			"scale": [0.5, 0.5, 0.5]
		},
		"firstperson_lefthand": {
			"rotation": [0, -180, 0],
			"scale": [0.5, 0.5, 0.5]
		},
		"ground": {
			"translation": [0, 3.25, 0]
		},
		"gui": {
			"rotation": [0, -180, 0],
			"translation": [0.25, -3.5, 0],
			"scale": [0.5, 0.5, 0.5]
		},
		"head": {
			"translation": [0.25, -26.5, 0],
			"scale": [3, 3, 3]
		},
		"fixed": {
			"translation": [0, -3, -6.25]
		}
	}
}