{
	"credit": "Made By DerpDerpling",
	"parent": "minecraft:item/handheld",
	"textures": {
		"layer0": "custom_items/textures/player_textures/nollid_pick"
	},
	"gui_light": "front",
	"display": {
		"thirdperson_righthand": {
			"rotation": [0, 90, 55],
			"translation": [0, 4, 3.5],
			"scale": [0.85, 0.85, 0.85]
		},
		"thirdperson_lefthand": {
			"rotation": [0, -90, -55],
			"translation": [0, 4, 3.5],
			"scale": [0.85, 0.85, 0.85]
		},
		"firstperson_righthand": {
			"rotation": [0, 90, 25],
			"translation": [1, 3, 1]
		},
		"firstperson_lefthand": {
			"rotation": [0, -90, 25],
			"translation": [1, 3, 1]
		},
		"ground": {
			"translation": [0, 4, 0]
		},
		"head": {
			"rotation": [0, 0, -76],
			"translation": [-8, 7.25, -0.25]
		},
		"fixed": {
			"rotation": [0, 180, 0],
			"translation": [0, 0, -2]
		}
	}
}