{
	"credit": "Made with Blockbench",
	"textures": {
		"0": "custom_items/textures/player_textures/scythe-texture-part1",
		"1": "custom_items/textures/player_textures/scythe-texture-part2",
		"particle": "custom_items/textures/player_textures/scythe-texture-part2"
	},
	"elements": [
		{
			"from": [8, 14, 14],
			"to": [9, 15, 15],
			"faces": {
				"north": {"uv": [0.5, 10, 1, 10.5], "rotation": 90, "texture": "#0"},
				"east": {"uv": [10.5, 2.5, 10, 3], "rotation": 270, "texture": "#0"},
				"south": {"uv": [1.5, 10, 2, 10.5], "rotation": 270, "texture": "#0"},
				"west": {"uv": [3, 10.5, 2.5, 10], "rotation": 270, "texture": "#0"},
				"up": {"uv": [1, 10, 1.5, 10.5], "rotation": 270, "texture": "#0"},
				"down": {"uv": [10, 2, 10.5, 2.5], "rotation": 270, "texture": "#0"}
			}
		},
		{
			"from": [8, 13, 13],
			"to": [9, 14, 14],
			"faces": {
				"north": {"uv": [3, 10, 3.5, 10.5], "rotation": 90, "texture": "#0"},
				"east": {"uv": [10.5, 4, 10, 4.5], "rotation": 270, "texture": "#0"},
				"south": {"uv": [3.5, 10, 4, 10.5], "rotation": 270, "texture": "#0"},
				"west": {"uv": [4.5, 10.5, 4, 10], "rotation": 270, "texture": "#0"},
				"up": {"uv": [10, 3, 10.5, 3.5], "rotation": 270, "texture": "#0"},
				"down": {"uv": [10, 3.5, 10.5, 4], "rotation": 270, "texture": "#0"}
			}
		},
		{
			"from": [8, 15, 14],
			"to": [9, 16, 15],
			"faces": {
				"north": {"uv": [4.5, 10, 5, 10.5], "rotation": 90, "texture": "#0"},
				"east": {"uv": [7.5, 10, 7, 10.5], "rotation": 270, "texture": "#0"},
				"south": {"uv": [5.5, 10, 6, 10.5], "rotation": 270, "texture": "#0"},
				"west": {"uv": [7, 10.5, 6.5, 10], "rotation": 270, "texture": "#0"},
				"up": {"uv": [5, 10, 5.5, 10.5], "rotation": 270, "texture": "#0"},
				"down": {"uv": [6, 10, 6.5, 10.5], "rotation": 270, "texture": "#0"}
			}
		},
		{
			"from": [8, 16, 14],
			"to": [9, 18, 15],
			"faces": {
				"north": {"uv": [2.5, 5, 3.5, 5.5], "rotation": 90, "texture": "#0"},
				"east": {"uv": [10, 8.5, 9, 9], "rotation": 270, "texture": "#0"},
				"south": {"uv": [7.5, 9, 8.5, 9.5], "rotation": 270, "texture": "#0"},
				"west": {"uv": [9.5, 9.5, 8.5, 9], "rotation": 270, "texture": "#0"},
				"up": {"uv": [7.5, 10, 8, 10.5], "rotation": 270, "texture": "#0"},
				"down": {"uv": [8, 10, 8.5, 10.5], "rotation": 270, "texture": "#0"}
			}
		},
		{
			"from": [8, 16, 12],
			"to": [9, 20, 13],
			"faces": {
				"north": {"uv": [0, 6, 2, 6.5], "rotation": 90, "texture": "#0"},
				"east": {"uv": [8, 1, 6, 1.5], "rotation": 270, "texture": "#0"},
				"south": {"uv": [6, 0, 8, 0.5], "rotation": 270, "texture": "#0"},
				"west": {"uv": [8, 1, 6, 0.5], "rotation": 270, "texture": "#0"},
				"up": {"uv": [10, 8, 10.5, 8.5], "rotation": 270, "texture": "#0"},
				"down": {"uv": [8.5, 10, 9, 10.5], "rotation": 270, "texture": "#0"}
			}
		},
		{
			"from": [8, 15, 13],
			"to": [9, 19, 14],
			"faces": {
				"north": {"uv": [6, 1.5, 8, 2], "rotation": 90, "texture": "#0"},
				"east": {"uv": [8, 2.5, 6, 3], "rotation": 270, "texture": "#0"},
				"south": {"uv": [2, 6, 4, 6.5], "rotation": 270, "texture": "#0"},
				"west": {"uv": [8, 2.5, 6, 2], "rotation": 270, "texture": "#0"},
				"up": {"uv": [10, 8.5, 10.5, 9], "rotation": 270, "texture": "#0"},
				"down": {"uv": [9, 10, 9.5, 10.5], "rotation": 270, "texture": "#0"}
			}
		},
		{
			"from": [8, 19, 10],
			"to": [9, 21, 11],
			"faces": {
				"north": {"uv": [0, 9.5, 1, 10], "rotation": 90, "texture": "#0"},
				"east": {"uv": [2, 9.5, 1, 10], "rotation": 270, "texture": "#0"},
				"south": {"uv": [9.5, 0, 10.5, 0.5], "rotation": 270, "texture": "#0"},
				"west": {"uv": [10.5, 1, 9.5, 0.5], "rotation": 270, "texture": "#0"},
				"up": {"uv": [10, 9, 10.5, 9.5], "rotation": 270, "texture": "#0"},
				"down": {"uv": [9.5, 10, 10, 10.5], "rotation": 270, "texture": "#0"}
			}
		},
		{
			"from": [8, 16, 0],
			"to": [9, 19, 1],
			"faces": {
				"north": {"uv": [5, 7.5, 6.5, 8], "rotation": 90, "texture": "#0"},
				"east": {"uv": [8, 7.5, 6.5, 8], "rotation": 270, "texture": "#0"},
				"south": {"uv": [7.5, 5, 9, 5.5], "rotation": 270, "texture": "#0"},
				"west": {"uv": [9, 6, 7.5, 5.5], "rotation": 270, "texture": "#0"},
				"up": {"uv": [10, 9.5, 10.5, 10], "rotation": 270, "texture": "#0"},
				"down": {"uv": [10, 10, 10.5, 10.5], "rotation": 270, "texture": "#0"}
			}
		},
		{
			"from": [8, 17, 1],
			"to": [9, 20, 2],
			"faces": {
				"north": {"uv": [8, 0, 9.5, 0.5], "rotation": 90, "texture": "#0"},
				"east": {"uv": [9.5, 1, 8, 1.5], "rotation": 270, "texture": "#0"},
				"south": {"uv": [8, 0.5, 9.5, 1], "rotation": 270, "texture": "#0"},
				"west": {"uv": [2.5, 8.5, 1, 8], "rotation": 270, "texture": "#0"},
				"up": {"uv": [10.5, 0, 11, 0.5], "rotation": 270, "texture": "#0"},
				"down": {"uv": [0.5, 10.5, 1, 11], "rotation": 270, "texture": "#0"}
			}
		},
		{
			"from": [8, 18, 2],
			"to": [9, 21, 5],
			"faces": {
				"north": {"uv": [2.5, 8, 4, 8.5], "rotation": 90, "texture": "#0"},
				"east": {"uv": [4.5, 1.5, 3, 3], "rotation": 270, "texture": "#0"},
				"south": {"uv": [4, 8, 5.5, 8.5], "rotation": 270, "texture": "#0"},
				"west": {"uv": [4.5, 1.5, 3, 0], "rotation": 270, "texture": "#0"},
				"up": {"uv": [8, 2.5, 9.5, 3], "rotation": 270, "texture": "#0"},
				"down": {"uv": [5.5, 8, 7, 8.5], "rotation": 270, "texture": "#0"}
			}
		},
		{
			"from": [8, 18, 7],
			"to": [9, 19, 11],
			"faces": {
				"north": {"uv": [10.5, 0.5, 11, 1], "rotation": 90, "texture": "#0"},
				"east": {"uv": [1, 6.5, 0.5, 8.5], "rotation": 270, "texture": "#0"},
				"south": {"uv": [1, 10.5, 1.5, 11], "rotation": 270, "texture": "#0"},
				"west": {"uv": [0.5, 8.5, 0, 6.5], "rotation": 270, "texture": "#0"},
				"up": {"uv": [4, 6, 6, 6.5], "rotation": 270, "texture": "#0"},
				"down": {"uv": [6, 6, 8, 6.5], "rotation": 270, "texture": "#0"}
			}
		},
		{
			"from": [8, 17, 9],
			"to": [9, 18, 11],
			"faces": {
				"north": {"uv": [10.5, 1, 11, 1.5], "rotation": 90, "texture": "#0"},
				"east": {"uv": [10, 2, 9.5, 3], "rotation": 270, "texture": "#0"},
				"south": {"uv": [1.5, 10.5, 2, 11], "rotation": 270, "texture": "#0"},
				"west": {"uv": [2.5, 10.5, 2, 9.5], "rotation": 270, "texture": "#0"},
				"up": {"uv": [9.5, 1, 10.5, 1.5], "rotation": 270, "texture": "#0"},
				"down": {"uv": [9.5, 1.5, 10.5, 2], "rotation": 270, "texture": "#0"}
			}
		},
		{
			"from": [8, 14, 13],
			"to": [9, 15, 14],
			"faces": {
				"north": {"uv": [10.5, 1.5, 11, 2], "rotation": 90, "texture": "#0"},
				"east": {"uv": [3.5, 10.5, 3, 11], "rotation": 270, "texture": "#0"},
				"south": {"uv": [10.5, 2, 11, 2.5], "rotation": 270, "texture": "#0"},
				"west": {"uv": [11, 3, 10.5, 2.5], "rotation": 270, "texture": "#0"},
				"up": {"uv": [2, 10.5, 2.5, 11], "rotation": 270, "texture": "#0"},
				"down": {"uv": [2.5, 10.5, 3, 11], "rotation": 270, "texture": "#0"}
			}
		},
		{
			"from": [8, 16, 10],
			"to": [9, 17, 11],
			"faces": {
				"north": {"uv": [10.5, 3, 11, 3.5], "rotation": 90, "texture": "#0"},
				"east": {"uv": [5, 10.5, 4.5, 11], "rotation": 270, "texture": "#0"},
				"south": {"uv": [10.5, 3.5, 11, 4], "rotation": 270, "texture": "#0"},
				"west": {"uv": [11, 4.5, 10.5, 4], "rotation": 270, "texture": "#0"},
				"up": {"uv": [3.5, 10.5, 4, 11], "rotation": 270, "texture": "#0"},
				"down": {"uv": [4, 10.5, 4.5, 11], "rotation": 270, "texture": "#0"}
			}
		},
		{
			"from": [8, 19, 5],
			"to": [9, 22, 10],
			"faces": {
				"north": {"uv": [0, 6, 1, 9], "texture": "#1"},
				"east": {"uv": [0, 0, 5, 3], "texture": "#1"},
				"south": {"uv": [6, 0, 7, 3], "texture": "#1"},
				"west": {"uv": [0, 3, 5, 6], "texture": "#1"},
				"up": {"uv": [6, 5, 5, 0], "texture": "#1"},
				"down": {"uv": [6, 5, 5, 10], "texture": "#1"}
			}
		},
		{
			"from": [8, 14, 11],
			"to": [9, 21, 12],
			"faces": {
				"north": {"uv": [3, 3, 6.5, 3.5], "rotation": 90, "texture": "#0"},
				"east": {"uv": [3.5, 4.5, 0, 5], "rotation": 270, "texture": "#0"},
				"south": {"uv": [3, 3.5, 6.5, 4], "rotation": 270, "texture": "#0"},
				"west": {"uv": [6.5, 4.5, 3, 4], "rotation": 270, "texture": "#0"},
				"up": {"uv": [10.5, 4.5, 11, 5], "rotation": 270, "texture": "#0"},
				"down": {"uv": [5, 10.5, 5.5, 11], "rotation": 270, "texture": "#0"}
			}
		},
		{
			"from": [8, 13, 9],
			"to": [9, 16, 11],
			"faces": {
				"north": {"uv": [8, 6, 9.5, 6.5], "rotation": 90, "texture": "#0"},
				"east": {"uv": [6, 1, 4.5, 2], "rotation": 270, "texture": "#0"},
				"south": {"uv": [7, 8, 8.5, 8.5], "rotation": 270, "texture": "#0"},
				"west": {"uv": [6, 1, 4.5, 0], "rotation": 270, "texture": "#0"},
				"up": {"uv": [2.5, 9.5, 3.5, 10], "rotation": 270, "texture": "#0"},
				"down": {"uv": [3.5, 9.5, 4.5, 10], "rotation": 270, "texture": "#0"}
			}
		},
		{
			"from": [8, 12, 5],
			"to": [9, 15, 9],
			"faces": {
				"north": {"uv": [8, 7.5, 9.5, 8], "rotation": 90, "texture": "#0"},
				"east": {"uv": [3, 2.5, 1.5, 4.5], "rotation": 270, "texture": "#0"},
				"south": {"uv": [0, 8.5, 1.5, 9], "rotation": 270, "texture": "#0"},
				"west": {"uv": [1.5, 4.5, 0, 2.5], "rotation": 270, "texture": "#0"},
				"up": {"uv": [1, 6.5, 3, 7], "rotation": 270, "texture": "#0"},
				"down": {"uv": [3, 6.5, 5, 7], "rotation": 270, "texture": "#0"}
			}
		},
		{
			"from": [8, 11, 4],
			"to": [9, 15, 5],
			"faces": {
				"north": {"uv": [6.5, 3, 8.5, 3.5], "rotation": 90, "texture": "#0"},
				"east": {"uv": [7, 6.5, 5, 7], "rotation": 270, "texture": "#0"},
				"south": {"uv": [6.5, 3.5, 8.5, 4], "rotation": 270, "texture": "#0"},
				"west": {"uv": [8.5, 4.5, 6.5, 4], "rotation": 270, "texture": "#0"},
				"up": {"uv": [10.5, 5, 11, 5.5], "rotation": 270, "texture": "#0"},
				"down": {"uv": [5.5, 10.5, 6, 11], "rotation": 270, "texture": "#0"}
			}
		},
		{
			"from": [8, 10, 3],
			"to": [9, 14, 4],
			"faces": {
				"north": {"uv": [1, 7, 3, 7.5], "rotation": 90, "texture": "#0"},
				"east": {"uv": [9, 6.5, 7, 7], "rotation": 270, "texture": "#0"},
				"south": {"uv": [3, 7, 5, 7.5], "rotation": 270, "texture": "#0"},
				"west": {"uv": [7, 7.5, 5, 7], "rotation": 270, "texture": "#0"},
				"up": {"uv": [10.5, 5.5, 11, 6], "rotation": 270, "texture": "#0"},
				"down": {"uv": [6, 10.5, 6.5, 11], "rotation": 270, "texture": "#0"}
			}
		},
		{
			"from": [8, 10, 1],
			"to": [9, 12, 2],
			"faces": {
				"north": {"uv": [4.5, 9.5, 5.5, 10], "rotation": 90, "texture": "#0"},
				"east": {"uv": [10.5, 6, 9.5, 6.5], "rotation": 270, "texture": "#0"},
				"south": {"uv": [9.5, 4.5, 10.5, 5], "rotation": 270, "texture": "#0"},
				"west": {"uv": [6.5, 10, 5.5, 9.5], "rotation": 270, "texture": "#0"},
				"up": {"uv": [10.5, 6, 11, 6.5], "rotation": 270, "texture": "#0"},
				"down": {"uv": [6.5, 10.5, 7, 11], "rotation": 270, "texture": "#0"}
			}
		},
		{
			"from": [8, 15, 12],
			"to": [9, 16, 13],
			"faces": {
				"north": {"uv": [10.5, 6.5, 11, 7], "rotation": 90, "texture": "#0"},
				"east": {"uv": [8.5, 10.5, 8, 11], "rotation": 270, "texture": "#0"},
				"south": {"uv": [10.5, 7, 11, 7.5], "rotation": 270, "texture": "#0"},
				"west": {"uv": [11, 8, 10.5, 7.5], "rotation": 270, "texture": "#0"},
				"up": {"uv": [7, 10.5, 7.5, 11], "rotation": 270, "texture": "#0"},
				"down": {"uv": [7.5, 10.5, 8, 11], "rotation": 270, "texture": "#0"}
			}
		},
		{
			"from": [8, 8, 2],
			"to": [9, 13, 3],
			"faces": {
				"north": {"uv": [5, 5, 7.5, 5.5], "rotation": 90, "texture": "#0"},
				"east": {"uv": [7.5, 5.5, 5, 6], "rotation": 270, "texture": "#0"},
				"south": {"uv": [0, 5.5, 2.5, 6], "rotation": 270, "texture": "#0"},
				"west": {"uv": [5, 6, 2.5, 5.5], "rotation": 270, "texture": "#0"},
				"up": {"uv": [10.5, 8, 11, 8.5], "rotation": 270, "texture": "#0"},
				"down": {"uv": [8.5, 10.5, 9, 11], "rotation": 270, "texture": "#0"}
			}
		},
		{
			"from": [8, 7, 0],
			"to": [9, 10, 2],
			"faces": {
				"north": {"uv": [1.5, 8.5, 3, 9], "rotation": 90, "texture": "#0"},
				"east": {"uv": [5, 4.5, 3.5, 5.5], "rotation": 270, "texture": "#0"},
				"south": {"uv": [3, 8.5, 4.5, 9], "rotation": 270, "texture": "#0"},
				"west": {"uv": [6, 3, 4.5, 2], "rotation": 270, "texture": "#0"},
				"up": {"uv": [6.5, 9.5, 7.5, 10], "rotation": 270, "texture": "#0"},
				"down": {"uv": [7.5, 9.5, 8.5, 10], "rotation": 270, "texture": "#0"}
			}
		},
		{
			"from": [8, 6, -1],
			"to": [9, 9, 0],
			"faces": {
				"north": {"uv": [8.5, 3, 10, 3.5], "rotation": 90, "texture": "#0"},
				"east": {"uv": [6, 8.5, 4.5, 9], "rotation": 270, "texture": "#0"},
				"south": {"uv": [8.5, 3.5, 10, 4], "rotation": 270, "texture": "#0"},
				"west": {"uv": [10, 4.5, 8.5, 4], "rotation": 270, "texture": "#0"},
				"up": {"uv": [10.5, 8.5, 11, 9], "rotation": 270, "texture": "#0"},
				"down": {"uv": [9, 10.5, 9.5, 11], "rotation": 270, "texture": "#0"}
			}
		},
		{
			"from": [8, 4, -2],
			"to": [9, 7, -1],
			"faces": {
				"north": {"uv": [6, 8.5, 7.5, 9], "rotation": 90, "texture": "#0"},
				"east": {"uv": [1.5, 9, 0, 9.5], "rotation": 270, "texture": "#0"},
				"south": {"uv": [7.5, 8.5, 9, 9], "rotation": 270, "texture": "#0"},
				"west": {"uv": [10, 8.5, 8.5, 8], "rotation": 270, "texture": "#0"},
				"up": {"uv": [10.5, 9, 11, 9.5], "rotation": 270, "texture": "#0"},
				"down": {"uv": [9.5, 10.5, 10, 11], "rotation": 270, "texture": "#0"}
			}
		},
		{
			"from": [8, 5, -1],
			"to": [9, 6, 1],
			"faces": {
				"north": {"uv": [10.5, 9.5, 11, 10], "rotation": 90, "texture": "#0"},
				"east": {"uv": [0.5, 10, 0, 11], "rotation": 270, "texture": "#0"},
				"south": {"uv": [10, 10.5, 10.5, 11], "rotation": 270, "texture": "#0"},
				"west": {"uv": [10, 10, 9.5, 9], "rotation": 270, "texture": "#0"},
				"up": {"uv": [9.5, 7.5, 10.5, 8], "rotation": 270, "texture": "#0"},
				"down": {"uv": [8.5, 9.5, 9.5, 10], "rotation": 270, "texture": "#0"}
			}
		},
		{
			"from": [8, 2, -1],
			"to": [9, 5, 0],
			"faces": {
				"north": {"uv": [1.5, 9, 3, 9.5], "rotation": 90, "texture": "#0"},
				"east": {"uv": [10.5, 5, 9, 5.5], "rotation": 270, "texture": "#0"},
				"south": {"uv": [3, 9, 4.5, 9.5], "rotation": 270, "texture": "#0"},
				"west": {"uv": [6, 9.5, 4.5, 9], "rotation": 270, "texture": "#0"},
				"up": {"uv": [10.5, 10, 11, 10.5], "rotation": 270, "texture": "#0"},
				"down": {"uv": [10.5, 10.5, 11, 11], "rotation": 270, "texture": "#0"}
			}
		},
		{
			"from": [8, 6, 0],
			"to": [9, 7, 1],
			"faces": {
				"north": {"uv": [0, 11, 0.5, 11.5], "rotation": 90, "texture": "#0"},
				"east": {"uv": [11.5, 1, 11, 1.5], "rotation": 270, "texture": "#0"},
				"south": {"uv": [0.5, 11, 1, 11.5], "rotation": 270, "texture": "#0"},
				"west": {"uv": [1.5, 11.5, 1, 11], "rotation": 270, "texture": "#0"},
				"up": {"uv": [11, 0, 11.5, 0.5], "rotation": 270, "texture": "#0"},
				"down": {"uv": [11, 0.5, 11.5, 1], "rotation": 270, "texture": "#0"}
			}
		},
		{
			"from": [8, 1, 0],
			"to": [9, 5, 1],
			"faces": {
				"north": {"uv": [7, 7, 9, 7.5], "rotation": 90, "texture": "#0"},
				"east": {"uv": [9.5, 4.5, 7.5, 5], "rotation": 270, "texture": "#0"},
				"south": {"uv": [1, 7.5, 3, 8], "rotation": 270, "texture": "#0"},
				"west": {"uv": [5, 8, 3, 7.5], "rotation": 270, "texture": "#0"},
				"up": {"uv": [1.5, 11, 2, 11.5], "rotation": 270, "texture": "#0"},
				"down": {"uv": [11, 1.5, 11.5, 2], "rotation": 270, "texture": "#0"}
			}
		},
		{
			"from": [8, 16, 15],
			"to": [9, 17, 16],
			"faces": {
				"north": {"uv": [2, 11, 2.5, 11.5], "rotation": 90, "texture": "#0"},
				"east": {"uv": [11.5, 3, 11, 3.5], "rotation": 270, "texture": "#0"},
				"south": {"uv": [2.5, 11, 3, 11.5], "rotation": 270, "texture": "#0"},
				"west": {"uv": [3.5, 11.5, 3, 11], "rotation": 270, "texture": "#0"},
				"up": {"uv": [11, 2, 11.5, 2.5], "rotation": 270, "texture": "#0"},
				"down": {"uv": [11, 2.5, 11.5, 3], "rotation": 270, "texture": "#0"}
			}
		},
		{
			"from": [8, 16, 9],
			"to": [9, 17, 10],
			"faces": {
				"north": {"uv": [0, 0, 0.5, 0.5], "texture": "#0"},
				"east": {"uv": [0, 0, 0.5, 0.5], "texture": "#0"},
				"south": {"uv": [0, 0, 0.5, 0.5], "texture": "#0"},
				"west": {"uv": [0, 0, 0.5, 0.5], "texture": "#0"},
				"up": {"uv": [0, 0, 0.5, 0.5], "texture": "#0"},
				"down": {"uv": [0, 0, 0.5, 0.5], "texture": "#0"}
			}
		},
		{
			"from": [8, 1, 1],
			"to": [9, 4, 2],
			"faces": {
				"north": {"uv": [9, 5.5, 10.5, 6], "rotation": 90, "texture": "#0"},
				"east": {"uv": [10.5, 7, 9, 7.5], "rotation": 270, "texture": "#0"},
				"south": {"uv": [6, 9, 7.5, 9.5], "rotation": 270, "texture": "#0"},
				"west": {"uv": [10.5, 7, 9, 6.5], "rotation": 270, "texture": "#0"},
				"up": {"uv": [3.5, 11, 4, 11.5], "rotation": 270, "texture": "#0"},
				"down": {"uv": [11, 3.5, 11.5, 4], "rotation": 270, "texture": "#0"}
			}
		},
		{
			"from": [8, 16, 3],
			"to": [9, 17, 4],
			"faces": {
				"north": {"uv": [0, 0, 0.5, 0.5], "texture": "#0"},
				"east": {"uv": [0, 0, 0.5, 0.5], "texture": "#0"},
				"south": {"uv": [0, 0, 0.5, 0.5], "texture": "#0"},
				"west": {"uv": [0, 0, 0.5, 0.5], "texture": "#0"},
				"up": {"uv": [0, 0, 0.5, 0.5], "texture": "#0"},
				"down": {"uv": [0, 0, 0.5, 0.5], "texture": "#0"}
			}
		},
		{
			"from": [8, 13, 12],
			"to": [9, 14, 13],
			"faces": {
				"north": {"uv": [0, 0, 0.5, 0.5], "texture": "#0"},
				"east": {"uv": [0, 0, 0.5, 0.5], "texture": "#0"},
				"south": {"uv": [0, 0, 0.5, 0.5], "texture": "#0"},
				"west": {"uv": [0, 0, 0.5, 0.5], "texture": "#0"},
				"up": {"uv": [0, 0, 0.5, 0.5], "texture": "#0"},
				"down": {"uv": [0, 0, 0.5, 0.5], "texture": "#0"}
			}
		},
		{
			"from": [8, 11, 7],
			"to": [9, 12, 8],
			"faces": {
				"north": {"uv": [0, 0, 0.5, 0.5], "texture": "#0"},
				"east": {"uv": [0, 0, 0.5, 0.5], "texture": "#0"},
				"south": {"uv": [0, 0, 0.5, 0.5], "texture": "#0"},
				"west": {"uv": [0, 0, 0.5, 0.5], "texture": "#0"},
				"up": {"uv": [0, 0, 0.5, 0.5], "texture": "#0"},
				"down": {"uv": [0, 0, 0.5, 0.5], "texture": "#0"}
			}
		},
		{
			"from": [8, 11, 9],
			"to": [9, 12, 10],
			"faces": {
				"north": {"uv": [0, 0, 0.5, 0.5], "texture": "#0"},
				"east": {"uv": [0, 0, 0.5, 0.5], "texture": "#0"},
				"south": {"uv": [0, 0, 0.5, 0.5], "texture": "#0"},
				"west": {"uv": [0, 0, 0.5, 0.5], "texture": "#0"},
				"up": {"uv": [0, 0, 0.5, 0.5], "texture": "#0"},
				"down": {"uv": [0, 0, 0.5, 0.5], "texture": "#0"}
			}
		},
		{
			"from": [8, 15, 4],
			"to": [9, 16, 5],
			"faces": {
				"north": {"uv": [0, 0, 0.5, 0.5], "texture": "#0"},
				"east": {"uv": [0, 0, 0.5, 0.5], "texture": "#0"},
				"south": {"uv": [0, 0, 0.5, 0.5], "texture": "#0"},
				"west": {"uv": [0, 0, 0.5, 0.5], "texture": "#0"},
				"up": {"uv": [0, 0, 0.5, 0.5], "texture": "#0"},
				"down": {"uv": [0, 0, 0.5, 0.5], "texture": "#0"}
			}
		},
		{
			"from": [8, 15, 5],
			"to": [9, 16, 6],
			"faces": {
				"north": {"uv": [0, 0, 0.5, 0.5], "texture": "#0"},
				"east": {"uv": [0, 0, 0.5, 0.5], "texture": "#0"},
				"south": {"uv": [0, 0, 0.5, 0.5], "texture": "#0"},
				"west": {"uv": [0, 0, 0.5, 0.5], "texture": "#0"},
				"up": {"uv": [0, 0, 0.5, 0.5], "texture": "#0"},
				"down": {"uv": [0, 0, 0.5, 0.5], "texture": "#0"}
			}
		},
		{
			"from": [8, 12, 10],
			"to": [9, 13, 11],
			"faces": {
				"north": {"uv": [0, 0, 0.5, 0.5], "texture": "#0"},
				"east": {"uv": [0, 0, 0.5, 0.5], "texture": "#0"},
				"south": {"uv": [0, 0, 0.5, 0.5], "texture": "#0"},
				"west": {"uv": [0, 0, 0.5, 0.5], "texture": "#0"},
				"up": {"uv": [0, 0, 0.5, 0.5], "texture": "#0"},
				"down": {"uv": [0, 0, 0.5, 0.5], "texture": "#0"}
			}
		},
		{
			"from": [8, 15, 6],
			"to": [9, 16, 7],
			"faces": {
				"north": {"uv": [0, 0, 0.5, 0.5], "texture": "#0"},
				"east": {"uv": [0, 0, 0.5, 0.5], "texture": "#0"},
				"south": {"uv": [0, 0, 0.5, 0.5], "texture": "#0"},
				"west": {"uv": [0, 0, 0.5, 0.5], "texture": "#0"},
				"up": {"uv": [0, 0, 0.5, 0.5], "texture": "#0"},
				"down": {"uv": [0, 0, 0.5, 0.5], "texture": "#0"}
			}
		},
		{
			"from": [8, 14, 2],
			"to": [9, 15, 3],
			"faces": {
				"north": {"uv": [0, 0, 0.5, 0.5], "texture": "#0"},
				"east": {"uv": [0, 0, 0.5, 0.5], "texture": "#0"},
				"south": {"uv": [0, 0, 0.5, 0.5], "texture": "#0"},
				"west": {"uv": [0, 0, 0.5, 0.5], "texture": "#0"},
				"up": {"uv": [0, 0, 0.5, 0.5], "texture": "#0"},
				"down": {"uv": [0, 0, 0.5, 0.5], "texture": "#0"}
			}
		},
		{
			"from": [8, 16, 6],
			"to": [9, 17, 7],
			"faces": {
				"north": {"uv": [0, 0, 0.5, 0.5], "texture": "#0"},
				"east": {"uv": [0, 0, 0.5, 0.5], "texture": "#0"},
				"south": {"uv": [0, 0, 0.5, 0.5], "texture": "#0"},
				"west": {"uv": [0, 0, 0.5, 0.5], "texture": "#0"},
				"up": {"uv": [0, 0, 0.5, 0.5], "texture": "#0"},
				"down": {"uv": [0, 0, 0.5, 0.5], "texture": "#0"}
			}
		},
		{
			"from": [8, 15, 8],
			"to": [9, 16, 9],
			"faces": {
				"north": {"uv": [0, 0, 0.5, 0.5], "texture": "#0"},
				"east": {"uv": [0, 0, 0.5, 0.5], "texture": "#0"},
				"south": {"uv": [0, 0, 0.5, 0.5], "texture": "#0"},
				"west": {"uv": [0, 0, 0.5, 0.5], "texture": "#0"},
				"up": {"uv": [0, 0, 0.5, 0.5], "texture": "#0"},
				"down": {"uv": [0, 0, 0.5, 0.5], "texture": "#0"}
			}
		}
	],
	"display": {
		"thirdperson_righthand": {
			"rotation": [-18, -1.94, 3.95],
			"translation": [-1.5, 1.25, 9.5]
		},
		"thirdperson_lefthand": {
			"translation": [0, 0, 9.5]
		},
		"firstperson_righthand": {
			"rotation": [-38.54, -0.95, -0.24],
			"translation": [3.75, 0.75, 0.75],
			"scale": [1.17969, 1.10156, 1.13281]
		},
		"firstperson_lefthand": {
			"rotation": [-25.8, -16.62, -5.58],
			"translation": [7.25, -0.5, 0]
		},
		"ground": {
			"translation": [0, 3, 4]
		},
		"gui": {
			"rotation": [0, -79.75, 0],
			"translation": [-1, -2.5, 0],
			"scale": [1, 0.70703, 0.75195]
		},
		"fixed": {
			"rotation": [0, -88.5, 0],
			"translation": [-1.5, -3, -1],
			"scale": [1, 0.86719, 0.84766]
		}
	},
	"groups": [
		{
			"name": "group",
			"origin": [0, 0, 0],
			"color": 9,
			"children": [0, 1, 2, 3, 4, 5, 6, 7, 8, 9, 10, 11, 12, 13, 14, 15, 16, 17, 18, 19, 20, 21, 22, 23, 24, 25, 26, 27, 28, 29, 30]
		},
		{
			"name": "group",
			"origin": [8, 8, 8],
			"color": 9,
			"children": [31, 32, 33, 34, 35, 36, 37, 38, 39, 40, 41, 42, 43]
		}
	]
}