{
	"credit": "Made with Blockbench",
	"texture_size": [64, 64],
	"textures": {
		"0": "region_relics:item/horizonmirror",
		"particle": "region_relics:item/horizonmirror"
	},
	"elements": [
		{
			"from": [5, 13, 8],
			"to": [11, 21, 9],
			"faces": {
				"north": {"uv": [0, 0, 1.5, 2], "texture": "#0"},
				"east": {"uv": [0.5, 5.5, 0.75, 7.5], "texture": "#0"},
				"south": {"uv": [1.5, 0, 3, 2], "texture": "#0"},
				"west": {"uv": [0.75, 5.5, 1, 7.5], "texture": "#0"},
				"up": {"uv": [7.5, 1.25, 6, 1], "texture": "#0"},
				"down": {"uv": [7.5, 1.25, 6, 1.5], "texture": "#0"}
			}
		},
		{
			"from": [6, 21, 8],
			"to": [10, 22, 9],
			"faces": {
				"north": {"uv": [6.5, 5.25, 7.5, 5.5], "texture": "#0"},
				"east": {"uv": [6.5, 8.25, 6.75, 8.5], "texture": "#0"},
				"south": {"uv": [6.5, 5.5, 7.5, 5.75], "texture": "#0"},
				"west": {"uv": [8.25, 6.5, 8.5, 6.75], "texture": "#0"},
				"up": {"uv": [7.5, 6, 6.5, 5.75], "texture": "#0"},
				"down": {"uv": [7.25, 6.5, 6.25, 6.75], "texture": "#0"}
			}
		},
		{
			"from": [6, 12, 8],
			"to": [10, 13, 9],
			"faces": {
				"north": {"uv": [6.75, 4, 7.75, 4.25], "texture": "#0"},
				"east": {"uv": [8.25, 6.75, 8.5, 7], "texture": "#0"},
				"south": {"uv": [6.75, 4.25, 7.75, 4.5], "texture": "#0"},
				"west": {"uv": [8.25, 7, 8.5, 7.25], "texture": "#0"},
				"up": {"uv": [7.75, 4.75, 6.75, 4.5], "texture": "#0"},
				"down": {"uv": [7.75, 4.75, 6.75, 5], "texture": "#0"}
			}
		},
		{
			"from": [4, 14, 8],
			"to": [5, 20, 9],
			"faces": {
				"north": {"uv": [1.5, 6, 1.75, 7.5], "texture": "#0"},
				"east": {"uv": [1.75, 6, 2, 7.5], "texture": "#0"},
				"south": {"uv": [2, 6, 2.25, 7.5], "texture": "#0"},
				"west": {"uv": [2.25, 6, 2.5, 7.5], "texture": "#0"},
				"up": {"uv": [7.5, 8.5, 7.25, 8.25], "texture": "#0"},
				"down": {"uv": [8.5, 7.25, 8.25, 7.5], "texture": "#0"}
			}
		},
		{
			"from": [11, 14, 8],
			"to": [12, 20, 9],
			"faces": {
				"north": {"uv": [2.5, 6, 2.75, 7.5], "texture": "#0"},
				"east": {"uv": [2.75, 6, 3, 7.5], "texture": "#0"},
				"south": {"uv": [4.5, 6, 4.75, 7.5], "texture": "#0"},
				"west": {"uv": [4.75, 6, 5, 7.5], "texture": "#0"},
				"up": {"uv": [7.75, 8.5, 7.5, 8.25], "texture": "#0"},
				"down": {"uv": [8.5, 7.5, 8.25, 7.75], "texture": "#0"}
			}
		},
		{
			"from": [4, 11, 7],
			"to": [12, 12, 9],
			"faces": {
				"north": {"uv": [5.5, 1.5, 7.5, 1.75], "texture": "#0"},
				"east": {"uv": [1.5, 7.75, 2, 8], "texture": "#0"},
				"south": {"uv": [5.5, 1.75, 7.5, 2], "texture": "#0"},
				"west": {"uv": [2, 7.75, 2.5, 8], "texture": "#0"},
				"up": {"uv": [2, 4.5, 0, 4], "texture": "#0"},
				"down": {"uv": [6, 0, 4, 0.5], "texture": "#0"}
			}
		},
		{
			"from": [4, 22, 7],
			"to": [12, 23, 9],
			"faces": {
				"north": {"uv": [5.5, 2, 7.5, 2.25], "texture": "#0"},
				"east": {"uv": [7.75, 3, 8.25, 3.25], "texture": "#0"},
				"south": {"uv": [5.5, 2.25, 7.5, 2.5], "texture": "#0"},
				"west": {"uv": [7.75, 3.25, 8.25, 3.5], "texture": "#0"},
				"up": {"uv": [6, 1, 4, 0.5], "texture": "#0"},
				"down": {"uv": [6, 1, 4, 1.5], "texture": "#0"}
			}
		},
		{
			"from": [6, 23, 7],
			"to": [10, 24, 9],
			"faces": {
				"north": {"uv": [6.75, 5, 7.75, 5.25], "texture": "#0"},
				"east": {"uv": [7.75, 3.5, 8.25, 3.75], "texture": "#0"},
				"south": {"uv": [6.25, 6.75, 7.25, 7], "texture": "#0"},
				"west": {"uv": [7.75, 3.75, 8.25, 4], "texture": "#0"},
				"up": {"uv": [2, 6, 1, 5.5], "texture": "#0"},
				"down": {"uv": [6.5, 2.5, 5.5, 3], "texture": "#0"}
			}
		},
		{
			"from": [6, 10, 7],
			"to": [10, 11, 9],
			"faces": {
				"north": {"uv": [7, 2.5, 8, 2.75], "texture": "#0"},
				"east": {"uv": [7.75, 4, 8.25, 4.25], "texture": "#0"},
				"south": {"uv": [7, 2.75, 8, 3], "texture": "#0"},
				"west": {"uv": [7.75, 4.25, 8.25, 4.5], "texture": "#0"},
				"up": {"uv": [6.5, 5.5, 5.5, 5], "texture": "#0"},
				"down": {"uv": [6.5, 5.5, 5.5, 6], "texture": "#0"}
			}
		},
		{
			"from": [3, 12, 7],
			"to": [4, 22, 9],
			"faces": {
				"north": {"uv": [3, 5, 3.25, 7.5], "texture": "#0"},
				"east": {"uv": [3, 0, 3.5, 2.5], "texture": "#0"},
				"south": {"uv": [3.25, 5, 3.5, 7.5], "texture": "#0"},
				"west": {"uv": [3, 2.5, 3.5, 5], "texture": "#0"},
				"up": {"uv": [5, 8, 4.75, 7.5], "texture": "#0"},
				"down": {"uv": [8, 4.5, 7.75, 5], "texture": "#0"}
			}
		},
		{
			"from": [12, 12, 7],
			"to": [13, 22, 9],
			"faces": {
				"north": {"uv": [3.5, 5, 3.75, 7.5], "texture": "#0"},
				"east": {"uv": [3.5, 0, 4, 2.5], "texture": "#0"},
				"south": {"uv": [3.75, 5, 4, 7.5], "texture": "#0"},
				"west": {"uv": [3.5, 2.5, 4, 5], "texture": "#0"},
				"up": {"uv": [5.25, 8.25, 5, 7.75], "texture": "#0"},
				"down": {"uv": [6, 7.75, 5.75, 8.25], "texture": "#0"}
			}
		},
		{
			"from": [13, 14, 7],
			"to": [14, 20, 9],
			"faces": {
				"north": {"uv": [5.5, 6, 5.75, 7.5], "texture": "#0"},
				"east": {"uv": [4.5, 1.5, 5, 3], "texture": "#0"},
				"south": {"uv": [5.75, 6, 6, 7.5], "texture": "#0"},
				"west": {"uv": [4.5, 3, 5, 4.5], "texture": "#0"},
				"up": {"uv": [6.25, 8.25, 6, 7.75], "texture": "#0"},
				"down": {"uv": [8, 6, 7.75, 6.5], "texture": "#0"}
			}
		},
		{
			"from": [2, 14, 7],
			"to": [3, 20, 9],
			"faces": {
				"north": {"uv": [6, 6, 6.25, 7.5], "texture": "#0"},
				"east": {"uv": [4.5, 4.5, 5, 6], "texture": "#0"},
				"south": {"uv": [5, 6.25, 5.25, 7.75], "texture": "#0"},
				"west": {"uv": [5, 1.5, 5.5, 3], "texture": "#0"},
				"up": {"uv": [6.5, 8.25, 6.25, 7.75], "texture": "#0"},
				"down": {"uv": [6.75, 7.75, 6.5, 8.25], "texture": "#0"}
			}
		},
		{
			"from": [4, 12, 7],
			"to": [6, 13, 9],
			"faces": {
				"north": {"uv": [7.75, 5, 8.25, 5.25], "texture": "#0"},
				"east": {"uv": [7.75, 6.5, 8.25, 6.75], "texture": "#0"},
				"south": {"uv": [7.75, 6.75, 8.25, 7], "texture": "#0"},
				"west": {"uv": [7.75, 7.5, 8.25, 7.75], "texture": "#0"},
				"up": {"uv": [0.5, 7.25, 0, 6.75], "texture": "#0"},
				"down": {"uv": [1.5, 7, 1, 7.5], "texture": "#0"}
			}
		},
		{
			"from": [10, 12, 7],
			"to": [12, 13, 9],
			"faces": {
				"north": {"uv": [7.75, 7.75, 8.25, 8], "texture": "#0"},
				"east": {"uv": [0, 8, 0.5, 8.25], "texture": "#0"},
				"south": {"uv": [8, 0, 8.5, 0.25], "texture": "#0"},
				"west": {"uv": [8, 0.25, 8.5, 0.5], "texture": "#0"},
				"up": {"uv": [7.5, 3.5, 7, 3], "texture": "#0"},
				"down": {"uv": [7.5, 3.5, 7, 4], "texture": "#0"}
			}
		},
		{
			"from": [10, 21, 7],
			"to": [12, 22, 9],
			"faces": {
				"north": {"uv": [0.5, 8, 1, 8.25], "texture": "#0"},
				"east": {"uv": [8, 0.5, 8.5, 0.75], "texture": "#0"},
				"south": {"uv": [8, 0.75, 8.5, 1], "texture": "#0"},
				"west": {"uv": [1, 8, 1.5, 8.25], "texture": "#0"},
				"up": {"uv": [6.75, 7.5, 6.25, 7], "texture": "#0"},
				"down": {"uv": [7.25, 7, 6.75, 7.5], "texture": "#0"}
			}
		},
		{
			"from": [4, 21, 7],
			"to": [6, 22, 9],
			"faces": {
				"north": {"uv": [1.5, 8, 2, 8.25], "texture": "#0"},
				"east": {"uv": [2, 8, 2.5, 8.25], "texture": "#0"},
				"south": {"uv": [8, 2, 8.5, 2.25], "texture": "#0"},
				"west": {"uv": [8, 2.25, 8.5, 2.5], "texture": "#0"},
				"up": {"uv": [0.5, 7.75, 0, 7.25], "texture": "#0"},
				"down": {"uv": [7.75, 6.5, 7.25, 7], "texture": "#0"}
			}
		},
		{
			"from": [4, 20, 7],
			"to": [5, 21, 9],
			"faces": {
				"north": {"uv": [8.25, 7.75, 8.5, 8], "texture": "#0"},
				"east": {"uv": [8, 2.5, 8.5, 2.75], "texture": "#0"},
				"south": {"uv": [8.25, 8, 8.5, 8.25], "texture": "#0"},
				"west": {"uv": [8, 2.75, 8.5, 3], "texture": "#0"},
				"up": {"uv": [8.25, 5, 8, 4.5], "texture": "#0"},
				"down": {"uv": [5, 8, 4.75, 8.5], "texture": "#0"}
			}
		},
		{
			"from": [4, 13, 7],
			"to": [5, 14, 9],
			"faces": {
				"north": {"uv": [8.25, 8.25, 8.5, 8.5], "texture": "#0"},
				"east": {"uv": [5.25, 8, 5.75, 8.25], "texture": "#0"},
				"south": {"uv": [0, 8.5, 0.25, 8.75], "texture": "#0"},
				"west": {"uv": [8, 6, 8.5, 6.25], "texture": "#0"},
				"up": {"uv": [7, 8.5, 6.75, 8], "texture": "#0"},
				"down": {"uv": [7.25, 8, 7, 8.5], "texture": "#0"}
			}
		},
		{
			"from": [11, 13, 7],
			"to": [12, 14, 9],
			"faces": {
				"north": {"uv": [8.5, 0, 8.75, 0.25], "texture": "#0"},
				"east": {"uv": [8, 6.25, 8.5, 6.5], "texture": "#0"},
				"south": {"uv": [0.25, 8.5, 0.5, 8.75], "texture": "#0"},
				"west": {"uv": [7.25, 8, 7.75, 8.25], "texture": "#0"},
				"up": {"uv": [8, 8.5, 7.75, 8], "texture": "#0"},
				"down": {"uv": [8.25, 8, 8, 8.5], "texture": "#0"}
			}
		},
		{
			"from": [11, 20, 7],
			"to": [12, 21, 9],
			"faces": {
				"north": {"uv": [8.5, 0.25, 8.75, 0.5], "texture": "#0"},
				"east": {"uv": [0, 8.25, 0.5, 8.5], "texture": "#0"},
				"south": {"uv": [0.5, 8.5, 0.75, 8.75], "texture": "#0"},
				"west": {"uv": [0.5, 8.25, 1, 8.5], "texture": "#0"},
				"up": {"uv": [1.25, 8.75, 1, 8.25], "texture": "#0"},
				"down": {"uv": [1.5, 8.25, 1.25, 8.75], "texture": "#0"}
			}
		},
		{
			"from": [5, 13, 9],
			"to": [11, 21, 10],
			"faces": {
				"north": {"uv": [0, 2, 1.5, 4], "texture": "#0"},
				"east": {"uv": [4, 5.5, 4.25, 7.5], "texture": "#0"},
				"south": {"uv": [1.5, 2, 3, 4], "texture": "#0"},
				"west": {"uv": [4.25, 5.5, 4.5, 7.5], "texture": "#0"},
				"up": {"uv": [7.75, 6.25, 6.25, 6], "texture": "#0"},
				"down": {"uv": [7.75, 6.25, 6.25, 6.5], "texture": "#0"}
			}
		},
		{
			"from": [6, 21, 9],
			"to": [10, 22, 10],
			"faces": {
				"north": {"uv": [7.25, 7, 8.25, 7.25], "texture": "#0"},
				"east": {"uv": [8.5, 0.5, 8.75, 0.75], "texture": "#0"},
				"south": {"uv": [7.25, 7.25, 8.25, 7.5], "texture": "#0"},
				"west": {"uv": [0.75, 8.5, 1, 8.75], "texture": "#0"},
				"up": {"uv": [1.5, 7.75, 0.5, 7.5], "texture": "#0"},
				"down": {"uv": [8.5, 1, 7.5, 1.25], "texture": "#0"}
			}
		},
		{
			"from": [6, 12, 9],
			"to": [10, 13, 10],
			"faces": {
				"north": {"uv": [7.5, 1.25, 8.5, 1.5], "texture": "#0"},
				"east": {"uv": [8.5, 0.75, 8.75, 1], "texture": "#0"},
				"south": {"uv": [1.5, 7.5, 2.5, 7.75], "texture": "#0"},
				"west": {"uv": [8.5, 1, 8.75, 1.25], "texture": "#0"},
				"up": {"uv": [8.5, 1.75, 7.5, 1.5], "texture": "#0"},
				"down": {"uv": [8.5, 1.75, 7.5, 2], "texture": "#0"}
			}
		},
		{
			"from": [11, 15, 9],
			"to": [12, 19, 10],
			"faces": {
				"north": {"uv": [2.5, 7.5, 2.75, 8.5], "texture": "#0"},
				"east": {"uv": [2.75, 7.5, 3, 8.5], "texture": "#0"},
				"south": {"uv": [3, 7.5, 3.25, 8.5], "texture": "#0"},
				"west": {"uv": [7.5, 3, 7.75, 4], "texture": "#0"},
				"up": {"uv": [8.75, 1.5, 8.5, 1.25], "texture": "#0"},
				"down": {"uv": [1.75, 8.5, 1.5, 8.75], "texture": "#0"}
			}
		},
		{
			"from": [4, 15, 9],
			"to": [5, 19, 10],
			"faces": {
				"north": {"uv": [3.25, 7.5, 3.5, 8.5], "texture": "#0"},
				"east": {"uv": [3.5, 7.5, 3.75, 8.5], "texture": "#0"},
				"south": {"uv": [3.75, 7.5, 4, 8.5], "texture": "#0"},
				"west": {"uv": [4, 7.5, 4.25, 8.5], "texture": "#0"},
				"up": {"uv": [8.75, 1.75, 8.5, 1.5], "texture": "#0"},
				"down": {"uv": [2, 8.5, 1.75, 8.75], "texture": "#0"}
			}
		},
		{
			"from": [7, 15, 10],
			"to": [9, 19, 11],
			"faces": {
				"north": {"uv": [6, 0, 6.5, 1], "texture": "#0"},
				"east": {"uv": [4.25, 7.5, 4.5, 8.5], "texture": "#0"},
				"south": {"uv": [1, 6, 1.5, 7], "texture": "#0"},
				"west": {"uv": [4.5, 7.5, 4.75, 8.5], "texture": "#0"},
				"up": {"uv": [2, 8.5, 1.5, 8.25], "texture": "#0"},
				"down": {"uv": [2.5, 8.25, 2, 8.5], "texture": "#0"}
			}
		},
		{
			"from": [7, 0, 7],
			"to": [9, 8, 9],
			"faces": {
				"north": {"uv": [4, 1.5, 4.5, 3.5], "texture": "#0"},
				"east": {"uv": [2, 4, 2.5, 6], "texture": "#0"},
				"south": {"uv": [2.5, 4, 3, 6], "texture": "#0"},
				"west": {"uv": [4, 3.5, 4.5, 5.5], "texture": "#0"},
				"up": {"uv": [8, 2.5, 7.5, 2], "texture": "#0"},
				"down": {"uv": [5.75, 7.5, 5.25, 8], "texture": "#0"}
			}
		},
		{
			"from": [6, 1, 6],
			"to": [10, 2, 10],
			"faces": {
				"north": {"uv": [7.5, 5.25, 8.5, 5.5], "texture": "#0"},
				"east": {"uv": [7.5, 5.5, 8.5, 5.75], "texture": "#0"},
				"south": {"uv": [5.75, 7.5, 6.75, 7.75], "texture": "#0"},
				"west": {"uv": [7.5, 5.75, 8.5, 6], "texture": "#0"},
				"up": {"uv": [1, 5.5, 0, 4.5], "texture": "#0"},
				"down": {"uv": [2, 4.5, 1, 5.5], "texture": "#0"}
			}
		},
		{
			"from": [9, 7.25, 7],
			"to": [15, 8.25, 9],
			"rotation": {"angle": 22.5, "axis": "z", "origin": [10, 6, 8]},
			"faces": {
				"north": {"uv": [6.5, 0, 8, 0.25], "texture": "#0"},
				"east": {"uv": [8.25, 3, 8.75, 3.25], "texture": "#0"},
				"south": {"uv": [6.5, 0.25, 8, 0.5], "texture": "#0"},
				"west": {"uv": [8.25, 3.25, 8.75, 3.5], "texture": "#0"},
				"up": {"uv": [6.5, 3.5, 5, 3], "texture": "#0"},
				"down": {"uv": [6.5, 3.5, 5, 4], "texture": "#0"}
			}
		},
		{
			"from": [7, 6.5, 5],
			"to": [9, 7.5, 7],
			"rotation": {"angle": 22.5, "axis": "x", "origin": [10, 6, 8]},
			"faces": {
				"north": {"uv": [8.25, 3.5, 8.75, 3.75], "texture": "#0"},
				"east": {"uv": [8.25, 3.75, 8.75, 4], "texture": "#0"},
				"south": {"uv": [8.25, 4, 8.75, 4.25], "texture": "#0"},
				"west": {"uv": [8.25, 4.25, 8.75, 4.5], "texture": "#0"},
				"up": {"uv": [7.25, 8, 6.75, 7.5], "texture": "#0"},
				"down": {"uv": [7.75, 7.5, 7.25, 8], "texture": "#0"}
			}
		},
		{
			"from": [7, 6.5, 9],
			"to": [9, 7.5, 12],
			"rotation": {"angle": -22.5, "axis": "x", "origin": [10, 6, 8]},
			"faces": {
				"north": {"uv": [8.25, 4.5, 8.75, 4.75], "texture": "#0"},
				"east": {"uv": [0, 7.75, 0.75, 8], "texture": "#0"},
				"south": {"uv": [8.25, 4.75, 8.75, 5], "texture": "#0"},
				"west": {"uv": [0.75, 7.75, 1.5, 8], "texture": "#0"},
				"up": {"uv": [7, 3.25, 6.5, 2.5], "texture": "#0"},
				"down": {"uv": [7, 3.25, 6.5, 4], "texture": "#0"}
			}
		},
		{
			"from": [7, 8.2571, 10.07422],
			"to": [9, 13.2571, 11.07422],
			"rotation": {"angle": 22.5, "axis": "x", "origin": [9, 7.04411, 10.62451]},
			"faces": {
				"north": {"uv": [5, 5, 5.5, 6.25], "texture": "#0"},
				"east": {"uv": [5.25, 6.25, 5.5, 7.5], "texture": "#0"},
				"south": {"uv": [0, 5.5, 0.5, 6.75], "texture": "#0"},
				"west": {"uv": [6.5, 4, 6.75, 5.25], "texture": "#0"},
				"up": {"uv": [5.5, 8.5, 5, 8.25], "texture": "#0"},
				"down": {"uv": [8.75, 5, 8.25, 5.25], "texture": "#0"}
			}
		},
		{
			"from": [1, 7.25, 7],
			"to": [7, 8.25, 9],
			"rotation": {"angle": -22.5, "axis": "z", "origin": [6, 6, 8]},
			"faces": {
				"north": {"uv": [6.5, 0.5, 8, 0.75], "texture": "#0"},
				"east": {"uv": [5.5, 8.25, 6, 8.5], "texture": "#0"},
				"south": {"uv": [6.5, 0.75, 8, 1], "texture": "#0"},
				"west": {"uv": [6, 8.25, 6.5, 8.5], "texture": "#0"},
				"up": {"uv": [6.5, 4.5, 5, 4], "texture": "#0"},
				"down": {"uv": [6.5, 4.5, 5, 5], "texture": "#0"}
			}
		}
	],
	"display": {
		"thirdperson_righthand": {
			"rotation": [-162, 24, -170],
			"translation": [0.5, 1.5, 2.75],
			"scale": [0.52, 0.52, 0.52]
		},
		"thirdperson_lefthand": {
			"rotation": [-162, 24, -170],
			"translation": [0.5, 1.5, 2.75],
			"scale": [0.52, 0.52, 0.52]
		},
		"firstperson_righthand": {
			"rotation": [170, 37, -178],
			"scale": [0.7, 0.7, 0.7]
		},
		"firstperson_lefthand": {
			"rotation": [170, 37, -178],
			"scale": [0.7, 0.7, 0.7]
		},
		"ground": {
			"translation": [0, 4, 0],
			"scale": [0.66, 0.66, 0.66]
		},
		"gui": {
			"rotation": [0, -180, -13],
			"translation": [0.25, -2.25, 0],
			"scale": [0.59, 0.59, 0.59]
		},
		"head": {
			"translation": [0, 7.75, 0]
		},
		"fixed": {
			"rotation": [-90, 0, 0],
			"translation": [0, 0, -10.25],
			"scale": [1.56, 1.56, 1.56]
		}
	},
	"groups": [
		{
			"name": "main",
			"origin": [8, 8, 8],
			"color": 0,
			"children": [
				{
					"name": "mirror",
					"origin": [8, 8, 8],
					"color": 0,
					"children": [0, 1, 2, 3, 4]
				},
				{
					"name": "outline",
					"origin": [8, 8, 8],
					"color": 0,
					"children": [5, 6, 7, 8, 9, 10, 11, 12, 13, 14, 15, 16, 17, 18, 19, 20, 21, 22, 23, 24, 25, 26]
				},
				{
					"name": "Handle",
					"origin": [8, 8, 8],
					"color": 0,
					"children": [27, 28, 29, 30, 31, 32, 33]
				}
			]
		}
	]
}