{
  "parent": "minecraft:block/orientable",
  "textures": {
    "top": "minecraft:block/pumpkin_top",
    "front": "minecraft:block/carved_pumpkin",
    "side": "minecraft:block/pumpkin_side"
  },
    "overrides": [
    {"predicate": {"custom_model_data": 1}, "model": "custom:item/partyhat"},
    {"predicate": {"custom_model_data": 6}, "model": "custom_items:player_items/ozzy_haloanim"},
    {"predicate": {"custom_model_data": 7}, "model": "custom_items:player_items/nekwither"},
    {"predicate": {"custom_model_data": 14}, "model": "custom_items:player_items/quest_ram"},
    {"predicate": {"custom_model_data": 43}, "model": "custom_items:player_items/toptophat"},
    {"predicate": {"custom_model_data": 50}, "model": "custom_items:player_items/cicada"},
    {"predicate": {"custom_model_data": 51}, "model": "custom_items:player_items/firefly"},
    {"predicate": {"custom_model_data": 52}, "model": "custom_items:player_items/moonworm"},
    {"predicate": {"custom_model_data": 66}, "model": "custom_items:player_items/penguin_hat"},
    {"predicate": {"custom_model_data": 72}, "model": "custom_items:player_items/bigdious_animated_head"},
    {"predicate": {"custom_model_data": 77}, "model": "custom_items:player_items/lich"},
    {"predicate": {"custom_model_data": 1783}, "model": "custom_items:relics/hillsrabbit"},
    {"predicate": {"custom_model_data": 1784}, "model": "custom_items:relics/horizonmirror"},
    {"predicate": {"custom_model_data": 1785}, "model": "custom_items:relics/lochocto"},
    {"predicate": {"custom_model_data": 1786}, "model": "custom_items:relics/marshdiamond"},
    {"predicate": {"custom_model_data": 1787}, "model": "custom_items:relics/peaksgoat"},
    {"predicate": {"custom_model_data": 1788}, "model": "custom_items:relics/thicketwoods"}
    ]
}