{
    "parent": "item/generated",
    "textures": {
        "layer0": "item/crossbow_standby"
    },
    
    "overrides": [
        {"predicate": {"pulling": 1, "custom_model_data": 38}, "model": "custom_items/textures/item/tian_crossbow_pulling_0"},
        {"predicate": {"pulling": 1, "pull": 0.58, "custom_model_data": 38}, "model": "custom_items/textures/item/tian_crossbow_pulling_1"},
        {"predicate": {"pulling": 1, "pull": 1.0, "custom_model_data": 38}, "model": "custom_items/textures/item/tian_crossbow_pulling_2"},
        {"predicate": {"charged": 1, "custom_model_data": 38}, "model": "custom_items/textures/item/tian_crossbow_arrow"},
        {"predicate": {"charged": 1, "firework": 1, "custom_model_data": 38}, "model": "custom_items/textures/item/tian_crossbow_firework"},
	  {"predicate": {"custom_model_data": 38}, "model": "custom_items/textures/item/tian_crossbow_standby"}
    ]
}
