{
  "parent": "minecraft:item/handheld",
  "textures": {
    "layer0": "minecraft:item/netherite_sword"
  },
  "overrides": [
   { "predicate": { "custom_model_data": 13 }, "model": "custom_items:player_items/pika_blade"},
   { "predicate": { "custom_model_data": 14 }, "model": "custom_items:player_items/nek_blade"},
   { "predicate": { "custom_model_data": 68 }, "model": "custom_items:player_items/grape_sword"},
   { "predicate": { "custom_model_data": 69 }, "model": "custom_items:player_items/hob_gauntlet"}
  ]
}

