{
  "parent": "minecraft:block/orientable",
  "textures": {
    "top": "minecraft:block/pumpkin_top",
    "front": "minecraft:block/carved_pumpkin",
    "side": "minecraft:block/pumpkin_side"
  },
    "overrides": [
    {"predicate": {"custom_model_data": 1}, "model": "item/partyhat"},
    {"predicate": {"custom_model_data": 6}, "model": "custom:item/ozzy_haloanim"},
    {"predicate": {"custom_model_data": 7}, "model": "custom:item/nekwither"},
    {"predicate": {"custom_model_data": 11}, "model": "relics:hillsrabbit"},
    {"predicate": {"custom_model_data": 12}, "model": "relics:horizonmirror"},
    {"predicate": {"custom_model_data": 13}, "model": "relics:peaksgoat"},
    {"predicate": {"custom_model_data": 13}, "model": "custom:gizmo/quest_ram"},
    {"predicate": {"custom_model_data": 43}, "model": "custom:item/toptophat"},
    {"predicate": {"custom_model_data": 50}, "model": "custom:gizmo/cicada"},
    {"predicate": {"custom_model_data": 51}, "model": "custom:gizmo/firefly"},
    {"predicate": {"custom_model_data": 52}, "model": "custom:gizmo/moonworm"},
    {"predicate": {"custom_model_data": 66}, "model": "custom:item/penguin_hat"},
    {"predicate": {"custom_model_data": 72}, "model": "custom:item/bigdious_animated_head"},
    {"predicate": {"custom_model_data": 77}, "model": "custom:item/lich"}
    ]
}