{
	"credit": "Made with Blockbench",
	"parent": "Carved Pumpkin",
	"texture_size": [64, 64],
	"textures": {
		"0": "block/toptophattexture",
		"particle": "block/toptophattexture"
	},
	"elements": [
		{
			"from": [5, 23, 5],
			"to": [11, 24, 11],
			"faces": {
				"north": {"uv": [8, 7.25, 9.5, 7.5], "texture": "#0"},
				"east": {"uv": [8, 7.5, 9.5, 7.75], "texture": "#0"},
				"south": {"uv": [9, 8.5, 10.5, 8.75], "texture": "#0"},
				"west": {"uv": [9, 8.75, 10.5, 9], "texture": "#0"},
				"up": {"uv": [5.5, 9.25, 4, 7.75], "texture": "#0"},
				"down": {"uv": [7, 7.75, 5.5, 9.25], "texture": "#0"}
			}
		},
		{
			"from": [4, -7.125, 4],
			"to": [12, 23, 12],
			"faces": {
				"north": {"uv": [0, 0, 2, 7.75], "texture": "#0"},
				"east": {"uv": [2, 0, 4, 7.75], "texture": "#0"},
				"south": {"uv": [4, 0, 6, 7.75], "texture": "#0"},
				"west": {"uv": [6, 0, 8, 7.75], "texture": "#0"},
				"up": {"uv": [2, 9.75, 0, 7.75], "texture": "#0"},
				"down": {"uv": [4, 7.75, 2, 9.75], "texture": "#0"}
			}
		},
		{
			"from": [4, -8, 2],
			"to": [12, -5, 4],
			"faces": {
				"north": {"uv": [8, 2.25, 10, 3], "texture": "#0"},
				"east": {"uv": [9, 9, 9.5, 9.75], "texture": "#0"},
				"south": {"uv": [8, 3, 10, 3.75], "texture": "#0"},
				"west": {"uv": [4, 9.25, 4.5, 10], "texture": "#0"},
				"up": {"uv": [10, 5.75, 8, 5.25], "texture": "#0"},
				"down": {"uv": [10, 5.75, 8, 6.25], "texture": "#0"}
			}
		},
		{
			"from": [4, -8, 12],
			"to": [12, -5, 14],
			"faces": {
				"north": {"uv": [8, 3.75, 10, 4.5], "texture": "#0"},
				"east": {"uv": [4.5, 9.25, 5, 10], "texture": "#0"},
				"south": {"uv": [8, 4.5, 10, 5.25], "texture": "#0"},
				"west": {"uv": [5, 9.25, 5.5, 10], "texture": "#0"},
				"up": {"uv": [10, 6.75, 8, 6.25], "texture": "#0"},
				"down": {"uv": [10, 6.75, 8, 7.25], "texture": "#0"}
			}
		},
		{
			"from": [12, -8, 2],
			"to": [14, -5, 14],
			"faces": {
				"north": {"uv": [5.5, 9.25, 6, 10], "texture": "#0"},
				"east": {"uv": [7, 7.75, 10, 8.5], "texture": "#0"},
				"south": {"uv": [6, 9.25, 6.5, 10], "texture": "#0"},
				"west": {"uv": [8, 0, 11, 0.75], "texture": "#0"},
				"up": {"uv": [7.5, 11.5, 7, 8.5], "texture": "#0"},
				"down": {"uv": [8, 8.5, 7.5, 11.5], "texture": "#0"}
			}
		},
		{
			"from": [2, -8, 2],
			"to": [4, -5, 14],
			"faces": {
				"north": {"uv": [6.5, 9.25, 7, 10], "texture": "#0"},
				"east": {"uv": [8, 0.75, 11, 1.5], "texture": "#0"},
				"south": {"uv": [9.5, 9, 10, 9.75], "texture": "#0"},
				"west": {"uv": [8, 1.5, 11, 2.25], "texture": "#0"},
				"up": {"uv": [8.5, 11.5, 8, 8.5], "texture": "#0"},
				"down": {"uv": [9, 8.5, 8.5, 11.5], "texture": "#0"}
			}
		},
		{
			"from": [7, 24, 9.4375],
			"to": [7.4375, 25.125, 9.9375],
			"rotation": {"angle": 0, "axis": "x", "origin": [0, 0, 0.3125]},
			"faces": {
				"north": {"uv": [3.75, 9.75, 3.875, 10.03125], "texture": "#0"},
				"east": {"uv": [2.75, 10, 2.875, 10.28125], "texture": "#0"},
				"south": {"uv": [10, 2.75, 10.125, 3.03125], "texture": "#0"},
				"west": {"uv": [3, 10, 3.125, 10.28125], "texture": "#0"},
				"up": {"uv": [4.125, 10.125, 4, 10], "texture": "#0"},
				"down": {"uv": [4.375, 10, 4.25, 10.125], "texture": "#0"}
			}
		},
		{
			"from": [8.625, 24, 9.4375],
			"to": [9.0625, 25.125, 9.9375],
			"rotation": {"angle": 0, "axis": "x", "origin": [0, 0, 0.3125]},
			"faces": {
				"north": {"uv": [3.25, 10, 3.375, 10.28125], "texture": "#0"},
				"east": {"uv": [10, 3.25, 10.125, 3.53125], "texture": "#0"},
				"south": {"uv": [3.5, 10, 3.625, 10.28125], "texture": "#0"},
				"west": {"uv": [10, 3.75, 10.125, 4.03125], "texture": "#0"},
				"up": {"uv": [10.125, 4.375, 10, 4.25], "texture": "#0"},
				"down": {"uv": [4.625, 10, 4.5, 10.125], "texture": "#0"}
			}
		},
		{
			"from": [6.6875, 24, 7.5],
			"to": [9.3125, 24.5, 9.25],
			"rotation": {"angle": 0, "axis": "x", "origin": [0, 0, 0.3125]},
			"faces": {
				"north": {"uv": [9, 9.75, 9.65625, 9.875], "texture": "#0"},
				"east": {"uv": [1.75, 10, 2.1875, 10.125], "texture": "#0"},
				"south": {"uv": [9.75, 9.75, 10.40625, 9.875], "texture": "#0"},
				"west": {"uv": [2.25, 10, 2.6875, 10.125], "texture": "#0"},
				"up": {"uv": [10.15625, 7.6875, 9.5, 7.25], "texture": "#0"},
				"down": {"uv": [1.65625, 9.75, 1, 10.1875], "texture": "#0"}
			}
		},
		{
			"from": [7.25, 19.3125, 16.375],
			"to": [8.75, 19.8125, 19.5625],
			"rotation": {"angle": -22.5, "axis": "x", "origin": [0, 0, 0.3125]},
			"faces": {
				"north": {"uv": [10, 2.25, 10.375, 2.375], "texture": "#0"},
				"east": {"uv": [1.75, 9.75, 2.53125, 9.875], "texture": "#0"},
				"south": {"uv": [10, 2.5, 10.375, 2.625], "texture": "#0"},
				"west": {"uv": [2.75, 9.75, 3.53125, 9.875], "texture": "#0"},
				"up": {"uv": [0.375, 10.53125, 0, 9.75], "texture": "#0"},
				"down": {"uv": [0.875, 9.75, 0.5, 10.53125], "texture": "#0"}
			}
		}
	],
	"display": {
		"thirdperson_righthand": {
			"rotation": [-1, 0, 0],
			"translation": [0.25, 3.75, 3],
			"scale": [0.27, 0.27, 0.27]
		},
		"thirdperson_lefthand": {
			"rotation": [-1, 0, 0],
			"translation": [0.25, 3.75, 3],
			"scale": [0.27, 0.27, 0.27]
		},
		"firstperson_righthand": {
			"rotation": [0, 9, 0],
			"translation": [-1.75, 8.5, 0],
			"scale": [0.58, 0.58, 0.58]
		},
		"firstperson_lefthand": {
			"translation": [-3.25, 8.5, 0],
			"scale": [0.58, 0.58, 0.58]
		},
		"ground": {
			"translation": [0, 2.5, 0],
			"scale": [0.48, 0.48, 0.48]
		},
		"gui": {
			"rotation": [0, -57, 0],
			"scale": [0.39, 0.39, 0.39]
		},
		"head": {
			"rotation": [0, -180, 0],
			"translation": [0, 29.25, 0],
			"scale": [1.58, 1.58, 1.58]
		},
		"fixed": {
			"rotation": [0, -180, 40],
			"scale": [0.5, 0.5, 0.5]
		}
	},
	"groups": [
		{
			"name": "all of it",
			"origin": [8, 8, 8],
			"color": 0,
			"children": [
				{
					"name": "the hat",
					"origin": [8, 8, 8],
					"color": 0,
					"children": [0, 1, 2, 3, 4, 5]
				},
				{
					"name": "the frog",
					"origin": [0, 0, 0],
					"color": 0,
					"children": [6, 7, 8, 9]
				}
			]
		}
	]
}