{
	"credit": "Made with Blockbench",
	"texture_size": [64, 32],
	"textures": {
		"0": "player_items:item/cicada"
	},
	"elements": [
		{
			"from": [6, 0, 5],
			"to": [10, 2, 11],
			"rotation": {"angle": 0, "axis": "y", "origin": [-2, 0, -3]},
			"faces": {
				"north": {"uv": [1.5, 8.5, 2.5, 9.5], "texture": "#0"},
				"east": {"uv": [0, 8.5, 1.5, 9.5], "texture": "#0"},
				"south": {"uv": [4, 8.5, 5, 9.5], "texture": "#0"},
				"west": {"uv": [2.5, 8.5, 4, 9.5], "texture": "#0"},
				"up": {"uv": [2.5, 8.5, 1.5, 5.5], "texture": "#0"},
				"down": {"uv": [3.5, 5.5, 2.5, 8.5], "texture": "#0"}
			}
		},
		{
			"from": [5, 1, 4],
			"to": [7, 3, 6],
			"rotation": {"angle": 0, "axis": "y", "origin": [-2, 0, -3]},
			"faces": {
				"north": {"uv": [5.5, 8.5, 6, 9.5], "texture": "#0"},
				"east": {"uv": [5, 8.5, 5.5, 9.5], "texture": "#0"},
				"south": {"uv": [6.5, 8.5, 7, 9.5], "texture": "#0"},
				"west": {"uv": [6, 8.5, 6.5, 9.5], "texture": "#0"},
				"up": {"uv": [6, 8.5, 5.5, 7.5], "texture": "#0"},
				"down": {"uv": [6.5, 7.5, 6, 8.5], "texture": "#0"}
			}
		},
		{
			"from": [9, 1, 4],
			"to": [11, 3, 6],
			"rotation": {"angle": 0, "axis": "y", "origin": [-2, 0, -3]},
			"faces": {
				"north": {"uv": [5.5, 8.5, 6, 9.5], "texture": "#0"},
				"east": {"uv": [5, 8.5, 5.5, 9.5], "texture": "#0"},
				"south": {"uv": [6.5, 8.5, 7, 9.5], "texture": "#0"},
				"west": {"uv": [6, 8.5, 6.5, 9.5], "texture": "#0"},
				"up": {"uv": [6, 8.5, 5.5, 7.5], "texture": "#0"},
				"down": {"uv": [6.5, 7.5, 6, 8.5], "texture": "#0"}
			}
		},
		{
			"from": [4, 0, 5],
			"to": [12, 0, 9],
			"rotation": {"angle": 0, "axis": "y", "origin": [-2, 0, -3]},
			"faces": {
				"north": {"uv": [2.25, 13, 4.25, 13], "texture": "#0"},
				"east": {"uv": [1.25, 13, 2.25, 13], "texture": "#0"},
				"south": {"uv": [5.25, 13, 7.25, 13], "texture": "#0"},
				"west": {"uv": [4.25, 13, 5.25, 13], "texture": "#0"},
				"up": {"uv": [4.25, 13, 2.25, 11], "texture": "#0"},
				"down": {"uv": [6.25, 11, 4.25, 13], "texture": "#0"}
			}
		},
		{
			"from": [4, 2, 7],
			"to": [12, 2, 15],
			"shade": false,
			"rotation": {"angle": 0, "axis": "y", "origin": [-2, 0, -3]},
			"faces": {
				"north": {"uv": [9, 4, 7, 4], "texture": "#0"},
				"east": {"uv": [11, 4, 9, 4], "texture": "#0"},
				"south": {"uv": [13, 4, 11, 4], "texture": "#0"},
				"west": {"uv": [7, 4, 5, 4], "texture": "#0"},
				"up": {"uv": [7, 4, 9, 0], "texture": "#0"},
				"down": {"uv": [9, 0, 11, 4], "texture": "#0"}
			}
		},
		{
			"from": [7, 0, 4],
			"to": [9, 1, 12],
			"rotation": {"angle": 0, "axis": "y", "origin": [-2, 0, -3]},
			"faces": {
				"north": {"uv": [2, 4, 2.5, 4.5], "texture": "#0"},
				"east": {"uv": [0, 4, 2, 4.5], "texture": "#0"},
				"south": {"uv": [4.5, 4, 5, 4.5], "texture": "#0"},
				"west": {"uv": [2.5, 4, 4.5, 4.5], "texture": "#0"},
				"up": {"uv": [2.5, 4, 2, 0], "texture": "#0"},
				"down": {"uv": [3, 0, 2.5, 4], "texture": "#0"}
			}
		}
	],
	"display": {
		"thirdperson_righthand": {
			"translation": [0, 4, 2],
			"scale": [0.5, 0.5, 0.5]
		},
		"firstperson_righthand": {
			"rotation": [22, 20, 0],
			"translation": [5, 6, 0]
		},
		"ground": {
			"translation": [0, 2.5, 0],
			"scale": [0.75, 0.75, 0.75]
		},
		"gui": {
			"rotation": [30, -135, 0],
			"translation": [1.75, 6, 0],
			"scale": [1.25, 1.25, 1.25]
		},
		"head": {
			"translation": [0, 14.5, 0]
		},
		"fixed": {
			"rotation": [-90, 0, 0],
			"translation": [0, 0, -16],
			"scale": [2, 2, 2]
		}
	},
	"groups": [
		{
			"name": "bone",
			"origin": [-2, 0, -3],
			"color": 0,
			"children": [0, 1, 2, 3, 4, 5]
		}
	]
}