{
	"credit": "Made with Blockbench",
	"texture_size": [32, 32],
	"textures": {
		"2": "player_items:item/moonworm"
	},
	"elements": [
		{
			"from": [10, 0, 9],
			"to": [12, 2, 11],
			"faces": {
				"north": {"uv": [1, 1, 2, 2], "texture": "#2"},
				"east": {"uv": [0, 1, 1, 2], "texture": "#2"},
				"south": {"uv": [3, 1, 4, 2], "texture": "#2"},
				"west": {"uv": [2, 1, 3, 2], "texture": "#2"},
				"up": {"uv": [2, 1, 1, 0], "texture": "#2"},
				"down": {"uv": [3, 0, 2, 1], "texture": "#2"}
			}
		},
		{
			"from": [6, 0, 10],
			"to": [10, 2, 12],
			"faces": {
				"north": {"uv": [1, 3, 3, 4], "texture": "#2"},
				"east": {"uv": [0, 3, 1, 4], "texture": "#2"},
				"south": {"uv": [4, 3, 6, 4], "texture": "#2"},
				"west": {"uv": [3, 3, 4, 4], "texture": "#2"},
				"up": {"uv": [3, 3, 1, 2], "texture": "#2"},
				"down": {"uv": [5, 2, 3, 3], "texture": "#2"}
			}
		},
		{
			"from": [4, 0, 7],
			"to": [6, 2, 11],
			"faces": {
				"north": {"uv": [2, 6, 3, 7], "texture": "#2"},
				"east": {"uv": [0, 6, 2, 7], "texture": "#2"},
				"south": {"uv": [5, 6, 6, 7], "texture": "#2"},
				"west": {"uv": [3, 6, 5, 7], "texture": "#2"},
				"up": {"uv": [3, 6, 2, 4], "texture": "#2"},
				"down": {"uv": [4, 4, 3, 6], "texture": "#2"}
			}
		},
		{
			"from": [5, 0, 5],
			"to": [7, 2, 7],
			"faces": {
				"north": {"uv": [1, 8, 2, 9], "texture": "#2"},
				"east": {"uv": [0, 8, 1, 9], "texture": "#2"},
				"south": {"uv": [3, 8, 4, 9], "texture": "#2"},
				"west": {"uv": [2, 8, 3, 9], "texture": "#2"},
				"up": {"uv": [2, 8, 1, 7], "texture": "#2"},
				"down": {"uv": [3, 7, 2, 8], "texture": "#2"}
			}
		}
	],
	"display": {
		"thirdperson_righthand": {
			"translation": [0.5, 2.75, 2],
			"scale": [0.35, 0.35, 0.35]
		},
		"firstperson_righthand": {
			"rotation": [22, -160, 0],
			"translation": [5, 6, 0]
		},
		"ground": {
			"translation": [0, 2.5, 0],
			"scale": [0.75, 0.75, 0.75]
		},
		"gui": {
			"rotation": [30, -135, 0],
			"translation": [0.5, 6, 0],
			"scale": [1.25, 1.25, 1.25]
		},
		"head": {
			"rotation": [-90, 0, 0],
			"translation": [0, -0.75, -14.5]
		},
		"fixed": {
			"rotation": [-90, -180, 0],
			"translation": [0, 0, -16],
			"scale": [2, 2, 2]
		}
	}
}