{
	"parent": "item/handheld",
	"textures": {
		"layer0": "minigolf_plugin:item/putter"
	},
	"display": {
		"thirdperson_righthand": {
            "rotation": [ 90, -90, 35 ],
            "translation": [ 0, -0.5, -4 ],
            "scale": [ 0.85, 0.85, 0.85 ]
        },
        "thirdperson_lefthand": {
            "rotation": [ 90, 90, -35 ],
            "translation": [ 0, -0.5, -4 ],
            "scale": [ 0.85, 0.85, 0.85 ]
        },
        "firstperson_righthand": {
            "rotation": [ 180, -270, 65 ],
            "translation": [ 1.13, 3.2, 1.13 ],
            "scale": [ 0.68, 0.68, 0.68 ]
        },
        "firstperson_lefthand": {
            "rotation": [ 180, 270, -65 ],
            "translation": [ 1.13, 3.2, 1.13 ],
            "scale": [ 0.68, 0.68, 0.68 ]
        }
	}
}