{
	"credit": "Made with Blockbench",
	"texture_size": [32, 32],
	"textures": {
		"0": "player_items:item/luna_katana",
		"particle": "player_items:item/luna_katana"
	},
	"elements": [
		{
			"from": [4, 8, 6],
			"to": [5, 9, 7],
			"faces": {
				"north": {"uv": [8, 8.5, 8.5, 9], "texture": "#0"},
				"east": {"uv": [8.5, 8, 9, 8.5], "texture": "#0"},
				"south": {"uv": [8.5, 8.5, 9, 9], "texture": "#0"},
				"west": {"uv": [0, 9, 0.5, 9.5], "texture": "#0"},
				"up": {"uv": [1, 9.5, 0.5, 9], "texture": "#0"},
				"down": {"uv": [2, 9, 1.5, 9.5], "texture": "#0"}
			}
		},
		{
			"from": [-2, 6, 6],
			"to": [-1, 7, 7],
			"faces": {
				"north": {"uv": [9, 1.5, 9.5, 2], "texture": "#0"},
				"east": {"uv": [2, 9, 2.5, 9.5], "texture": "#0"},
				"south": {"uv": [9, 2, 9.5, 2.5], "texture": "#0"},
				"west": {"uv": [9, 2.5, 9.5, 3], "texture": "#0"},
				"up": {"uv": [9.5, 3.5, 9, 3], "texture": "#0"},
				"down": {"uv": [4, 9, 3.5, 9.5], "texture": "#0"}
			}
		},
		{
			"from": [-3, 9, 6],
			"to": [-2, 10, 7],
			"faces": {
				"north": {"uv": [9, 3.5, 9.5, 4], "texture": "#0"},
				"east": {"uv": [4, 9, 4.5, 9.5], "texture": "#0"},
				"south": {"uv": [9, 4, 9.5, 4.5], "texture": "#0"},
				"west": {"uv": [4.5, 9, 5, 9.5], "texture": "#0"},
				"up": {"uv": [9.5, 5, 9, 4.5], "texture": "#0"},
				"down": {"uv": [5.5, 9, 5, 9.5], "texture": "#0"}
			}
		},
		{
			"from": [-2, 4, 6],
			"to": [-1, 5, 7],
			"faces": {
				"north": {"uv": [9, 5, 9.5, 5.5], "texture": "#0"},
				"east": {"uv": [5.5, 9, 6, 9.5], "texture": "#0"},
				"south": {"uv": [9, 5.5, 9.5, 6], "texture": "#0"},
				"west": {"uv": [6, 9, 6.5, 9.5], "texture": "#0"},
				"up": {"uv": [9.5, 6.5, 9, 6], "texture": "#0"},
				"down": {"uv": [7, 9, 6.5, 9.5], "texture": "#0"}
			}
		},
		{
			"from": [5, 3, 6],
			"to": [6, 5, 7],
			"faces": {
				"north": {"uv": [8, 0.5, 8.5, 1.5], "texture": "#0"},
				"east": {"uv": [1.5, 8, 2, 9], "texture": "#0"},
				"south": {"uv": [8, 1.5, 8.5, 2.5], "texture": "#0"},
				"west": {"uv": [2, 8, 2.5, 9], "texture": "#0"},
				"up": {"uv": [9.5, 7, 9, 6.5], "texture": "#0"},
				"down": {"uv": [7.5, 9, 7, 9.5], "texture": "#0"}
			}
		},
		{
			"from": [7, 0, 5],
			"to": [8, 3, 8],
			"faces": {
				"north": {"uv": [4.5, 0, 5, 1.5], "texture": "#0"},
				"east": {"uv": [0, 0, 1.5, 1.5], "texture": "#0"},
				"south": {"uv": [4.5, 1.5, 5, 3], "texture": "#0"},
				"west": {"uv": [0, 1.5, 1.5, 3], "texture": "#0"},
				"up": {"uv": [2.5, 6, 2, 4.5], "texture": "#0"},
				"down": {"uv": [3, 4.5, 2.5, 6], "texture": "#0"}
			}
		},
		{
			"from": [2, 3, 6],
			"to": [3, 4, 7],
			"faces": {
				"north": {"uv": [9, 7, 9.5, 7.5], "texture": "#0"},
				"east": {"uv": [7.5, 9, 8, 9.5], "texture": "#0"},
				"south": {"uv": [8, 9, 8.5, 9.5], "texture": "#0"},
				"west": {"uv": [9, 8, 9.5, 8.5], "texture": "#0"},
				"up": {"uv": [9, 9.5, 8.5, 9], "texture": "#0"},
				"down": {"uv": [9.5, 8.5, 9, 9], "texture": "#0"}
			}
		},
		{
			"from": [0, 8, 6],
			"to": [3, 9, 7],
			"faces": {
				"north": {"uv": [3, 4.5, 4.5, 5], "texture": "#0"},
				"east": {"uv": [9, 9, 9.5, 9.5], "texture": "#0"},
				"south": {"uv": [4.5, 4.5, 6, 5], "texture": "#0"},
				"west": {"uv": [0, 9.5, 0.5, 10], "texture": "#0"},
				"up": {"uv": [1.5, 5.5, 0, 5], "texture": "#0"},
				"down": {"uv": [6.5, 0, 5, 0.5], "texture": "#0"}
			}
		},
		{
			"from": [-1, 9, 6],
			"to": [2, 10, 7],
			"faces": {
				"north": {"uv": [5, 0.5, 6.5, 1], "texture": "#0"},
				"east": {"uv": [9.5, 0, 10, 0.5], "texture": "#0"},
				"south": {"uv": [5, 1, 6.5, 1.5], "texture": "#0"},
				"west": {"uv": [0.5, 9.5, 1, 10], "texture": "#0"},
				"up": {"uv": [6.5, 2, 5, 1.5], "texture": "#0"},
				"down": {"uv": [6.5, 2, 5, 2.5], "texture": "#0"}
			}
		},
		{
			"from": [8, 1, 5],
			"to": [9, 2, 8],
			"faces": {
				"north": {"uv": [9.5, 0.5, 10, 1], "texture": "#0"},
				"east": {"uv": [5, 2.5, 6.5, 3], "texture": "#0"},
				"south": {"uv": [1, 9.5, 1.5, 10], "texture": "#0"},
				"west": {"uv": [3, 5, 4.5, 5.5], "texture": "#0"},
				"up": {"uv": [2, 6.5, 1.5, 5], "texture": "#0"},
				"down": {"uv": [5, 5, 4.5, 6.5], "texture": "#0"}
			}
		},
		{
			"from": [-3, 11, 6],
			"to": [0, 12, 7],
			"faces": {
				"north": {"uv": [5, 5, 6.5, 5.5], "texture": "#0"},
				"east": {"uv": [9.5, 1, 10, 1.5], "texture": "#0"},
				"south": {"uv": [0, 5.5, 1.5, 6], "texture": "#0"},
				"west": {"uv": [1.5, 9.5, 2, 10], "texture": "#0"},
				"up": {"uv": [4.5, 6, 3, 5.5], "texture": "#0"},
				"down": {"uv": [6.5, 5.5, 5, 6], "texture": "#0"}
			}
		},
		{
			"from": [-2, 10, 6],
			"to": [1, 11, 7],
			"faces": {
				"north": {"uv": [0, 6, 1.5, 6.5], "texture": "#0"},
				"east": {"uv": [9.5, 1.5, 10, 2], "texture": "#0"},
				"south": {"uv": [2, 6, 3.5, 6.5], "texture": "#0"},
				"west": {"uv": [2, 9.5, 2.5, 10], "texture": "#0"},
				"up": {"uv": [7.5, 3.5, 6, 3], "texture": "#0"},
				"down": {"uv": [7.5, 3.5, 6, 4], "texture": "#0"}
			}
		},
		{
			"from": [3, 4, 6],
			"to": [5, 7, 7],
			"faces": {
				"north": {"uv": [1.5, 0, 2.5, 1.5], "texture": "#0"},
				"east": {"uv": [3.5, 6, 4, 7.5], "texture": "#0"},
				"south": {"uv": [1.5, 1.5, 2.5, 3], "texture": "#0"},
				"west": {"uv": [4, 6, 4.5, 7.5], "texture": "#0"},
				"up": {"uv": [3.5, 8.5, 2.5, 8], "texture": "#0"},
				"down": {"uv": [9, 2.5, 8, 3], "texture": "#0"}
			}
		},
		{
			"from": [-7, 15, 6],
			"to": [-4, 16, 7],
			"faces": {
				"north": {"uv": [6, 4, 7.5, 4.5], "texture": "#0"},
				"east": {"uv": [9.5, 2, 10, 2.5], "texture": "#0"},
				"south": {"uv": [6, 4.5, 7.5, 5], "texture": "#0"},
				"west": {"uv": [2.5, 9.5, 3, 10], "texture": "#0"},
				"up": {"uv": [6.5, 6.5, 5, 6], "texture": "#0"},
				"down": {"uv": [1.5, 6.5, 0, 7], "texture": "#0"}
			}
		},
		{
			"from": [-8, 16, 6],
			"to": [-5, 17, 7],
			"faces": {
				"north": {"uv": [6.5, 0, 8, 0.5], "texture": "#0"},
				"east": {"uv": [9.5, 2.5, 10, 3], "texture": "#0"},
				"south": {"uv": [6.5, 0.5, 8, 1], "texture": "#0"},
				"west": {"uv": [3, 9.5, 3.5, 10], "texture": "#0"},
				"up": {"uv": [8, 1.5, 6.5, 1], "texture": "#0"},
				"down": {"uv": [3, 6.5, 1.5, 7], "texture": "#0"}
			}
		},
		{
			"from": [-6, 14, 6],
			"to": [-3, 15, 7],
			"faces": {
				"north": {"uv": [6.5, 1.5, 8, 2], "texture": "#0"},
				"east": {"uv": [9.5, 3, 10, 3.5], "texture": "#0"},
				"south": {"uv": [6.5, 2, 8, 2.5], "texture": "#0"},
				"west": {"uv": [3.5, 9.5, 4, 10], "texture": "#0"},
				"up": {"uv": [8, 3, 6.5, 2.5], "texture": "#0"},
				"down": {"uv": [6, 6.5, 4.5, 7], "texture": "#0"}
			}
		},
		{
			"from": [-4, 12, 6],
			"to": [-1, 13, 7],
			"faces": {
				"north": {"uv": [6.5, 5, 8, 5.5], "texture": "#0"},
				"east": {"uv": [9.5, 3.5, 10, 4], "texture": "#0"},
				"south": {"uv": [6.5, 5.5, 8, 6], "texture": "#0"},
				"west": {"uv": [4, 9.5, 4.5, 10], "texture": "#0"},
				"up": {"uv": [7.5, 7, 6, 6.5], "texture": "#0"},
				"down": {"uv": [8, 6, 6.5, 6.5], "texture": "#0"}
			}
		},
		{
			"from": [4, 6, 7],
			"to": [5, 7, 8],
			"faces": {
				"north": {"uv": [9.5, 4, 10, 4.5], "texture": "#0"},
				"east": {"uv": [4.5, 9.5, 5, 10], "texture": "#0"},
				"south": {"uv": [9.5, 4.5, 10, 5], "texture": "#0"},
				"west": {"uv": [5, 9.5, 5.5, 10], "texture": "#0"},
				"up": {"uv": [10, 5.5, 9.5, 5], "texture": "#0"},
				"down": {"uv": [6, 9.5, 5.5, 10], "texture": "#0"}
			}
		},
		{
			"from": [2, 5, 5],
			"to": [4, 6, 6],
			"faces": {
				"north": {"uv": [8, 3, 9, 3.5], "texture": "#0"},
				"east": {"uv": [9.5, 5.5, 10, 6], "texture": "#0"},
				"south": {"uv": [3.5, 8, 4.5, 8.5], "texture": "#0"},
				"west": {"uv": [6, 9.5, 6.5, 10], "texture": "#0"},
				"up": {"uv": [9, 4, 8, 3.5], "texture": "#0"},
				"down": {"uv": [9, 4, 8, 4.5], "texture": "#0"}
			}
		},
		{
			"from": [4, 6, 5],
			"to": [5, 7, 6],
			"faces": {
				"north": {"uv": [9.5, 6, 10, 6.5], "texture": "#0"},
				"east": {"uv": [6.5, 9.5, 7, 10], "texture": "#0"},
				"south": {"uv": [9.5, 6.5, 10, 7], "texture": "#0"},
				"west": {"uv": [7, 9.5, 7.5, 10], "texture": "#0"},
				"up": {"uv": [10, 7.5, 9.5, 7], "texture": "#0"},
				"down": {"uv": [8, 9.5, 7.5, 10], "texture": "#0"}
			}
		},
		{
			"from": [2, 5, 7],
			"to": [4, 6, 8],
			"faces": {
				"north": {"uv": [4.5, 8, 5.5, 8.5], "texture": "#0"},
				"east": {"uv": [9.5, 7.5, 10, 8], "texture": "#0"},
				"south": {"uv": [8, 5, 9, 5.5], "texture": "#0"},
				"west": {"uv": [8, 9.5, 8.5, 10], "texture": "#0"},
				"up": {"uv": [6.5, 8.5, 5.5, 8], "texture": "#0"},
				"down": {"uv": [9, 5.5, 8, 6], "texture": "#0"}
			}
		},
		{
			"from": [2, 5, 6],
			"to": [3, 7, 7],
			"faces": {
				"north": {"uv": [6.5, 8, 7, 9], "texture": "#0"},
				"east": {"uv": [7, 8, 7.5, 9], "texture": "#0"},
				"south": {"uv": [7.5, 8, 8, 9], "texture": "#0"},
				"west": {"uv": [8, 7.5, 8.5, 8.5], "texture": "#0"},
				"up": {"uv": [10, 8.5, 9.5, 8], "texture": "#0"},
				"down": {"uv": [9, 9.5, 8.5, 10], "texture": "#0"}
			}
		},
		{
			"from": [1, 4, 6],
			"to": [2, 5, 7],
			"faces": {
				"north": {"uv": [9.5, 8.5, 10, 9], "texture": "#0"},
				"east": {"uv": [9, 9.5, 9.5, 10], "texture": "#0"},
				"south": {"uv": [9.5, 9, 10, 9.5], "texture": "#0"},
				"west": {"uv": [9.5, 9.5, 10, 10], "texture": "#0"},
				"up": {"uv": [0.5, 10.5, 0, 10], "texture": "#0"},
				"down": {"uv": [10.5, 0, 10, 0.5], "texture": "#0"}
			}
		},
		{
			"from": [5, 7, 6],
			"to": [7, 8, 7],
			"faces": {
				"north": {"uv": [8, 6, 9, 6.5], "texture": "#0"},
				"east": {"uv": [0.5, 10, 1, 10.5], "texture": "#0"},
				"south": {"uv": [0, 8.5, 1, 9], "texture": "#0"},
				"west": {"uv": [10, 0.5, 10.5, 1], "texture": "#0"},
				"up": {"uv": [9.5, 1, 8.5, 0.5], "texture": "#0"},
				"down": {"uv": [9.5, 1, 8.5, 1.5], "texture": "#0"}
			}
		},
		{
			"from": [-11, 18, 6],
			"to": [-7, 19, 7],
			"faces": {
				"north": {"uv": [2.5, 0, 4.5, 0.5], "texture": "#0"},
				"east": {"uv": [1, 10, 1.5, 10.5], "texture": "#0"},
				"south": {"uv": [2.5, 0.5, 4.5, 1], "texture": "#0"},
				"west": {"uv": [10, 1, 10.5, 1.5], "texture": "#0"},
				"up": {"uv": [4.5, 1.5, 2.5, 1], "texture": "#0"},
				"down": {"uv": [4.5, 1.5, 2.5, 2], "texture": "#0"}
			}
		},
		{
			"from": [-14, 20, 6],
			"to": [-10, 21, 7],
			"faces": {
				"north": {"uv": [2.5, 2, 4.5, 2.5], "texture": "#0"},
				"east": {"uv": [1.5, 10, 2, 10.5], "texture": "#0"},
				"south": {"uv": [2.5, 2.5, 4.5, 3], "texture": "#0"},
				"west": {"uv": [10, 1.5, 10.5, 2], "texture": "#0"},
				"up": {"uv": [2, 3.5, 0, 3], "texture": "#0"},
				"down": {"uv": [4, 3, 2, 3.5], "texture": "#0"}
			}
		},
		{
			"from": [-5, 13, 6],
			"to": [-2, 14, 7],
			"faces": {
				"north": {"uv": [0, 7, 1.5, 7.5], "texture": "#0"},
				"east": {"uv": [2, 10, 2.5, 10.5], "texture": "#0"},
				"south": {"uv": [1.5, 7, 3, 7.5], "texture": "#0"},
				"west": {"uv": [10, 2, 10.5, 2.5], "texture": "#0"},
				"up": {"uv": [6, 7.5, 4.5, 7], "texture": "#0"},
				"down": {"uv": [7.5, 7, 6, 7.5], "texture": "#0"}
			}
		},
		{
			"from": [-12, 19, 6],
			"to": [-8, 20, 7],
			"faces": {
				"north": {"uv": [0, 3.5, 2, 4], "texture": "#0"},
				"east": {"uv": [2.5, 10, 3, 10.5], "texture": "#0"},
				"south": {"uv": [2, 3.5, 4, 4], "texture": "#0"},
				"west": {"uv": [10, 2.5, 10.5, 3], "texture": "#0"},
				"up": {"uv": [2, 4.5, 0, 4], "texture": "#0"},
				"down": {"uv": [4, 4, 2, 4.5], "texture": "#0"}
			}
		},
		{
			"from": [-16, 21, 6],
			"to": [-12, 22, 7],
			"faces": {
				"north": {"uv": [4, 3, 6, 3.5], "texture": "#0"},
				"east": {"uv": [3, 10, 3.5, 10.5], "texture": "#0"},
				"south": {"uv": [4, 3.5, 6, 4], "texture": "#0"},
				"west": {"uv": [10, 3, 10.5, 3.5], "texture": "#0"},
				"up": {"uv": [6, 4.5, 4, 4], "texture": "#0"},
				"down": {"uv": [2, 4.5, 0, 5], "texture": "#0"}
			}
		},
		{
			"from": [6, 2, 6],
			"to": [7, 4, 7],
			"faces": {
				"north": {"uv": [1, 8.5, 1.5, 9.5], "texture": "#0"},
				"east": {"uv": [8.5, 1.5, 9, 2.5], "texture": "#0"},
				"south": {"uv": [2.5, 8.5, 3, 9.5], "texture": "#0"},
				"west": {"uv": [3, 8.5, 3.5, 9.5], "texture": "#0"},
				"up": {"uv": [4, 10.5, 3.5, 10], "texture": "#0"},
				"down": {"uv": [10.5, 3.5, 10, 4], "texture": "#0"}
			}
		},
		{
			"from": [8, 0, 6],
			"to": [9, 1, 7],
			"faces": {
				"north": {"uv": [4, 10, 4.5, 10.5], "texture": "#0"},
				"east": {"uv": [10, 4, 10.5, 4.5], "texture": "#0"},
				"south": {"uv": [4.5, 10, 5, 10.5], "texture": "#0"},
				"west": {"uv": [10, 4.5, 10.5, 5], "texture": "#0"},
				"up": {"uv": [5.5, 10.5, 5, 10], "texture": "#0"},
				"down": {"uv": [10.5, 5, 10, 5.5], "texture": "#0"}
			}
		},
		{
			"from": [6, 1, 5],
			"to": [7, 2, 8],
			"faces": {
				"north": {"uv": [5.5, 10, 6, 10.5], "texture": "#0"},
				"east": {"uv": [0, 7.5, 1.5, 8], "texture": "#0"},
				"south": {"uv": [10, 5.5, 10.5, 6], "texture": "#0"},
				"west": {"uv": [1.5, 7.5, 3, 8], "texture": "#0"},
				"up": {"uv": [3.5, 8, 3, 6.5], "texture": "#0"},
				"down": {"uv": [8, 3, 7.5, 4.5], "texture": "#0"}
			}
		},
		{
			"from": [-1, 5, 6],
			"to": [1, 6, 7],
			"faces": {
				"north": {"uv": [3.5, 8.5, 4.5, 9], "texture": "#0"},
				"east": {"uv": [6, 10, 6.5, 10.5], "texture": "#0"},
				"south": {"uv": [4.5, 8.5, 5.5, 9], "texture": "#0"},
				"west": {"uv": [10, 6, 10.5, 6.5], "texture": "#0"},
				"up": {"uv": [6.5, 9, 5.5, 8.5], "texture": "#0"},
				"down": {"uv": [9.5, 7.5, 8.5, 8], "texture": "#0"}
			}
		},
		{
			"from": [0, 6, 6],
			"to": [1, 7, 7],
			"faces": {
				"north": {"uv": [6.5, 10, 7, 10.5], "texture": "#0"},
				"east": {"uv": [10, 6.5, 10.5, 7], "texture": "#0"},
				"south": {"uv": [7, 10, 7.5, 10.5], "texture": "#0"},
				"west": {"uv": [10, 7, 10.5, 7.5], "texture": "#0"},
				"up": {"uv": [8, 10.5, 7.5, 10], "texture": "#0"},
				"down": {"uv": [10.5, 7.5, 10, 8], "texture": "#0"}
			}
		},
		{
			"from": [6, 0, 6],
			"to": [7, 1, 7],
			"faces": {
				"north": {"uv": [8, 10, 8.5, 10.5], "texture": "#0"},
				"east": {"uv": [10, 8, 10.5, 8.5], "texture": "#0"},
				"south": {"uv": [8.5, 10, 9, 10.5], "texture": "#0"},
				"west": {"uv": [10, 8.5, 10.5, 9], "texture": "#0"},
				"up": {"uv": [9.5, 10.5, 9, 10], "texture": "#0"},
				"down": {"uv": [10.5, 9, 10, 9.5], "texture": "#0"}
			}
		},
		{
			"from": [0, 3, 6],
			"to": [1, 4, 7],
			"faces": {
				"north": {"uv": [9.5, 10, 10, 10.5], "texture": "#0"},
				"east": {"uv": [10, 9.5, 10.5, 10], "texture": "#0"},
				"south": {"uv": [10, 10, 10.5, 10.5], "texture": "#0"},
				"west": {"uv": [0, 10.5, 0.5, 11], "texture": "#0"},
				"up": {"uv": [11, 0.5, 10.5, 0], "texture": "#0"},
				"down": {"uv": [1, 10.5, 0.5, 11], "texture": "#0"}
			}
		},
		{
			"from": [-2, 8, 6],
			"to": [-1, 9, 7],
			"faces": {
				"north": {"uv": [10.5, 0.5, 11, 1], "texture": "#0"},
				"east": {"uv": [1, 10.5, 1.5, 11], "texture": "#0"},
				"south": {"uv": [10.5, 1, 11, 1.5], "texture": "#0"},
				"west": {"uv": [1.5, 10.5, 2, 11], "texture": "#0"},
				"up": {"uv": [11, 2, 10.5, 1.5], "texture": "#0"},
				"down": {"uv": [2.5, 10.5, 2, 11], "texture": "#0"}
			}
		},
		{
			"from": [8, 5, 6],
			"to": [9, 6, 7],
			"faces": {
				"north": {"uv": [10.5, 2, 11, 2.5], "texture": "#0"},
				"east": {"uv": [2.5, 10.5, 3, 11], "texture": "#0"},
				"south": {"uv": [10.5, 2.5, 11, 3], "texture": "#0"},
				"west": {"uv": [3, 10.5, 3.5, 11], "texture": "#0"},
				"up": {"uv": [11, 3.5, 10.5, 3], "texture": "#0"},
				"down": {"uv": [4, 10.5, 3.5, 11], "texture": "#0"}
			}
		},
		{
			"from": [7, 6, 6],
			"to": [8, 7, 7],
			"faces": {
				"north": {"uv": [10.5, 3.5, 11, 4], "texture": "#0"},
				"east": {"uv": [4, 10.5, 4.5, 11], "texture": "#0"},
				"south": {"uv": [10.5, 4, 11, 4.5], "texture": "#0"},
				"west": {"uv": [4.5, 10.5, 5, 11], "texture": "#0"},
				"up": {"uv": [11, 5, 10.5, 4.5], "texture": "#0"},
				"down": {"uv": [5.5, 10.5, 5, 11], "texture": "#0"}
			}
		},
		{
			"from": [-1, 7, 6],
			"to": [0, 8, 7],
			"faces": {
				"north": {"uv": [10.5, 5, 11, 5.5], "texture": "#0"},
				"east": {"uv": [5.5, 10.5, 6, 11], "texture": "#0"},
				"south": {"uv": [10.5, 5.5, 11, 6], "texture": "#0"},
				"west": {"uv": [6, 10.5, 6.5, 11], "texture": "#0"},
				"up": {"uv": [11, 6.5, 10.5, 6], "texture": "#0"},
				"down": {"uv": [7, 10.5, 6.5, 11], "texture": "#0"}
			}
		},
		{
			"from": [-9, 17, 6],
			"to": [-6, 18, 7],
			"faces": {
				"north": {"uv": [3.5, 7.5, 5, 8], "texture": "#0"},
				"east": {"uv": [10.5, 6.5, 11, 7], "texture": "#0"},
				"south": {"uv": [7.5, 4.5, 9, 5], "texture": "#0"},
				"west": {"uv": [7, 10.5, 7.5, 11], "texture": "#0"},
				"up": {"uv": [6.5, 8, 5, 7.5], "texture": "#0"},
				"down": {"uv": [8, 7.5, 6.5, 8], "texture": "#0"}
			}
		},
		{
			"from": [1, 7, 6],
			"to": [4, 8, 7],
			"faces": {
				"north": {"uv": [7.5, 6.5, 9, 7], "texture": "#0"},
				"east": {"uv": [10.5, 7, 11, 7.5], "texture": "#0"},
				"south": {"uv": [7.5, 7, 9, 7.5], "texture": "#0"},
				"west": {"uv": [7.5, 10.5, 8, 11], "texture": "#0"},
				"up": {"uv": [1.5, 8.5, 0, 8], "texture": "#0"},
				"down": {"uv": [9.5, 0, 8, 0.5], "texture": "#0"}
			}
		}
	],
	"display": {
		"thirdperson_righthand": {
			"rotation": [50.36, 89.02, -86.52],
			"translation": [1.25, 0.75, -2.75]
		},
		"thirdperson_lefthand": {
			"rotation": [53.94, -88.08, 82.57],
			"translation": [-1, 1.25, -2.25]
		},
		"firstperson_righthand": {
			"rotation": [-30.04, 85.07, -5.41],
			"translation": [4.25, -0.5, -3.75],
			"scale": [0.78125, 0.61719, 1]
		},
		"firstperson_lefthand": {
			"rotation": [-177.47, -62.93, -132.83],
			"translation": [0.75, -0.25, -0.5],
			"scale": [0.8125, 1, 0.74805]
		},
		"ground": {
			"translation": [7.5, 5.5, 1.5]
		},
		"gui": {
			"rotation": [180, -6.75, 180],
			"translation": [-6.5, -1.75, 0],
			"scale": [0.57422, 0.61914, 1]
		},
		"head": {
			"rotation": [75.12, -89.96, -103.63],
			"translation": [-9.75, -27.75, -6.25]
		},
		"fixed": {
			"translation": [7, -2, 0.75],
			"scale": [0.6543, 0.75391, 1]
		}
	},
	"groups": [
		{
			"name": "group",
			"origin": [0, 0, 0],
			"color": 9,
			"children": [0, 1, 2, 3, 4, 5, 6, 7, 8, 9, 10, 11, 12, 13, 14, 15, 16, 17, 18, 19, 20, 21, 22, 23, 24, 25, 26, 27, 28, 29, 30, 31, 32, 33, 34, 35, 36, 37, 38, 39, 40, 41]
		}
	]
}