{
	"credit": "Made with Blockbench",
	"texture_size": [32, 32],
	"textures": {
		"0": "player_items:item/tuby_lantern",
		"particle": "player_items:item/tuby_lantern"
	},
	"elements": [
		{
			"from": [0, 0, 0],
			"to": [6, 1, 1],
			"faces": {
				"north": {"uv": [6, 4, 9, 4.5], "texture": "#0"},
				"east": {"uv": [7, 9.5, 7.5, 10], "texture": "#0"},
				"south": {"uv": [6, 4.5, 9, 5], "texture": "#0"},
				"west": {"uv": [9.5, 7, 10, 7.5], "texture": "#0"},
				"up": {"uv": [9, 5.5, 6, 5], "texture": "#0"},
				"down": {"uv": [9, 5.5, 6, 6], "texture": "#0"}
			}
		},
		{
			"from": [0, 1, 5],
			"to": [1, 7, 6],
			"faces": {
				"north": {"uv": [6, 6, 6.5, 9], "texture": "#0"},
				"east": {"uv": [2, 6.5, 2.5, 9.5], "texture": "#0"},
				"south": {"uv": [2.5, 6.5, 3, 9.5], "texture": "#0"},
				"west": {"uv": [3, 6.5, 3.5, 9.5], "texture": "#0"},
				"up": {"uv": [8, 10, 7.5, 9.5], "texture": "#0"},
				"down": {"uv": [10, 7.5, 9.5, 8], "texture": "#0"}
			}
		},
		{
			"from": [0, 0, 1],
			"to": [1, 1, 6],
			"faces": {
				"north": {"uv": [9, 9.5, 9.5, 10], "texture": "#0"},
				"east": {"uv": [8, 3, 10.5, 3.5], "texture": "#0"},
				"south": {"uv": [9.5, 9.5, 10, 10], "texture": "#0"},
				"west": {"uv": [8, 3.5, 10.5, 4], "texture": "#0"},
				"up": {"uv": [2, 10.5, 1.5, 8], "texture": "#0"},
				"down": {"uv": [8.5, 6, 8, 8.5], "texture": "#0"}
			}
		},
		{
			"from": [1, 0, 1],
			"to": [5, 1, 6],
			"faces": {
				"north": {"uv": [8.5, 2, 10.5, 2.5], "texture": "#0"},
				"east": {"uv": [8.5, 0, 11, 0.5], "texture": "#0"},
				"south": {"uv": [8.5, 2.5, 10.5, 3], "texture": "#0"},
				"west": {"uv": [8.5, 0.5, 11, 1], "texture": "#0"},
				"up": {"uv": [4, 6.5, 2, 4], "texture": "#0"},
				"down": {"uv": [6, 4, 4, 6.5], "texture": "#0"}
			}
		},
		{
			"from": [5, 0, 1],
			"to": [6, 1, 6],
			"faces": {
				"north": {"uv": [3, 10, 3.5, 10.5], "texture": "#0"},
				"east": {"uv": [8.5, 1, 11, 1.5], "texture": "#0"},
				"south": {"uv": [3.5, 10, 4, 10.5], "texture": "#0"},
				"west": {"uv": [8.5, 1.5, 11, 2], "texture": "#0"},
				"up": {"uv": [9, 8.5, 8.5, 6], "texture": "#0"},
				"down": {"uv": [8.5, 8.5, 8, 11], "texture": "#0"}
			}
		},
		{
			"from": [5, 1, 0],
			"to": [6, 7, 1],
			"faces": {
				"north": {"uv": [3.5, 6.5, 4, 9.5], "texture": "#0"},
				"east": {"uv": [4, 6.5, 4.5, 9.5], "texture": "#0"},
				"south": {"uv": [4.5, 6.5, 5, 9.5], "texture": "#0"},
				"west": {"uv": [5, 6.5, 5.5, 9.5], "texture": "#0"},
				"up": {"uv": [4.5, 10.5, 4, 10], "texture": "#0"},
				"down": {"uv": [5, 10, 4.5, 10.5], "texture": "#0"}
			}
		},
		{
			"from": [0, 1, 0],
			"to": [1, 7, 1],
			"faces": {
				"north": {"uv": [5.5, 6.5, 6, 9.5], "texture": "#0"},
				"east": {"uv": [6.5, 6, 7, 9], "texture": "#0"},
				"south": {"uv": [7, 6, 7.5, 9], "texture": "#0"},
				"west": {"uv": [7.5, 6, 8, 9], "texture": "#0"},
				"up": {"uv": [5.5, 10.5, 5, 10], "texture": "#0"},
				"down": {"uv": [6, 10, 5.5, 10.5], "texture": "#0"}
			}
		},
		{
			"from": [1, 6, 5],
			"to": [5, 7, 6],
			"faces": {
				"north": {"uv": [8.5, 8.5, 10.5, 9], "texture": "#0"},
				"east": {"uv": [6, 10, 6.5, 10.5], "texture": "#0"},
				"south": {"uv": [9, 4, 11, 4.5], "texture": "#0"},
				"west": {"uv": [6.5, 10, 7, 10.5], "texture": "#0"},
				"up": {"uv": [11, 5, 9, 4.5], "texture": "#0"},
				"down": {"uv": [11, 5, 9, 5.5], "texture": "#0"}
			}
		},
		{
			"from": [5, 1, 5],
			"to": [6, 7, 6],
			"faces": {
				"north": {"uv": [0, 8, 0.5, 11], "texture": "#0"},
				"east": {"uv": [8, 0, 8.5, 3], "texture": "#0"},
				"south": {"uv": [0.5, 8, 1, 11], "texture": "#0"},
				"west": {"uv": [1, 8, 1.5, 11], "texture": "#0"},
				"up": {"uv": [7.5, 10.5, 7, 10], "texture": "#0"},
				"down": {"uv": [10.5, 7, 10, 7.5], "texture": "#0"}
			}
		},
		{
			"from": [1, 1, 1],
			"to": [5, 9, 5],
			"faces": {
				"north": {"uv": [0, 0, 2, 4], "texture": "#0"},
				"east": {"uv": [2, 0, 4, 4], "texture": "#0"},
				"south": {"uv": [0, 4, 2, 8], "texture": "#0"},
				"west": {"uv": [4, 0, 6, 4], "texture": "#0"},
				"up": {"uv": [8, 2, 6, 0], "texture": "#0"},
				"down": {"uv": [8, 2, 6, 4], "texture": "#0"}
			}
		},
		{
			"from": [0, 6, 1],
			"to": [1, 7, 5],
			"faces": {
				"north": {"uv": [7.5, 10, 8, 10.5], "texture": "#0"},
				"east": {"uv": [9, 5.5, 11, 6], "texture": "#0"},
				"south": {"uv": [10, 7.5, 10.5, 8], "texture": "#0"},
				"west": {"uv": [6, 9, 8, 9.5], "texture": "#0"},
				"up": {"uv": [9.5, 8, 9, 6], "texture": "#0"},
				"down": {"uv": [9, 9, 8.5, 11], "texture": "#0"}
			}
		},
		{
			"from": [2, 9, 2],
			"to": [3, 10, 3],
			"faces": {
				"north": {"uv": [9, 10, 9.5, 10.5], "texture": "#0"},
				"east": {"uv": [9.5, 10, 10, 10.5], "texture": "#0"},
				"south": {"uv": [10, 9.5, 10.5, 10], "texture": "#0"},
				"west": {"uv": [10, 10, 10.5, 10.5], "texture": "#0"},
				"up": {"uv": [2, 11, 1.5, 10.5], "texture": "#0"},
				"down": {"uv": [11, 2, 10.5, 2.5], "texture": "#0"}
			}
		},
		{
			"from": [3, 9, 3],
			"to": [4, 10, 4],
			"faces": {
				"north": {"uv": [10.5, 2.5, 11, 3], "texture": "#0"},
				"east": {"uv": [3, 10.5, 3.5, 11], "texture": "#0"},
				"south": {"uv": [10.5, 3, 11, 3.5], "texture": "#0"},
				"west": {"uv": [3.5, 10.5, 4, 11], "texture": "#0"},
				"up": {"uv": [11, 4, 10.5, 3.5], "texture": "#0"},
				"down": {"uv": [4.5, 10.5, 4, 11], "texture": "#0"}
			}
		},
		{
			"from": [3, 12, 2],
			"to": [4, 13, 3],
			"faces": {
				"north": {"uv": [4.5, 10.5, 5, 11], "texture": "#0"},
				"east": {"uv": [5, 10.5, 5.5, 11], "texture": "#0"},
				"south": {"uv": [5.5, 10.5, 6, 11], "texture": "#0"},
				"west": {"uv": [6, 10.5, 6.5, 11], "texture": "#0"},
				"up": {"uv": [7, 11, 6.5, 10.5], "texture": "#0"},
				"down": {"uv": [7.5, 10.5, 7, 11], "texture": "#0"}
			}
		},
		{
			"from": [2, 11, 2],
			"to": [3, 12, 3],
			"faces": {
				"north": {"uv": [10.5, 7, 11, 7.5], "texture": "#0"},
				"east": {"uv": [7.5, 10.5, 8, 11], "texture": "#0"},
				"south": {"uv": [10.5, 7.5, 11, 8], "texture": "#0"},
				"west": {"uv": [10.5, 8.5, 11, 9], "texture": "#0"},
				"up": {"uv": [9.5, 11, 9, 10.5], "texture": "#0"},
				"down": {"uv": [10, 10.5, 9.5, 11], "texture": "#0"}
			}
		},
		{
			"from": [2, 12, 3],
			"to": [3, 13, 4],
			"faces": {
				"north": {"uv": [10.5, 9.5, 11, 10], "texture": "#0"},
				"east": {"uv": [10, 10.5, 10.5, 11], "texture": "#0"},
				"south": {"uv": [10.5, 10, 11, 10.5], "texture": "#0"},
				"west": {"uv": [10.5, 10.5, 11, 11], "texture": "#0"},
				"up": {"uv": [0.5, 11.5, 0, 11], "texture": "#0"},
				"down": {"uv": [11.5, 0, 11, 0.5], "texture": "#0"}
			}
		},
		{
			"from": [3, 11, 3],
			"to": [4, 12, 4],
			"faces": {
				"north": {"uv": [0.5, 11, 1, 11.5], "texture": "#0"},
				"east": {"uv": [11, 0.5, 11.5, 1], "texture": "#0"},
				"south": {"uv": [1, 11, 1.5, 11.5], "texture": "#0"},
				"west": {"uv": [11, 1, 11.5, 1.5], "texture": "#0"},
				"up": {"uv": [2, 11.5, 1.5, 11], "texture": "#0"},
				"down": {"uv": [11.5, 1.5, 11, 2], "texture": "#0"}
			}
		},
		{
			"from": [2, 10, 3],
			"to": [3, 11, 4],
			"faces": {
				"north": {"uv": [11, 2, 11.5, 2.5], "texture": "#0"},
				"east": {"uv": [11, 2.5, 11.5, 3], "texture": "#0"},
				"south": {"uv": [3, 11, 3.5, 11.5], "texture": "#0"},
				"west": {"uv": [11, 3, 11.5, 3.5], "texture": "#0"},
				"up": {"uv": [4, 11.5, 3.5, 11], "texture": "#0"},
				"down": {"uv": [11.5, 3.5, 11, 4], "texture": "#0"}
			}
		},
		{
			"from": [3, 10, 2],
			"to": [4, 11, 3],
			"faces": {
				"north": {"uv": [4, 11, 4.5, 11.5], "texture": "#0"},
				"east": {"uv": [11, 4, 11.5, 4.5], "texture": "#0"},
				"south": {"uv": [4.5, 11, 5, 11.5], "texture": "#0"},
				"west": {"uv": [11, 4.5, 11.5, 5], "texture": "#0"},
				"up": {"uv": [5.5, 11.5, 5, 11], "texture": "#0"},
				"down": {"uv": [11.5, 5, 11, 5.5], "texture": "#0"}
			}
		},
		{
			"from": [5, 6, 1],
			"to": [6, 7, 5],
			"faces": {
				"north": {"uv": [5.5, 11, 6, 11.5], "texture": "#0"},
				"east": {"uv": [9, 8, 11, 8.5], "texture": "#0"},
				"south": {"uv": [11, 5.5, 11.5, 6], "texture": "#0"},
				"west": {"uv": [9, 9, 11, 9.5], "texture": "#0"},
				"up": {"uv": [2.5, 11.5, 2, 9.5], "texture": "#0"},
				"down": {"uv": [3, 9.5, 2.5, 11.5], "texture": "#0"}
			}
		},
		{
			"from": [1, 6, 0],
			"to": [5, 7, 1],
			"faces": {
				"north": {"uv": [3, 9.5, 5, 10], "texture": "#0"},
				"east": {"uv": [6, 11, 6.5, 11.5], "texture": "#0"},
				"south": {"uv": [5, 9.5, 7, 10], "texture": "#0"},
				"west": {"uv": [6.5, 11, 7, 11.5], "texture": "#0"},
				"up": {"uv": [11.5, 6.5, 9.5, 6], "texture": "#0"},
				"down": {"uv": [11.5, 6.5, 9.5, 7], "texture": "#0"}
			}
		}
	],
	"display": {
		"thirdperson_righthand": {
			"rotation": [66, 0, 0],
			"translation": [5.5, -7.75, -0.5]
		},
		"thirdperson_lefthand": {
			"rotation": [66.53, -0.25, -0.68],
			"translation": [-4.25, -7.75, -0.25]
		},
		"firstperson_righthand": {
			"rotation": [3.01, -0.56, 1.17],
			"translation": [10.5, -3.5, 0]
		},
		"firstperson_lefthand": {
			"rotation": [15.52, -7.59, 9.57],
			"translation": [6.5, -0.75, 0],
			"scale": [0.94922, 1.18359, 1]
		},
		"ground": {
			"translation": [4.5, 4.25, 5.75]
		},
		"gui": {
			"rotation": [0, 28, 0],
			"translation": [6.5, 1.5, 0]
		},
		"head": {
			"translation": [13.5, 11.75, 12.5],
			"scale": [2.58, 2.58, 2.58]
		},
		"fixed": {
			"translation": [5.75, 1.5, 3]
		}
	},
	"groups": [
		{
			"name": "group",
			"origin": [0, 0, 0],
			"color": 9,
			"children": [0, 1, 2, 3, 4, 5, 6, 7, 8, 9, 10, 11, 12, 13, 14, 15, 16, 17, 18, 19, 20]
		}
	]
}