{"stats":{"minecraft:killed_by":{"minecraft:player":10},"minecraft:used":{"minecraft:light_blue_stained_glass_pane":12,"minecraft:blue_terracotta":2,"minecraft:jack_o_lantern":1,"minecraft:writable_book":33,"minecraft:red_sand":82,"minecraft:smooth_quartz_slab":386,"minecraft:dispenser":2,"minecraft:red_sandstone_slab":7,"minecraft:spruce_slab":59,"minecraft:polished_blackstone":24,"minecraft:diamond_hoe":10,"minecraft:ladder":21,"minecraft:oak_sign":260,"minecraft:black_carpet":4,"minecraft:white_concrete_powder":1,"minecraft:chest":7,"minecraft:shield":23,"minecraft:bell":2,"minecraft:stone":36,"minecraft:brown_concrete":7,"minecraft:iron_sword":91,"minecraft:white_shulker_box":2,"minecraft:warped_sign":4,"minecraft:quartz_stairs":96,"minecraft:mossy_stone_brick_slab":42,"minecraft:player_head":2,"minecraft:smooth_sandstone_stairs":23,"minecraft:farmland":12,"minecraft:green_terracotta":28,"minecraft:debug_stick":148,"minecraft:spruce_leaves":1,"minecraft:soul_campfire":7,"minecraft:soul_sand":156,"minecraft:blue_stained_glass":86,"minecraft:brick_slab":350,"minecraft:jungle_planks":53,"minecraft:jungle_slab":130,"minecraft:pink_terracotta":2,"minecraft:acacia_button":15,"minecraft:beehive":5,"minecraft:snowball":61,"minecraft:milk_bucket":1,"minecraft:obsidian":12,"minecraft:honey_bottle":128,"minecraft:glass":10,"minecraft:crimson_button":1,"minecraft:packed_ice":245,"minecraft:cyan_terracotta":796,"minecraft:lava_bucket":60,"minecraft:stripped_dark_oak_wood":79,"minecraft:bricks":148,"minecraft:villager_spawn_egg":9,"minecraft:red_wool":76,"minecraft:jungle_fence_gate":38,"minecraft:quartz_slab":523,"minecraft:spruce_wood":21,"minecraft:lantern":20,"minecraft:grass_block":280,"minecraft:quartz_block":26,"minecraft:polished_blackstone_brick_wall":17,"minecraft:wet_sponge":1,"minecraft:netherite_hoe":136,"minecraft:dark_oak_wood":54,"minecraft:dark_oak_leaves":213,"minecraft:dark_oak_slab":142,"minecraft:gray_concrete_powder":17,"minecraft:dark_oak_button":1,"minecraft:stone_brick_stairs":108,"minecraft:stone_bricks":623,"minecraft:item_frame":311,"minecraft:bedrock":4,"minecraft:birch_trapdoor":3,"minecraft:repeater":75,"minecraft:red_carpet":55,"minecraft:bow":47,"minecraft:magma_block":9,"minecraft:brown_carpet":300,"minecraft:hay_block":13,"minecraft:written_book":1,"minecraft:sweet_berries":43,"minecraft:oak_sapling":20,"minecraft:furnace":9,"minecraft:beetroot_seeds":23,"minecraft:acacia_fence":7,"minecraft:gold_block":1,"minecraft:egg":20,"minecraft:end_stone_brick_stairs":3,"minecraft:green_stained_glass_pane":18,"minecraft:polished_blackstone_stairs":31,"minecraft:brown_concrete_powder":4,"minecraft:stripped_spruce_wood":19,"minecraft:dark_oak_sapling":16,"minecraft:dark_oak_stairs":79,"minecraft:mossy_stone_bricks":149,"minecraft:end_rod":158,"minecraft:cow_spawn_egg":1,"minecraft:brick_wall":369,"minecraft:spruce_door":15,"minecraft:dropper":4,"minecraft:stripped_birch_log":284,"minecraft:birch_leaves":48,"minecraft:gray_carpet":20,"minecraft:acacia_trapdoor":16,"minecraft:powered_rail":45,"minecraft:jungle_fence":115,"minecraft:oak_planks":836,"minecraft:ender_pearl":8,"minecraft:sandstone":17,"minecraft:redstone_block":8,"minecraft:composter":13,"minecraft:end_stone_brick_slab":10,"minecraft:diamond_axe":11,"minecraft:white_wool":90,"minecraft:oak_leaves":406,"minecraft:golden_apple":2,"minecraft:dark_oak_trapdoor":5,"minecraft:sand":14,"minecraft:light_blue_concrete":1,"minecraft:cut_sandstone_slab":34,"minecraft:lime_stained_glass_pane":18,"minecraft:smooth_red_sandstone":1,"minecraft:yellow_concrete":1,"minecraft:blue_ice":695,"minecraft:crossbow":65,"minecraft:sponge":4,"minecraft:blackstone_wall":25,"minecraft:lingering_potion":410,"minecraft:stone_brick_wall":107,"minecraft:end_stone":15,"minecraft:red_sandstone_wall":33,"minecraft:birch_fence":6,"minecraft:redstone_torch":22,"minecraft:sticky_piston":18,"minecraft:dead_fire_coral_fan":5,"minecraft:lever":51,"minecraft:green_concrete":3,"minecraft:red_sandstone":192,"minecraft:black_concrete":27,"minecraft:firework_rocket":1,"minecraft:crying_obsidian":1,"minecraft:light_gray_concrete":9,"minecraft:gray_shulker_box":3,"minecraft:birch_slab":1,"minecraft:lime_carpet":32,"minecraft:barrier":2,"minecraft:melon_slice":4,"minecraft:brown_wool":9,"minecraft:string":35,"minecraft:stone_button":38,"minecraft:polished_granite":222,"minecraft:oak_pressure_plate":4,"minecraft:iron_door":5,"minecraft:prismarine_wall":41,"minecraft:gravel":295,"minecraft:cat_spawn_egg":1,"minecraft:soul_lantern":7,"minecraft:blackstone_slab":8,"minecraft:smooth_red_sandstone_slab":18,"minecraft:diamond_sword":7,"minecraft:wooden_sword":9,"minecraft:dark_oak_fence":3,"minecraft:green_concrete_powder":93,"minecraft:chain":14,"minecraft:smooth_stone_slab":368,"minecraft:mossy_cobblestone_wall":26,"minecraft:oak_boat":1,"minecraft:chorus_plant":3,"minecraft:white_concrete":167,"minecraft:coarse_dirt":36,"minecraft:bone_meal":110,"minecraft:experience_bottle":25,"minecraft:gray_stained_glass":269,"minecraft:oak_fence":235,"minecraft:trident":14,"minecraft:petrified_oak_slab":2,"minecraft:orange_concrete_powder":1026,"minecraft:netherite_sword":7,"minecraft:jungle_leaves":43,"minecraft:iron_bars":110,"minecraft:granite_stairs":10,"minecraft:crimson_fence":7,"minecraft:flint_and_steel":3,"minecraft:carved_pumpkin":3,"minecraft:red_concrete":35,"minecraft:redstone":149,"minecraft:light_gray_carpet":6,"minecraft:spruce_planks":141,"minecraft:stripped_birch_wood":26,"minecraft:oak_door":1,"minecraft:torch":1,"minecraft:end_stone_brick_wall":148,"minecraft:dirt":75,"minecraft:anvil":20,"minecraft:target":3,"minecraft:white_carpet":9,"minecraft:chorus_flower":19,"minecraft:hopper":22,"minecraft:spruce_stairs":35,"minecraft:cobblestone_wall":59,"minecraft:oak_wood":6,"minecraft:spruce_fence":334,"minecraft:granite":1,"minecraft:dead_brain_coral_block":18,"minecraft:blue_concrete":20,"minecraft:nether_brick_stairs":1,"minecraft:oak_fence_gate":62,"minecraft:shroomlight":5,"minecraft:birch_door":3,"minecraft:andesite_wall":2,"minecraft:stone_brick_slab":218,"minecraft:wooden_axe":10,"minecraft:brown_terracotta":4,"minecraft:sea_lantern":1,"minecraft:iron_block":14,"minecraft:oak_stairs":11,"minecraft:iron_axe":87,"minecraft:brick_stairs":118,"minecraft:slime_block":73,"minecraft:smooth_sandstone":180,"minecraft:crimson_slab":10,"minecraft:polished_blackstone_brick_stairs":2,"minecraft:totem_of_undying":1,"minecraft:crimson_planks":3,"minecraft:barrel":41,"minecraft:bamboo":11,"minecraft:tripwire_hook":11,"minecraft:warped_stairs":1,"minecraft:iron_trapdoor":445,"minecraft:lime_stained_glass":24,"minecraft:salmon_spawn_egg":59,"minecraft:podzol":1,"minecraft:minecart":3,"minecraft:stone_pressure_plate":8,"minecraft:cooked_beef":33,"minecraft:observer":7,"minecraft:mossy_stone_brick_wall":7,"minecraft:orange_terracotta":128,"minecraft:golden_axe":69,"minecraft:wheat_seeds":165,"minecraft:water_bucket":71,"minecraft:light_blue_shulker_box":2,"minecraft:cobblestone_stairs":17,"minecraft:polished_andesite":3,"minecraft:smooth_sandstone_slab":47,"minecraft:cut_sandstone":20,"minecraft:brown_mushroom":5,"minecraft:spruce_sign":2,"minecraft:cauldron":17,"minecraft:spruce_fence_gate":40,"minecraft:cobblestone_slab":35,"minecraft:horse_spawn_egg":2,"minecraft:polished_blackstone_bricks":38,"minecraft:cracked_stone_bricks":87,"minecraft:mossy_cobblestone":47,"minecraft:rail":136,"minecraft:lime_terracotta":31,"minecraft:terracotta":423,"minecraft:comparator":12,"minecraft:vine":7,"minecraft:crafting_table":2,"minecraft:tnt":37,"minecraft:oak_slab":4,"minecraft:strider_spawn_egg":2,"minecraft:red_bed":5,"minecraft:crimson_trapdoor":32,"minecraft:brown_banner":15,"minecraft:yellow_stained_glass_pane":1,"minecraft:campfire":308,"minecraft:white_bed":4,"minecraft:light_gray_concrete_powder":27,"minecraft:dark_oak_fence_gate":11,"minecraft:painting":4,"minecraft:spruce_log":47,"minecraft:dark_oak_door":2,"minecraft:oak_log":287,"minecraft:blue_stained_glass_pane":6,"minecraft:piston":2,"minecraft:flower_pot":4,"minecraft:diamond_pickaxe":2,"minecraft:black_wool":18,"minecraft:apple":14,"minecraft:warped_trapdoor":29,"minecraft:diamond_shovel":23,"minecraft:command_block":6,"minecraft:oak_button":4,"minecraft:map":3,"minecraft:netherite_axe":16,"minecraft:tnt_minecart":79,"minecraft:purpur_slab":16,"minecraft:spruce_trapdoor":230,"minecraft:spruce_sapling":4,"minecraft:stone_axe":13,"minecraft:green_carpet":426,"minecraft:chiseled_stone_bricks":3,"minecraft:brown_stained_glass_pane":3,"minecraft:fishing_rod":11,"minecraft:cobblestone":70,"minecraft:potion":10,"minecraft:white_banner":9,"minecraft:jungle_door":3,"minecraft:red_banner":15,"minecraft:sandstone_slab":26,"minecraft:glass_pane":80,"minecraft:magenta_glazed_terracotta":263,"minecraft:stripped_oak_log":116,"minecraft:gray_wool":6,"minecraft:kelp":36,"minecraft:purple_carpet":7,"minecraft:brown_mushroom_block":3,"minecraft:smooth_stone":182,"minecraft:splash_potion":135,"minecraft:birch_stairs":42,"minecraft:green_stained_glass":30},"minecraft:dropped":{"minecraft:iron_sword":1,"minecraft:oak_log":3,"minecraft:glass_bottle":8,"minecraft:lime_terracotta":1,"minecraft:warped_fungus_on_a_stick":1,"minecraft:crossbow":1,"minecraft:dark_oak_slab":1,"minecraft:red_wool":2,"minecraft:saddle":6,"minecraft:brown_banner":5,"minecraft:elytra":1,"minecraft:cod":1,"minecraft:red_carpet":1,"minecraft:packed_ice":2,"minecraft:dark_oak_wood":1,"minecraft:dark_oak_trapdoor":3,"minecraft:jack_o_lantern":4,"minecraft:snowball":71,"minecraft:writable_book":26,"minecraft:white_wool":2,"minecraft:gravel":3,"minecraft:iron_nugget":2,"minecraft:netherite_sword":1,"minecraft:soul_lantern":5,"minecraft:diamond_shovel":2,"minecraft:mossy_stone_brick_slab":3,"minecraft:chainmail_chestplate":6,"minecraft:tipped_arrow":57,"minecraft:trident":1,"minecraft:lingering_potion":1,"minecraft:hopper":1,"minecraft:stone_brick_wall":1,"minecraft:spruce_slab":1,"minecraft:arrow":27,"minecraft:chain_command_block":6,"minecraft:stone_brick_stairs":1,"minecraft:oak_leaves":4,"minecraft:splash_potion":3,"minecraft:purple_carpet":2,"minecraft:water_bucket":5,"minecraft:tnt":1,"minecraft:oak_fence":3,"minecraft:grass_block":9,"minecraft:stick":1,"minecraft:dark_oak_leaves":5,"minecraft:ink_sac":1,"minecraft:repeater":1,"minecraft:wooden_axe":1,"minecraft:fire_charge":2,"minecraft:iron_leggings":4,"minecraft:green_carpet":6,"minecraft:cactus":489,"minecraft:chainmail_leggings":3,"minecraft:string":3,"minecraft:stone_brick_slab":5,"minecraft:redstone":19,"minecraft:zombie_spawn_egg":1,"minecraft:kelp":2,"minecraft:player_head":5,"minecraft:blaze_rod":1,"minecraft:cobblestone_wall":2,"minecraft:smooth_stone_slab":13,"minecraft:comparator":1,"minecraft:iron_hoe":6,"minecraft:iron_boots":2,"minecraft:slime_block":1,"minecraft:end_stone_brick_wall":1,"minecraft:spruce_fence":9,"minecraft:oak_sign":14,"minecraft:filled_map":8,"minecraft:shield":4,"minecraft:orange_terracotta":1,"minecraft:spruce_trapdoor":3,"minecraft:mossy_stone_bricks":2,"minecraft:blue_ice":4,"minecraft:redstone_torch":2,"minecraft:stone_bricks":3,"minecraft:brown_carpet":3,"minecraft:slime_ball":310},"minecraft:crafted":{"minecraft:leather_boots":1},"minecraft:broken":{"minecraft:iron_boots":1,"minecraft:iron_sword":1,"minecraft:golden_axe":4,"minecraft:iron_helmet":1},"minecraft:killed":{"minecraft:spider":1,"minecraft:chicken":2,"minecraft:strider":2,"minecraft:zombie":4,"minecraft:villager":1},"minecraft:mined":{"minecraft:white_concrete":2,"minecraft:green_stained_glass":1,"minecraft:grass":1,"minecraft:dirt":1},"minecraft:picked_up":{"minecraft:wooden_axe":2,"minecraft:wheat":10,"minecraft:diamond_sword":1,"minecraft:potion":4,"minecraft:stone_brick_stairs":1,"minecraft:dark_oak_trapdoor":3,"minecraft:string":19,"minecraft:smooth_stone_slab":13,"minecraft:iron_leggings":3,"minecraft:oak_sign":16,"minecraft:red_sand":3,"minecraft:comparator":1,"minecraft:dark_oak_leaves":5,"minecraft:rose_bush":8,"minecraft:redstone_torch":4,"minecraft:written_book":1,"minecraft:melon_slice":65,"minecraft:iron_boots":12,"minecraft:tipped_arrow":1,"minecraft:stick":4,"minecraft:oak_fence":3,"minecraft:golden_axe":4,"minecraft:brown_carpet":20,"minecraft:lime_carpet":3,"minecraft:cactus":490,"minecraft:rotten_flesh":56,"minecraft:cow_spawn_egg":1,"minecraft:cod":1,"minecraft:snowball":942,"minecraft:cooked_beef":86,"minecraft:repeater":9,"minecraft:warped_fungus_on_a_stick":1,"minecraft:water_bucket":4,"minecraft:andesite":1,"minecraft:green_concrete_powder":2,"minecraft:potato":1,"minecraft:purple_stained_glass":1,"minecraft:lapis_lazuli":1,"minecraft:dirt":2,"minecraft:gray_concrete_powder":3,"minecraft:purple_carpet":2,"minecraft:leather_boots":1,"minecraft:bow":2,"minecraft:wheat_seeds":66,"minecraft:mossy_stone_bricks":2,"minecraft:powered_rail":17,"minecraft:lime_terracotta":1,"minecraft:light_blue_shulker_box":2,"minecraft:stripped_spruce_log":2,"minecraft:grass_block":8,"minecraft:spectral_arrow":8,"minecraft:iron_hoe":4,"minecraft:slime_block":1,"minecraft:soul_lantern":5,"minecraft:lever":3,"minecraft:writable_book":1,"minecraft:crossbow":1,"minecraft:blue_ice":4,"minecraft:white_concrete":2,"minecraft:light_gray_carpet":2,"minecraft:chainmail_helmet":2,"minecraft:jack_o_lantern":4,"minecraft:oak_sapling":2,"minecraft:netherrack":1,"minecraft:chorus_fruit":1,"minecraft:oak_leaves":4,"minecraft:lingering_potion":2,"minecraft:fishing_rod":4,"minecraft:blaze_spawn_egg":368,"minecraft:coarse_dirt":1,"minecraft:splash_potion":2,"minecraft:packed_ice":2,"minecraft:stone_brick_wall":1,"minecraft:shield":17,"minecraft:end_stone_brick_wall":1,"minecraft:iron_axe":6,"minecraft:white_carpet":9,"minecraft:item_frame":26,"minecraft:netherite_sword":2,"minecraft:player_head":88,"minecraft:iron_nugget":9,"minecraft:spruce_trapdoor":3,"minecraft:egg":1,"minecraft:dark_oak_sapling":1,"minecraft:spruce_fence":9,"minecraft:fire_charge":5,"minecraft:stone_button":10,"minecraft:carrot":1,"minecraft:redstone":32,"minecraft:stone_pressure_plate":6,"minecraft:arrow":208,"minecraft:diamond_chestplate":2,"minecraft:saddle":5,"minecraft:rail":7,"minecraft:white_wool":2,"minecraft:salmon":36,"minecraft:filled_map":19,"minecraft:crimson_fungus":1,"minecraft:oak_log":3,"minecraft:chainmail_chestplate":16,"minecraft:cobblestone_wall":2,"minecraft:wooden_hoe":1,"minecraft:orange_terracotta":1,"minecraft:red_carpet":5,"minecraft:kelp":10,"minecraft:apple":20,"minecraft:stone_bricks":3,"minecraft:glass_bottle":4,"minecraft:iron_sword":4,"minecraft:acacia_sapling":1,"minecraft:chain_command_block":6,"minecraft:dark_oak_slab":1,"minecraft:sweet_berries":29,"minecraft:stone_brick_slab":5,"minecraft:red_wool":2,"minecraft:gravel":3,"minecraft:spruce_sapling":1,"minecraft:spider_eye":3,"minecraft:green_carpet":8,"minecraft:mossy_stone_brick_slab":3,"minecraft:spruce_door":1,"minecraft:firework_rocket":61,"minecraft:diamond_shovel":2,"minecraft:slime_ball":310,"minecraft:stone_axe":4,"minecraft:chainmail_leggings":10,"minecraft:iron_helmet":7,"minecraft:oak_button":1,"minecraft:brown_banner":6,"minecraft:ender_pearl":3},"minecraft:custom":{"minecraft:open_barrel":26,"minecraft:interact_with_crafting_table":1,"minecraft:open_shulker_box":470,"minecraft:bell_ring":156,"minecraft:leave_game":37,"minecraft:time_since_death":40442,"minecraft:damage_resisted":29839,"minecraft:sprint_one_cm":2739451,"minecraft:damage_blocked_by_shield":626,"minecraft:drop":383,"minecraft:deaths":33,"minecraft:jump":7906,"minecraft:walk_on_water_one_cm":54094,"minecraft:play_one_minute":2036344,"minecraft:open_enderchest":1,"minecraft:damage_dealt":62703,"minecraft:player_kills":16,"minecraft:crouch_one_cm":215334,"minecraft:inspect_dispenser":9,"minecraft:horse_one_cm":68872,"minecraft:inspect_dropper":13,"minecraft:interact_with_anvil":3,"minecraft:mob_kills":11,"minecraft:inspect_hopper":31,"minecraft:fill_cauldron":2,"minecraft:climb_one_cm":10991,"minecraft:walk_one_cm":2662850,"minecraft:damage_dealt_absorbed":48,"minecraft:target_hit":6,"minecraft:strider_one_cm":810839,"minecraft:sneak_time":121951,"minecraft:walk_under_water_one_cm":107722,"minecraft:boat_one_cm":15565,"minecraft:tune_noteblock":16,"minecraft:pot_flower":4,"minecraft:time_since_rest":40446,"minecraft:damage_absorbed":80,"minecraft:damage_taken":196379,"minecraft:minecart_one_cm":382593,"minecraft:swim_one_cm":77309,"minecraft:fly_one_cm":13642082,"minecraft:pig_one_cm":1238,"minecraft:open_chest":72,"minecraft:aviate_one_cm":1553815,"minecraft:fall_one_cm":201159}},"DataVersion":2586}