{"stats":{"minecraft:picked_up":{"minecraft:white_carpet":336,"minecraft:repeater":1,"minecraft:lever":24,"minecraft:redstone_torch":1,"minecraft:redstone":9},"minecraft:custom":{"minecraft:time_since_rest":44496,"minecraft:open_chest":5,"minecraft:inspect_dropper":12,"minecraft:play_one_minute":44496,"minecraft:crouch_one_cm":5843,"minecraft:sprint_one_cm":28625,"minecraft:damage_taken":226,"minecraft:walk_one_cm":123027,"minecraft:sneak_time":2365,"minecraft:drop":1,"minecraft:jump":247,"minecraft:leave_game":1,"minecraft:walk_on_water_one_cm":2891,"minecraft:time_since_death":44496,"minecraft:fall_one_cm":15113,"minecraft:fly_one_cm":253642},"minecraft:used":{"minecraft:redstone_torch":10,"minecraft:sticky_piston":3,"minecraft:glass":16,"minecraft:water_bucket":1,"minecraft:lever":33,"minecraft:repeater":11,"minecraft:dirt":1,"minecraft:white_carpet":13,"minecraft:dropper":15,"minecraft:hopper":9,"minecraft:furnace":6,"minecraft:iron_block":47,"minecraft:grass_block":11,"minecraft:powered_rail":6,"minecraft:redstone":87,"minecraft:slime_block":17,"minecraft:lapis_block":2,"minecraft:jungle_slab":15,"minecraft:chest":7,"minecraft:observer":6,"minecraft:smooth_stone":181,"minecraft:polished_diorite":36,"minecraft:petrified_oak_slab":2},"minecraft:dropped":{"minecraft:redstone":1}},"DataVersion":2586}