{"stats":{"minecraft:killed_by":{"minecraft:player":1},"minecraft:picked_up":{"minecraft:yellow_shulker_box":1,"minecraft:cod_spawn_egg":63,"minecraft:leather_leggings":1,"minecraft:lead":1,"minecraft:filled_map":2,"minecraft:shield":2,"minecraft:item_frame":3,"minecraft:rotten_flesh":2,"minecraft:slime_ball":35,"minecraft:chainmail_leggings":2,"minecraft:player_head":1,"minecraft:snowball":833,"minecraft:iron_boots":1},"minecraft:custom":{"minecraft:time_since_rest":481843,"minecraft:sprint_one_cm":148342,"minecraft:damage_taken":496,"minecraft:walk_one_cm":303703,"minecraft:damage_blocked_by_shield":270,"minecraft:drop":70,"minecraft:minecart_one_cm":69049,"minecraft:damage_dealt":0,"minecraft:tune_noteblock":4,"minecraft:fly_one_cm":3422434,"minecraft:open_chest":22,"minecraft:crouch_one_cm":9216,"minecraft:play_one_minute":516561,"minecraft:open_shulker_box":3,"minecraft:deaths":2,"minecraft:sneak_time":12237,"minecraft:walk_under_water_one_cm":23426,"minecraft:interact_with_lectern":3,"minecraft:jump":1483,"minecraft:leave_game":11,"minecraft:walk_on_water_one_cm":6475,"minecraft:time_since_death":481823,"minecraft:climb_one_cm":2929,"minecraft:damage_resisted":711,"minecraft:fall_one_cm":9758,"minecraft:inspect_dispenser":5,"minecraft:horse_one_cm":75677},"minecraft:used":{"minecraft:dark_oak_stairs":18,"minecraft:dark_oak_planks":4,"minecraft:netherite_block":7,"minecraft:lever":1,"minecraft:end_rod":1,"minecraft:red_concrete":86,"minecraft:red_wool":16,"minecraft:yellow_shulker_box":1,"minecraft:iron_block":3,"minecraft:grass_block":1,"minecraft:dark_oak_sign":1,"minecraft:redstone":1,"minecraft:bone_block":1,"minecraft:chest":1,"minecraft:shield":2,"minecraft:dark_oak_slab":5,"minecraft:horse_spawn_egg":1,"minecraft:stone_bricks":2,"minecraft:item_frame":9,"minecraft:stone_axe":1,"minecraft:white_wool":10,"minecraft:dirt":11,"minecraft:red_carpet":8,"minecraft:glowstone":5,"minecraft:cod_spawn_egg":1,"minecraft:bow":6,"minecraft:potion":2,"minecraft:light_blue_concrete":6,"minecraft:yellow_concrete":5,"minecraft:cooked_beef":1,"minecraft:white_concrete":1,"minecraft:snowball":1,"minecraft:splash_potion":9},"minecraft:dropped":{"minecraft:snowball":30,"minecraft:slime_ball":101,"minecraft:white_wool":1,"minecraft:redstone":1}},"DataVersion":2586}