{"stats":{"minecraft:killed":{"minecraft:tropical_fish":1},"minecraft:killed_by":{"minecraft:silverfish":1},"minecraft:broken":{"minecraft:bow":1},"minecraft:picked_up":{"minecraft:cooked_beef":6,"minecraft:filled_map":11,"minecraft:chainmail_chestplate":1,"minecraft:shield":1,"minecraft:dirt":7,"minecraft:iron_axe":1,"minecraft:item_frame":15,"minecraft:bow":1,"minecraft:wheat_seeds":1,"minecraft:iron_boots":1,"minecraft:egg":1,"minecraft:sand":2,"minecraft:arrow":8,"minecraft:repeating_command_block":1,"minecraft:tropical_fish":1,"minecraft:chainmail_leggings":1,"minecraft:iron_helmet":1,"minecraft:chorus_fruit":313,"minecraft:snowball":39},"minecraft:custom":{"minecraft:mob_kills":1,"minecraft:open_barrel":3,"minecraft:play_one_minute":146904,"minecraft:open_shulker_box":21,"minecraft:interact_with_grindstone":2,"minecraft:leave_game":2,"minecraft:time_since_death":73430,"minecraft:damage_resisted":42,"minecraft:time_since_rest":73438,"minecraft:damage_absorbed":40,"minecraft:open_enderchest":4,"minecraft:sprint_one_cm":399565,"minecraft:damage_taken":1589,"minecraft:walk_one_cm":173292,"minecraft:drop":38,"minecraft:damage_dealt":298,"minecraft:swim_one_cm":16603,"minecraft:talked_to_villager":1,"minecraft:fly_one_cm":1828496,"minecraft:open_chest":4,"minecraft:crouch_one_cm":4140,"minecraft:deaths":4,"minecraft:sneak_time":3021,"minecraft:walk_under_water_one_cm":19000,"minecraft:jump":2275,"minecraft:walk_on_water_one_cm":12646,"minecraft:fall_one_cm":23778},"minecraft:used":{"minecraft:light_blue_stained_glass_pane":9,"minecraft:water_bucket":1,"minecraft:trident":2,"minecraft:cobblestone_stairs":3,"minecraft:acacia_log":1,"minecraft:red_concrete":32,"minecraft:chorus_fruit":2,"minecraft:pufferfish_spawn_egg":9,"minecraft:oak_planks":165,"minecraft:oak_sign":10,"minecraft:stripped_warped_stem":17,"minecraft:white_concrete_powder":1,"minecraft:ender_pearl":3,"minecraft:chest":1,"minecraft:redstone_block":1,"minecraft:beacon":1,"minecraft:quartz_stairs":14,"minecraft:white_wool":1,"minecraft:golden_apple":1,"minecraft:mossy_cobblestone":20,"minecraft:golden_hoe":7,"minecraft:sand":4,"minecraft:tnt":15,"minecraft:white_bed":4,"minecraft:snowball":95,"minecraft:end_stone":1,"minecraft:cake":2,"minecraft:spruce_log":6,"minecraft:stripped_spruce_log":1,"minecraft:polished_diorite":6,"minecraft:oak_log":20,"minecraft:blue_stained_glass_pane":2,"minecraft:lever":1,"minecraft:apple":1,"minecraft:bricks":1,"minecraft:light_gray_stained_glass":3,"minecraft:dark_oak_log":1,"minecraft:grass_block":49,"minecraft:iron_block":97,"minecraft:iron_axe":2,"minecraft:oak_stairs":56,"minecraft:melon_slice":8,"minecraft:smooth_sandstone":2,"minecraft:quartz_block":2,"minecraft:jungle_log":1,"minecraft:smooth_quartz":27,"minecraft:tropical_fish_spawn_egg":26,"minecraft:gray_concrete_powder":12,"minecraft:oak_pressure_plate":4,"minecraft:totem_of_undying":1,"minecraft:item_frame":58,"minecraft:diamond_sword":1,"minecraft:glowstone":4,"minecraft:warped_stairs":3,"minecraft:bow":2,"minecraft:grindstone":2,"minecraft:green_concrete_powder":1,"minecraft:birch_log":1,"minecraft:skeleton_skull":2,"minecraft:egg":2,"minecraft:stripped_oak_log":1,"minecraft:cooked_beef":6,"minecraft:white_concrete":20,"minecraft:brown_mushroom_block":2,"minecraft:golden_axe":9,"minecraft:splash_potion":2},"minecraft:dropped":{"minecraft:repeating_command_block":1,"minecraft:wheat_seeds":1,"minecraft:iron_helmet":1,"minecraft:iron_boots":1,"minecraft:chainmail_chestplate":1,"minecraft:snowball":30,"minecraft:iron_axe":1,"minecraft:arrow":1,"minecraft:chainmail_leggings":1}},"DataVersion":2586}