{"stats":{"minecraft:used":{"minecraft:yellow_concrete":7,"minecraft:redstone_block":2,"minecraft:gray_concrete_powder":14},"minecraft:dropped":{"minecraft:bow":1},"minecraft:picked_up":{"minecraft:bow":1},"minecraft:custom":{"minecraft:jump":110,"minecraft:time_since_rest":99,"minecraft:leave_game":1,"minecraft:deaths":1,"minecraft:play_one_minute":5773,"minecraft:walk_on_water_one_cm":324,"minecraft:open_shulker_box":2,"minecraft:sprint_one_cm":20086,"minecraft:damage_taken":206,"minecraft:time_since_death":97,"minecraft:walk_one_cm":20291,"minecraft:sneak_time":138,"minecraft:walk_under_water_one_cm":2204,"minecraft:drop":1,"minecraft:fall_one_cm":5088,"minecraft:fly_one_cm":79182}},"DataVersion":2586}