{"stats":{"minecraft:killed_by":{"minecraft:player":21,"minecraft:silverfish":1,"minecraft:spider":2,"minecraft:zombie":1},"minecraft:used":{"minecraft:iron_axe":67,"minecraft:melon_slice":2,"minecraft:ender_pearl":3,"minecraft:shield":5,"minecraft:iron_sword":7,"minecraft:redstone_block":122,"minecraft:rotten_flesh":2,"minecraft:stone_axe":70,"minecraft:bow":22,"minecraft:golden_apple":2,"minecraft:golden_hoe":1,"minecraft:potion":3,"minecraft:anvil":1,"minecraft:cooked_beef":11,"minecraft:egg":1,"minecraft:lingering_potion":1,"minecraft:snowball":1,"minecraft:splash_potion":6,"minecraft:honey_bottle":2,"minecraft:polished_diorite":28},"minecraft:dropped":{"minecraft:stone_axe":3,"minecraft:anvil":1,"minecraft:shield":3,"minecraft:player_head":106,"minecraft:cooked_beef":54,"minecraft:glass_bottle":1,"minecraft:bow":4,"minecraft:arrow":96,"minecraft:pumpkin_pie":1,"minecraft:potion":1,"minecraft:spider_eye":3,"minecraft:iron_boots":2,"minecraft:iron_helmet":1,"minecraft:enchanted_golden_apple":1,"minecraft:iron_axe":1,"minecraft:black_concrete":1,"minecraft:chainmail_leggings":2,"minecraft:string":4,"minecraft:golden_apple":1,"minecraft:chainmail_chestplate":3},"minecraft:killed":{"minecraft:zombie":1,"minecraft:spider":7},"minecraft:picked_up":{"minecraft:cooked_beef":48,"minecraft:splash_potion":3,"minecraft:chainmail_chestplate":6,"minecraft:shield":7,"minecraft:string":15,"minecraft:spider_eye":6,"minecraft:tnt":1,"minecraft:honey_bottle":1,"minecraft:arrow":213,"minecraft:experience_bottle":15,"minecraft:rotten_flesh":2,"minecraft:stone_axe":5,"minecraft:bow":3,"minecraft:black_concrete":1,"minecraft:chainmail_leggings":6,"minecraft:player_head":112,"minecraft:chainmail_helmet":7,"minecraft:bamboo":11,"minecraft:enchanted_golden_apple":1,"minecraft:iron_boots":5},"minecraft:custom":{"minecraft:time_since_rest":4622,"minecraft:damage_taken":10368,"minecraft:walk_one_cm":281264,"minecraft:sprint_one_cm":186316,"minecraft:damage_absorbed":80,"minecraft:damage_blocked_by_shield":307,"minecraft:mob_kills":8,"minecraft:interact_with_anvil":2,"minecraft:drop":40,"minecraft:damage_dealt":3458,"minecraft:damage_dealt_absorbed":198,"minecraft:swim_one_cm":17636,"minecraft:fly_one_cm":793334,"minecraft:player_kills":4,"minecraft:open_chest":1,"minecraft:crouch_one_cm":5738,"minecraft:play_one_minute":104192,"minecraft:open_shulker_box":34,"minecraft:deaths":32,"minecraft:bell_ring":48,"minecraft:sneak_time":3194,"minecraft:walk_under_water_one_cm":3914,"minecraft:jump":866,"minecraft:damage_dealt_resisted":10,"minecraft:leave_game":4,"minecraft:walk_on_water_one_cm":1033,"minecraft:time_since_death":4620,"minecraft:climb_one_cm":10124,"minecraft:damage_resisted":6051,"minecraft:fall_one_cm":111660}},"DataVersion":2586}