{"stats":{"minecraft:picked_up":{"minecraft:filled_map":1,"minecraft:lily_pad":1,"minecraft:polished_blackstone_button":2},"minecraft:custom":{"minecraft:time_since_rest":46123,"minecraft:sprint_one_cm":36891,"minecraft:walk_one_cm":111228,"minecraft:swim_one_cm":601,"minecraft:fly_one_cm":301685,"minecraft:open_chest":3,"minecraft:crouch_one_cm":1030,"minecraft:play_one_minute":46123,"minecraft:sneak_time":1508,"minecraft:walk_under_water_one_cm":28761,"minecraft:pot_flower":5,"minecraft:boat_one_cm":3013,"minecraft:jump":207,"minecraft:leave_game":1,"minecraft:walk_on_water_one_cm":13407,"minecraft:time_since_death":46123,"minecraft:climb_one_cm":5173},"minecraft:used":{"minecraft:mossy_cobblestone_stairs":12,"minecraft:flower_pot":5,"minecraft:cobblestone_stairs":138,"minecraft:light_gray_stained_glass_pane":36,"minecraft:gray_stained_glass_pane":21,"minecraft:lantern":30,"minecraft:spruce_slab":192,"minecraft:ladder":13,"minecraft:spruce_planks":355,"minecraft:chest":16,"minecraft:spruce_trapdoor":10,"minecraft:spruce_fence_gate":35,"minecraft:cobblestone_slab":4,"minecraft:spruce_leaves":56,"minecraft:vine":41,"minecraft:mossy_cobblestone":5,"minecraft:stripped_dark_oak_log":138,"minecraft:cobblestone":99,"minecraft:brown_carpet":32,"minecraft:potion":1,"minecraft:crafting_table":3,"minecraft:furnace":4,"minecraft:dark_oak_fence":19,"minecraft:spruce_stairs":36,"minecraft:chain":20,"minecraft:painting":12,"minecraft:spruce_fence":60,"minecraft:light_gray_bed":1,"minecraft:stripped_spruce_log":132,"minecraft:milk_bucket":2}},"DataVersion":2586}