{"stats":{"minecraft:killed_by":{"minecraft:silverfish":1},"minecraft:used":{"minecraft:oak_fence":16,"minecraft:water_bucket":1,"minecraft:flint_and_steel":1,"minecraft:armor_stand":1,"minecraft:dark_oak_sign":2,"minecraft:oak_planks":135,"minecraft:ladder":9,"minecraft:oak_sign":8,"minecraft:ender_chest":4,"minecraft:chest":11,"minecraft:shield":32,"minecraft:white_terracotta":75,"minecraft:stone":30,"minecraft:red_mushroom_block":105,"minecraft:player_head":7,"minecraft:cooked_chicken":1,"minecraft:netherrack":1,"minecraft:oak_door":2,"minecraft:soul_sand":14,"minecraft:dirt":3,"minecraft:anvil":3,"minecraft:light_blue_concrete":132,"minecraft:oak_slab":91,"minecraft:crafting_table":2,"minecraft:red_bed":4,"minecraft:spruce_stairs":3,"minecraft:birch_sign":3,"minecraft:blast_furnace":3,"minecraft:spider_eye":1,"minecraft:snowball":8,"minecraft:smoker":3,"minecraft:mushroom_stem":10,"minecraft:milk_bucket":1,"minecraft:obsidian":169,"minecraft:redstone_torch":3,"minecraft:oak_log":291,"minecraft:glass":53,"minecraft:flower_pot":5,"minecraft:stone_brick_slab":18,"minecraft:piston":1,"minecraft:sea_lantern":3,"minecraft:lantern":3,"minecraft:grass_block":11,"minecraft:oak_stairs":121,"minecraft:spruce_trapdoor":2,"minecraft:spruce_sapling":1,"minecraft:stone_brick_stairs":92,"minecraft:barrel":18,"minecraft:stone_bricks":54,"minecraft:soul_lantern":2,"minecraft:item_frame":2,"minecraft:stone_axe":48,"minecraft:glowstone":15,"minecraft:diamond_sword":1,"minecraft:potion":1,"minecraft:bow":48,"minecraft:furnace":12,"minecraft:glass_pane":24,"minecraft:white_concrete":175,"minecraft:cooked_beef":3,"minecraft:bone_meal":1},"minecraft:dropped":{"minecraft:oak_log":1,"minecraft:dark_oak_sign":1,"minecraft:obsidian":1,"minecraft:oak_stairs":1,"minecraft:stone_bricks":1},"minecraft:killed":{"minecraft:spider":9,"minecraft:chicken":1,"minecraft:silverfish":2},"minecraft:picked_up":{"minecraft:feather":21,"minecraft:filled_map":3,"minecraft:oak_stairs":1,"minecraft:oak_log":1,"minecraft:string":9,"minecraft:item_frame":3,"minecraft:stone_bricks":1,"minecraft:cooked_chicken":114,"minecraft:player_head":66,"minecraft:spider_eye":3,"minecraft:obsidian":1},"minecraft:custom":{"minecraft:interact_with_furnace":1,"minecraft:interact_with_anvil":3,"minecraft:mob_kills":21,"minecraft:interact_with_crafting_table":2,"minecraft:open_barrel":4,"minecraft:play_one_minute":224695,"minecraft:pot_flower":2,"minecraft:leave_game":7,"minecraft:time_since_death":40191,"minecraft:climb_one_cm":16947,"minecraft:damage_resisted":26074,"minecraft:time_since_rest":40195,"minecraft:sprint_one_cm":75400,"minecraft:open_enderchest":1,"minecraft:damage_taken":3929,"minecraft:walk_one_cm":296051,"minecraft:damage_blocked_by_shield":590,"minecraft:drop":5,"minecraft:damage_dealt":1633,"minecraft:fly_one_cm":1720700,"minecraft:open_chest":9,"minecraft:crouch_one_cm":1927,"minecraft:deaths":10,"minecraft:sneak_time":4702,"minecraft:walk_under_water_one_cm":5181,"minecraft:jump":679,"minecraft:interact_with_blast_furnace":1,"minecraft:walk_on_water_one_cm":1563,"minecraft:fall_one_cm":61962}},"DataVersion":2586}