{"stats":{"minecraft:used":{"minecraft:item_frame":5,"minecraft:oak_leaves":1,"minecraft:cookie":2,"minecraft:quartz_pillar":7,"minecraft:salmon_spawn_egg":23,"minecraft:oak_sign":2,"minecraft:cobweb":18,"minecraft:player_head":2},"minecraft:picked_up":{"minecraft:oak_sign":1,"minecraft:salmon":11,"minecraft:player_head":1},"minecraft:custom":{"minecraft:time_since_rest":441,"minecraft:play_one_minute":16905,"minecraft:crouch_one_cm":526,"minecraft:sprint_one_cm":9670,"minecraft:walk_one_cm":45199,"minecraft:damage_taken":292,"minecraft:deaths":1,"minecraft:sneak_time":496,"minecraft:aviate_one_cm":2993,"minecraft:jump":54,"minecraft:leave_game":1,"minecraft:time_since_death":436,"minecraft:fall_one_cm":2851,"minecraft:fly_one_cm":75620,"minecraft:inspect_dispenser":2}},"DataVersion":2586}