{"stats":{"minecraft:picked_up":{"minecraft:item_frame":9,"minecraft:filled_map":9},"minecraft:custom":{"minecraft:jump":13,"minecraft:time_since_rest":21682,"minecraft:crouch_one_cm":139,"minecraft:play_one_minute":21682,"minecraft:leave_game":1,"minecraft:time_since_death":21682,"minecraft:walk_one_cm":2253,"minecraft:sneak_time":531,"minecraft:drop":18,"minecraft:fly_one_cm":134499},"minecraft:used":{"minecraft:grass_block":8},"minecraft:dropped":{"minecraft:filled_map":9,"minecraft:item_frame":9}},"DataVersion":2586}