{"stats":{"minecraft:killed_by":{"minecraft:spider":1},"minecraft:used":{"minecraft:stone_brick_stairs":14,"minecraft:stone_bricks":666,"minecraft:glowstone":71,"minecraft:cobblestone":483,"minecraft:stone_brick_slab":109,"minecraft:water_bucket":4,"minecraft:dirt":13,"minecraft:diamond_block":21,"minecraft:magma_block":1,"minecraft:soul_sand":24,"minecraft:yellow_terracotta":9,"minecraft:black_stained_glass":3,"minecraft:flint_and_steel":5,"minecraft:yellow_stained_glass":2,"minecraft:grass_block":105,"minecraft:quartz_block":104,"minecraft:bucket":1,"minecraft:yellow_concrete":88,"minecraft:quartz_stairs":42,"minecraft:obsidian":99,"minecraft:player_head":1},"minecraft:dropped":{"minecraft:stone_bricks":1},"minecraft:picked_up":{"minecraft:stone_bricks":1},"minecraft:custom":{"minecraft:time_since_rest":4217,"minecraft:crouch_one_cm":13908,"minecraft:play_one_minute":146408,"minecraft:sprint_one_cm":148575,"minecraft:deaths":2,"minecraft:damage_taken":564,"minecraft:walk_one_cm":121237,"minecraft:sneak_time":6804,"minecraft:walk_under_water_one_cm":18005,"minecraft:drop":1,"minecraft:jump":501,"minecraft:damage_dealt":10,"minecraft:leave_game":10,"minecraft:walk_on_water_one_cm":3137,"minecraft:time_since_death":4214,"minecraft:climb_one_cm":12,"minecraft:damage_resisted":42,"minecraft:swim_one_cm":399,"minecraft:fall_one_cm":9323,"minecraft:fly_one_cm":1945178}},"DataVersion":2586}