{"stats":{"minecraft:killed_by":{"minecraft:player":4,"minecraft:creeper":1,"minecraft:rabbit":1},"minecraft:used":{"minecraft:diorite_stairs":15,"minecraft:oak_trapdoor":5,"minecraft:oak_fence":1,"minecraft:netherite_sword":1,"minecraft:writable_book":1,"minecraft:smooth_quartz_slab":46,"minecraft:armor_stand":35,"minecraft:red_concrete":27,"minecraft:spruce_slab":7,"minecraft:oak_sign":2,"minecraft:polished_basalt":2,"minecraft:spruce_planks":5,"minecraft:white_terracotta":89,"minecraft:ender_chest":8,"minecraft:stone":117,"minecraft:player_head":5,"minecraft:structure_block":1,"minecraft:debug_stick":21,"minecraft:soul_sand":11,"minecraft:anvil":5,"minecraft:orange_glazed_terracotta":5,"minecraft:stone_stairs":13,"minecraft:yellow_carpet":2,"minecraft:stripped_spruce_log":3,"minecraft:honey_bottle":22,"minecraft:andesite_wall":84,"minecraft:wandering_trader_spawn_egg":1,"minecraft:sea_lantern":18,"minecraft:lava_bucket":3,"minecraft:stripped_dark_oak_wood":2,"minecraft:quartz_pillar":1,"minecraft:lantern":1,"minecraft:quartz_slab":2,"minecraft:black_stained_glass_pane":41,"minecraft:iron_block":21,"minecraft:grass_block":14,"minecraft:green_wool":2,"minecraft:smooth_sandstone":58,"minecraft:polished_andesite_stairs":4,"minecraft:quartz_block":3,"minecraft:dark_oak_wood":11,"minecraft:dark_oak_slab":2,"minecraft:smooth_quartz":340,"minecraft:diorite_wall":7,"minecraft:stone_bricks":4,"minecraft:blaze_spawn_egg":1,"minecraft:bedrock":117,"minecraft:basalt":63,"minecraft:glowstone":20,"minecraft:lime_concrete":8,"minecraft:bow":38,"minecraft:black_stained_glass":290,"minecraft:written_book":2,"minecraft:sweet_berries":5,"minecraft:white_stained_glass_pane":65,"minecraft:enchanted_golden_apple":9,"minecraft:brown_concrete_powder":21,"minecraft:water_bucket":6,"minecraft:diorite":87,"minecraft:wither_skeleton_skull":6,"minecraft:polished_andesite":549,"minecraft:blackstone_stairs":1,"minecraft:oak_planks":1,"minecraft:andesite_slab":109,"minecraft:blackstone":27,"minecraft:lime_concrete_powder":4,"minecraft:fox_spawn_egg":19,"minecraft:composter":33,"minecraft:structure_void":8,"minecraft:vindicator_spawn_egg":21,"minecraft:smooth_quartz_stairs":38,"minecraft:sand":48,"minecraft:rabbit_spawn_egg":1,"minecraft:lime_terracotta":1,"minecraft:purpur_stairs":1,"minecraft:terracotta":2,"minecraft:dark_prismarine_slab":1,"minecraft:crafting_table":1,"minecraft:mushroom_stew":1,"minecraft:yellow_concrete":2,"minecraft:dark_oak_fence_gate":4,"minecraft:stone_brick_wall":2,"minecraft:cake":17,"minecraft:creeper_spawn_egg":2,"minecraft:sticky_piston":1,"minecraft:blue_stained_glass_pane":2,"minecraft:lever":2,"minecraft:green_concrete":10,"minecraft:black_concrete":196,"minecraft:dark_oak_log":11,"minecraft:light_gray_concrete":7,"minecraft:lectern":2,"minecraft:stone_slab":169,"minecraft:crimson_nylium":19,"minecraft:polished_andesite_slab":18,"minecraft:blackstone_slab":1,"minecraft:pufferfish":4,"minecraft:stone_axe":1,"minecraft:diamond_sword":1,"minecraft:potion":12,"minecraft:dark_oak_fence":1,"minecraft:andesite":1267,"minecraft:andesite_stairs":2,"minecraft:white_stained_glass":189,"minecraft:green_concrete_powder":2,"minecraft:bucket":2,"minecraft:chain":6,"minecraft:repeating_command_block":2,"minecraft:white_concrete":27,"minecraft:smooth_stone":30,"minecraft:diorite_slab":7},"minecraft:dropped":{"minecraft:tnt":577,"minecraft:glass_bottle":1,"minecraft:orange_glazed_terracotta":1,"minecraft:string":64,"minecraft:stone_axe":1,"minecraft:player_head":3,"minecraft:enchanted_golden_apple":1,"minecraft:honey_bottle":1,"minecraft:debug_stick":1,"minecraft:leather_boots":1,"minecraft:spider_eye":23,"minecraft:bow":2,"minecraft:beef":256},"minecraft:crafted":{"minecraft:written_book":2},"minecraft:broken":{"minecraft:chainmail_leggings":3,"minecraft:iron_boots":3,"minecraft:chainmail_helmet":3,"minecraft:chainmail_chestplate":3,"minecraft:leather_boots":2,"minecraft:netherite_sword":1},"minecraft:killed":{"minecraft:spider":3,"minecraft:vindicator":1,"minecraft:silverfish":6,"minecraft:rabbit":2,"minecraft:zombie":12},"minecraft:picked_up":{"minecraft:blaze_spawn_egg":4,"minecraft:diamond_sword":2,"minecraft:cooked_rabbit":10,"minecraft:potion":1,"minecraft:shield":7,"minecraft:string":182,"minecraft:netherite_sword":3,"minecraft:beef":380,"minecraft:player_head":785,"minecraft:enchanted_golden_apple":1,"minecraft:tnt":1026,"minecraft:arrow":249,"minecraft:honey_bottle":2,"minecraft:rotten_flesh":6,"minecraft:cooked_beef":128,"minecraft:bedrock":1,"minecraft:gunpowder":1,"minecraft:wooden_hoe":3,"minecraft:leather_boots":3,"minecraft:bow":7,"minecraft:rabbit_hide":1,"minecraft:debug_stick":1,"minecraft:grass_block":2,"minecraft:spider_eye":87,"minecraft:stone_axe":7,"minecraft:chainmail_helmet":1,"minecraft:emerald":125,"minecraft:nether_star":10},"minecraft:custom":{"minecraft:mob_kills":24,"minecraft:interact_with_anvil":5,"minecraft:interact_with_crafting_table":2,"minecraft:damage_dealt_resisted":8,"minecraft:eat_cake_slice":53,"minecraft:leave_game":6,"minecraft:time_since_death":29703,"minecraft:climb_one_cm":4269,"minecraft:damage_resisted":8274255,"minecraft:sprint_one_cm":78959,"minecraft:walk_one_cm":239857,"minecraft:drop":35,"minecraft:damage_dealt_absorbed":150,"minecraft:deaths":7,"minecraft:sneak_time":26413,"minecraft:walk_under_water_one_cm":3048,"minecraft:jump":363,"minecraft:walk_on_water_one_cm":4203,"minecraft:play_one_minute":444110,"minecraft:raid_trigger":1,"minecraft:time_since_rest":29707,"minecraft:damage_taken":319622,"minecraft:open_enderchest":10,"minecraft:damage_dealt":2109,"minecraft:fly_one_cm":2118948,"minecraft:player_kills":15,"minecraft:open_chest":1,"minecraft:crouch_one_cm":510699,"minecraft:fall_one_cm":14517}},"DataVersion":2586}