{"stats":{"minecraft:killed_by":{"minecraft:zombie":1,"minecraft:vex":1,"minecraft:player":33,"minecraft:spider":1,"minecraft:rabbit":1,"minecraft:wither":1},"minecraft:used":{"minecraft:light_blue_stained_glass_pane":19,"minecraft:writable_book":2,"minecraft:polished_granite_stairs":101,"minecraft:light_gray_stained_glass_pane":77,"minecraft:cut_red_sandstone_slab":5,"minecraft:smooth_quartz_slab":993,"minecraft:dispenser":132,"minecraft:spruce_slab":853,"minecraft:bone_block":23,"minecraft:ladder":9,"minecraft:oak_sign":6,"minecraft:polished_basalt":54,"minecraft:white_concrete_powder":1,"minecraft:chest":29,"minecraft:shield":14,"minecraft:white_terracotta":53,"minecraft:stone":54,"minecraft:brown_concrete":19,"minecraft:iron_sword":129,"minecraft:stripped_jungle_wood":4,"minecraft:warped_sign":1,"minecraft:quartz_stairs":31,"minecraft:grass":10,"minecraft:player_head":116,"minecraft:smooth_sandstone_stairs":157,"minecraft:green_terracotta":362,"minecraft:blue_stained_glass":1,"minecraft:jungle_planks":4,"minecraft:prismarine_brick_stairs":12,"minecraft:carrot":2,"minecraft:snowball":132,"minecraft:weeping_vines":1,"minecraft:milk_bucket":18,"minecraft:stripped_spruce_log":328,"minecraft:obsidian":406,"minecraft:honey_bottle":12,"minecraft:polished_blackstone_slab":186,"minecraft:glass":36,"minecraft:crimson_button":5,"minecraft:lava_bucket":41,"minecraft:stripped_dark_oak_wood":2,"minecraft:bricks":61,"minecraft:quartz_pillar":352,"minecraft:villager_spawn_egg":3,"minecraft:red_wool":1,"minecraft:jungle_fence_gate":5,"minecraft:quartz_slab":1,"minecraft:spruce_wood":206,"minecraft:lantern":7,"minecraft:grass_block":307,"minecraft:panda_spawn_egg":15,"minecraft:green_wool":3,"minecraft:wet_sponge":4,"minecraft:dark_oak_wood":2,"minecraft:dark_oak_leaves":4,"minecraft:dark_oak_slab":156,"minecraft:gray_concrete_powder":24,"minecraft:tropical_fish_spawn_egg":3,"minecraft:crimson_roots":17,"minecraft:diorite_wall":3,"minecraft:stone_brick_stairs":5,"minecraft:stone_bricks":211,"minecraft:red_carpet":5,"minecraft:item_frame":54,"minecraft:slime_spawn_egg":6,"minecraft:bedrock":5,"minecraft:rabbit_stew":1,"minecraft:golden_sword":4,"minecraft:birch_button":17,"minecraft:birch_trapdoor":16,"minecraft:repeater":5,"minecraft:redstone_lamp":6,"minecraft:bow":298,"minecraft:brown_carpet":2,"minecraft:written_book":439,"minecraft:guardian_spawn_egg":3,"minecraft:sweet_berries":4,"minecraft:acacia_fence":1,"minecraft:gold_block":31,"minecraft:skeleton_skull":2,"minecraft:egg":10,"minecraft:brown_concrete_powder":4,"minecraft:dark_prismarine_stairs":33,"minecraft:polished_blackstone_stairs":129,"minecraft:stripped_spruce_wood":3,"minecraft:dark_oak_stairs":270,"minecraft:mossy_stone_bricks":83,"minecraft:diorite":10,"minecraft:end_rod":25,"minecraft:spruce_door":5,"minecraft:wither_skeleton_skull":8,"minecraft:stripped_acacia_log":2,"minecraft:stripped_birch_log":20,"minecraft:acacia_trapdoor":43,"minecraft:chorus_fruit":6,"minecraft:blackstone_stairs":3,"minecraft:jungle_fence":9,"minecraft:oak_planks":34,"minecraft:blackstone":1,"minecraft:ender_pearl":4,"minecraft:mossy_stone_brick_stairs":14,"minecraft:fox_spawn_egg":2,"minecraft:sandstone":32,"minecraft:redstone_block":14,"minecraft:composter":11,"minecraft:structure_void":8,"minecraft:diamond_axe":43,"minecraft:parrot_spawn_egg":13,"minecraft:smooth_quartz_stairs":1289,"minecraft:oak_leaves":245,"minecraft:cookie":3,"minecraft:white_wool":3,"minecraft:golden_apple":3,"minecraft:dark_oak_trapdoor":104,"minecraft:sand":365,"minecraft:purpur_stairs":5,"minecraft:yellow_terracotta":192,"minecraft:light_blue_concrete":4,"minecraft:cut_sandstone_slab":3,"minecraft:loom":2,"minecraft:blast_furnace":21,"minecraft:smooth_red_sandstone":27,"minecraft:black_banner":10,"minecraft:yellow_concrete":304,"minecraft:crossbow":10,"minecraft:chiseled_quartz_block":55,"minecraft:purple_terracotta":69,"minecraft:lingering_potion":4,"minecraft:gray_concrete":7,"minecraft:crimson_fence_gate":10,"minecraft:purple_concrete_powder":17,"minecraft:birch_fence":15,"minecraft:redstone_torch":11,"minecraft:sticky_piston":9,"minecraft:lever":9,"minecraft:green_concrete":434,"minecraft:black_concrete":52,"minecraft:firework_rocket":1,"minecraft:crying_obsidian":11,"minecraft:dark_oak_log":23,"minecraft:birch_slab":18,"minecraft:nether_sprouts":1,"minecraft:barrier":9,"minecraft:brown_stained_glass":6,"minecraft:melon_slice":10,"minecraft:brown_wool":7,"minecraft:string":10,"minecraft:warped_slab":16,"minecraft:stone_button":47,"minecraft:red_terracotta":3,"minecraft:polished_granite":3,"minecraft:oak_pressure_plate":1,"minecraft:iron_door":1,"minecraft:gravel":45,"minecraft:polished_andesite_slab":6,"minecraft:soul_lantern":12,"minecraft:blackstone_slab":5,"minecraft:granite_slab":119,"minecraft:stripped_warped_hyphae":43,"minecraft:smooth_red_sandstone_slab":9,"minecraft:diamond_sword":99,"minecraft:crimson_door":5,"minecraft:dark_oak_fence":12,"minecraft:white_stained_glass":2,"minecraft:green_concrete_powder":87,"minecraft:andesite":52,"minecraft:chain":17,"minecraft:smooth_stone_slab":151,"minecraft:oak_boat":1,"minecraft:white_concrete":220,"minecraft:tropical_fish_bucket":81,"minecraft:coarse_dirt":279,"minecraft:experience_bottle":5,"minecraft:purple_wool":2,"minecraft:cobweb":1,"minecraft:oak_trapdoor":10,"minecraft:trident":22,"minecraft:stripped_acacia_wood":8,"minecraft:petrified_oak_slab":34,"minecraft:netherite_sword":14,"minecraft:iron_bars":22,"minecraft:granite_stairs":71,"minecraft:crimson_fence":6,"minecraft:orange_concrete":109,"minecraft:flint_and_steel":9,"minecraft:red_concrete":79,"minecraft:tropical_fish":1,"minecraft:armor_stand":27,"minecraft:redstone":75,"minecraft:pufferfish_spawn_egg":18,"minecraft:stripped_warped_stem":20,"minecraft:spruce_planks":161,"minecraft:ender_chest":10,"minecraft:stripped_birch_wood":22,"minecraft:sandstone_wall":59,"minecraft:dragon_egg":6,"minecraft:dirt":151,"minecraft:anvil":58,"minecraft:hopper":2,"minecraft:prismarine_bricks":6,"minecraft:twisting_vines":183,"minecraft:spruce_stairs":375,"minecraft:stone_stairs":83,"minecraft:polished_granite_slab":151,"minecraft:spruce_fence":90,"minecraft:granite":4,"minecraft:blue_concrete":7,"minecraft:light_blue_stained_glass":36,"minecraft:polished_diorite":24,"minecraft:fern":2,"minecraft:andesite_wall":5,"minecraft:purple_banner":2,"minecraft:wooden_axe":5,"minecraft:brown_terracotta":16,"minecraft:stone_brick_slab":2,"minecraft:red_shulker_box":5,"minecraft:dark_oak_planks":234,"minecraft:sea_lantern":6,"minecraft:red_tulip":2,"minecraft:bookshelf":373,"minecraft:light_gray_stained_glass":273,"minecraft:cyan_shulker_box":49,"minecraft:yellow_stained_glass":7,"minecraft:iron_block":9,"minecraft:iron_axe":276,"minecraft:oak_stairs":54,"minecraft:spruce_button":1,"minecraft:acacia_slab":80,"minecraft:smooth_sandstone":162,"minecraft:crimson_slab":92,"minecraft:jungle_log":8,"minecraft:chicken_spawn_egg":1,"minecraft:smooth_quartz":1205,"minecraft:totem_of_undying":1,"minecraft:crimson_planks":16,"minecraft:barrel":16,"minecraft:yellow_concrete_powder":28,"minecraft:bamboo":2,"minecraft:light_gray_wool":32,"minecraft:basalt":17,"minecraft:purple_concrete":123,"minecraft:glowstone":24,"minecraft:lime_concrete":5,"minecraft:warped_stairs":245,"minecraft:tall_grass":18,"minecraft:emerald_block":3,"minecraft:iron_trapdoor":11,"minecraft:dark_oak_pressure_plate":1,"minecraft:lime_stained_glass":390,"minecraft:salmon_spawn_egg":88,"minecraft:podzol":2,"minecraft:drowned_spawn_egg":1,"minecraft:granite_wall":11,"minecraft:cooked_beef":59,"minecraft:turtle_egg":7,"minecraft:dead_bubble_coral_block":1,"minecraft:acacia_planks":18,"minecraft:observer":41,"minecraft:orange_terracotta":34,"minecraft:orange_stained_glass_pane":1,"minecraft:enchanted_golden_apple":5,"minecraft:dead_bubble_coral_fan":1,"minecraft:wheat_seeds":6,"minecraft:quartz_bricks":2,"minecraft:water_bucket":344,"minecraft:yellow_banner":17,"minecraft:warped_stem":1,"minecraft:light_blue_shulker_box":1,"minecraft:lodestone":4,"minecraft:sandstone_stairs":25,"minecraft:prismarine_brick_slab":21,"minecraft:birch_planks":11,"minecraft:yellow_shulker_box":32,"minecraft:polished_andesite":74,"minecraft:red_nether_bricks":10,"minecraft:andesite_slab":61,"minecraft:smooth_sandstone_slab":250,"minecraft:cut_sandstone":15,"minecraft:spruce_sign":24,"minecraft:beacon":3,"minecraft:red_glazed_terracotta":1,"minecraft:spruce_fence_gate":6,"minecraft:horse_spawn_egg":1,"minecraft:warped_roots":1,"minecraft:pink_concrete":1,"minecraft:polished_blackstone_pressure_plate":2,"minecraft:mossy_cobblestone":2,"minecraft:diamond_block":25,"minecraft:terracotta":983,"minecraft:vine":16,"minecraft:dark_prismarine_slab":61,"minecraft:tnt":64,"minecraft:oak_slab":3,"minecraft:strider_spawn_egg":3,"minecraft:crimson_trapdoor":22,"minecraft:red_mushroom":2,"minecraft:birch_sign":3,"minecraft:yellow_stained_glass_pane":16,"minecraft:campfire":4,"minecraft:white_bed":3,"minecraft:fire_coral":3,"minecraft:smooth_red_sandstone_stairs":7,"minecraft:spruce_log":170,"minecraft:cake":2,"minecraft:warped_planks":301,"minecraft:mushroom_stem":66,"minecraft:dark_oak_door":3,"minecraft:cyan_stained_glass":12,"minecraft:oak_log":22,"minecraft:blue_stained_glass_pane":1,"minecraft:dark_prismarine":29,"minecraft:piston":13,"minecraft:netherite_block":2,"minecraft:flower_pot":5,"minecraft:acacia_stairs":36,"minecraft:black_wool":2,"minecraft:apple":26,"minecraft:acacia_sign":9,"minecraft:pig_spawn_egg":1,"minecraft:cyan_concrete":6,"minecraft:magenta_concrete":2,"minecraft:stone_slab":46,"minecraft:spruce_trapdoor":83,"minecraft:crimson_nylium":3,"minecraft:yellow_wool":74,"minecraft:acacia_fence_gate":8,"minecraft:stone_axe":19,"minecraft:chiseled_stone_bricks":2,"minecraft:fishing_rod":14,"minecraft:brown_stained_glass_pane":2,"minecraft:green_shulker_box":1,"minecraft:crimson_fungus":3,"minecraft:cobblestone":1,"minecraft:potion":6,"minecraft:orange_banner":10,"minecraft:andesite_stairs":66,"minecraft:crimson_stairs":75,"minecraft:cyan_stained_glass_pane":45,"minecraft:white_banner":5,"minecraft:cooked_porkchop":1,"minecraft:sandstone_slab":16,"minecraft:red_banner":26,"minecraft:lapis_block":57,"minecraft:bucket":28,"minecraft:wither_rose":31,"minecraft:polished_blackstone_button":40,"minecraft:sea_pickle":60,"minecraft:brown_mushroom_block":7,"minecraft:smooth_stone":719,"minecraft:splash_potion":636,"minecraft:birch_stairs":27,"minecraft:green_stained_glass":21},"minecraft:dropped":{"minecraft:porkchop":3,"minecraft:cooked_beef":1,"minecraft:diamond":72,"minecraft:glass_bottle":4,"minecraft:crossbow":1,"minecraft:cookie":1,"minecraft:saddle":1,"minecraft:dragon_breath":1,"minecraft:polished_blackstone_pressure_plate":1,"minecraft:dispenser":230,"minecraft:snowball":75,"minecraft:wooden_sword":1,"minecraft:bone_meal":2,"minecraft:fishing_rod":1,"minecraft:armor_stand":1,"minecraft:tropical_fish_bucket":1,"minecraft:red_glazed_terracotta":1,"minecraft:silverfish_spawn_egg":3,"minecraft:diamond_block":260,"minecraft:enchanted_golden_apple":6,"minecraft:blaze_powder":4,"minecraft:chainmail_chestplate":1,"minecraft:tipped_arrow":4,"minecraft:trident":1,"minecraft:leather_boots":1,"minecraft:written_book":3,"minecraft:ghast_tear":66,"minecraft:splash_potion":6,"minecraft:wheat_seeds":1,"minecraft:tnt":526,"minecraft:diamond_leggings":1,"minecraft:golden_axe":1,"minecraft:prismarine_crystals":1,"minecraft:apple":1,"minecraft:wooden_hoe":3,"minecraft:ink_sac":10,"minecraft:wooden_axe":1,"minecraft:wither_rose":1,"minecraft:white_banner":1,"minecraft:cactus":5,"minecraft:chainmail_leggings":1,"minecraft:string":2,"minecraft:zombie_spawn_egg":1,"minecraft:player_head":282,"minecraft:coarse_dirt":1,"minecraft:blaze_rod":198,"minecraft:bowl":2,"minecraft:diamond_hoe":1,"minecraft:iron_boots":1,"minecraft:slime_block":1,"minecraft:filled_map":67,"minecraft:diamond_sword":9,"minecraft:diamond_chestplate":1,"minecraft:slime_ball":13},"minecraft:broken":{"minecraft:iron_boots":1,"minecraft:golden_sword":1,"minecraft:chainmail_chestplate":1,"minecraft:iron_sword":2,"minecraft:bow":7,"minecraft:chainmail_leggings":1,"minecraft:iron_helmet":1,"minecraft:netherite_sword":1},"minecraft:killed":{"minecraft:spider":9,"minecraft:dolphin":2,"minecraft:pufferfish":24,"minecraft:guardian":1,"minecraft:bee":1,"minecraft:chicken":2,"minecraft:silverfish":1,"minecraft:tropical_fish":39,"minecraft:parrot":2,"minecraft:ender_dragon":1,"minecraft:strider":3,"minecraft:cow":3,"minecraft:drowned":1,"minecraft:rabbit":1,"minecraft:villager":2},"minecraft:mined":{"minecraft:spruce_planks":1},"minecraft:picked_up":{"minecraft:wooden_axe":2,"minecraft:seagrass":1,"minecraft:anvil":1,"minecraft:oak_stairs":1,"minecraft:lead":3,"minecraft:diamond_sword":9,"minecraft:potion":5,"minecraft:birch_button":6,"minecraft:string":30,"minecraft:iron_leggings":2,"minecraft:armor_stand":3,"minecraft:pufferfish":81,"minecraft:purple_banner":1,"minecraft:oak_sign":1,"minecraft:diamond_leggings":2,"minecraft:spruce_planks":1,"minecraft:redstone_torch":4,"minecraft:written_book":456,"minecraft:enchanted_golden_apple":6,"minecraft:melon_slice":80,"minecraft:iron_boots":7,"minecraft:tipped_arrow":4,"minecraft:torch":2,"minecraft:porkchop":9,"minecraft:crimson_button":1,"minecraft:golden_axe":2,"minecraft:brown_carpet":10,"minecraft:cactus":7,"minecraft:honey_bottle":7,"minecraft:rotten_flesh":1,"minecraft:tropical_fish":43,"minecraft:cod":1,"minecraft:blaze_rod":2,"minecraft:snowball":259,"minecraft:blaze_powder":2,"minecraft:sponge":1,"minecraft:feather":292,"minecraft:cooked_beef":496,"minecraft:repeater":1,"minecraft:water_bucket":1,"minecraft:lapis_lazuli":1,"minecraft:dirt":9,"minecraft:leather_boots":1,"minecraft:gray_concrete_powder":1,"minecraft:twisting_vines":4,"minecraft:wheat_seeds":247,"minecraft:bow":3,"minecraft:bamboo":12,"minecraft:ghast_tear":65,"minecraft:sand":2,"minecraft:light_blue_shulker_box":2,"minecraft:ink_sac":3,"minecraft:grass_block":2,"minecraft:diamond_block":252,"minecraft:spectral_arrow":13,"minecraft:dispenser":2,"minecraft:diamond":72,"minecraft:slime_block":1,"minecraft:black_concrete":6,"minecraft:polished_blackstone_pressure_plate":1,"minecraft:soul_lantern":2,"minecraft:lever":27,"minecraft:polished_blackstone_button":12,"minecraft:crossbow":1,"minecraft:bone_meal":9,"minecraft:white_concrete":38,"minecraft:golden_apple":1,"minecraft:spruce_sign":7,"minecraft:emerald":1,"minecraft:chainmail_helmet":1,"minecraft:chorus_fruit":164,"minecraft:nether_star":4,"minecraft:fishing_rod":3,"minecraft:coarse_dirt":1,"minecraft:azure_bluet":50,"minecraft:splash_potion":8,"minecraft:chicken":3,"minecraft:dragon_head":1,"minecraft:shield":7,"minecraft:dragon_breath":1,"minecraft:cornflower":67,"minecraft:iron_axe":3,"minecraft:wooden_sword":1,"minecraft:item_frame":7,"minecraft:beef":8,"minecraft:player_head":2043,"minecraft:poppy":104,"minecraft:spruce_trapdoor":1,"minecraft:egg":6,"minecraft:stone":1,"minecraft:bowl":1,"minecraft:fire_charge":1,"minecraft:stone_button":2,"minecraft:trident":1,"minecraft:redstone":85,"minecraft:light_gray_stained_glass_pane":1,"minecraft:prismarine_crystals":1,"minecraft:tnt":156,"minecraft:arrow":201,"minecraft:diamond_chestplate":4,"minecraft:saddle":4,"minecraft:white_wool":1,"minecraft:oxeye_daisy":58,"minecraft:salmon":26,"minecraft:leather":449,"minecraft:red_glazed_terracotta":1,"minecraft:filled_map":7,"minecraft:chainmail_chestplate":8,"minecraft:wooden_hoe":1,"minecraft:white_banner":2,"minecraft:red_carpet":3,"minecraft:apple":12,"minecraft:silverfish_spawn_egg":5,"minecraft:rabbit_hide":1,"minecraft:cooked_chicken":722,"minecraft:glass_bottle":6,"minecraft:iron_sword":6,"minecraft:tropical_fish_bucket":1,"minecraft:sweet_berries":2,"minecraft:dandelion":148,"minecraft:green_stained_glass":1,"minecraft:red_banner":6,"minecraft:light_blue_stained_glass":1,"minecraft:spruce_log":1,"minecraft:spider_eye":5,"minecraft:coal_ore":1,"minecraft:slime_ball":30,"minecraft:campfire":1,"minecraft:stone_axe":2,"minecraft:chainmail_leggings":7,"minecraft:iron_helmet":5,"minecraft:painting":1,"minecraft:diamond_axe":1,"minecraft:ender_pearl":4},"minecraft:custom":{"minecraft:animals_bred":1,"minecraft:interact_with_crafting_table":2,"minecraft:open_barrel":5,"minecraft:open_shulker_box":290,"minecraft:eat_cake_slice":7,"minecraft:leave_game":68,"minecraft:time_since_death":40441,"minecraft:damage_resisted":11288,"minecraft:sprint_one_cm":6242317,"minecraft:damage_blocked_by_shield":245,"minecraft:drop":973,"minecraft:talked_to_villager":2,"minecraft:deaths":56,"minecraft:jump":50384,"minecraft:walk_on_water_one_cm":183223,"minecraft:interact_with_furnace":3,"minecraft:play_one_minute":4341856,"minecraft:interact_with_loom":10,"minecraft:open_enderchest":31,"minecraft:damage_dealt":13532,"minecraft:interact_with_beacon":2,"minecraft:player_kills":47,"minecraft:crouch_one_cm":1632250,"minecraft:inspect_dispenser":35,"minecraft:interact_with_smithing_table":1,"minecraft:inspect_dropper":10,"minecraft:interact_with_anvil":3,"minecraft:mob_kills":97,"minecraft:inspect_hopper":7,"minecraft:damage_dealt_resisted":52,"minecraft:climb_one_cm":30615,"minecraft:walk_one_cm":4452633,"minecraft:damage_dealt_absorbed":296,"minecraft:strider_one_cm":48076,"minecraft:sneak_time":79243,"minecraft:walk_under_water_one_cm":223182,"minecraft:interact_with_lectern":4,"minecraft:boat_one_cm":14396,"minecraft:interact_with_blast_furnace":1,"minecraft:tune_noteblock":56,"minecraft:pot_flower":2,"minecraft:time_since_rest":40446,"minecraft:damage_absorbed":907,"minecraft:damage_taken":186548,"minecraft:minecart_one_cm":135715,"minecraft:swim_one_cm":141851,"minecraft:fly_one_cm":49642962,"minecraft:pig_one_cm":280,"minecraft:open_chest":101,"minecraft:aviate_one_cm":105472,"minecraft:fall_one_cm":302967}},"DataVersion":2586}