{"stats":{"minecraft:killed":{"minecraft:spider":12,"minecraft:strider":1,"minecraft:silverfish":2},"minecraft:killed_by":{"minecraft:player":4},"minecraft:broken":{"minecraft:netherite_sword":2},"minecraft:picked_up":{"minecraft:wooden_axe":1,"minecraft:splash_potion":1,"minecraft:cooked_beef":139,"minecraft:redstone_block":1,"minecraft:leather_leggings":1,"minecraft:filled_map":2,"minecraft:chainmail_chestplate":12,"minecraft:shield":11,"minecraft:string":13,"minecraft:flint_and_steel":1,"minecraft:item_frame":2,"minecraft:red_carpet":1,"minecraft:oak_sign":1,"minecraft:apple":3,"minecraft:bow":11,"minecraft:written_book":1,"minecraft:player_head":21,"minecraft:iron_boots":11,"minecraft:stick":2,"minecraft:spider_eye":14,"minecraft:tnt":2,"minecraft:arrow":440,"minecraft:stone_axe":10,"minecraft:polished_diorite":1,"minecraft:chainmail_leggings":12,"minecraft:chainmail_helmet":16,"minecraft:oak_sapling":4,"minecraft:red_concrete":1,"minecraft:snowball":52},"minecraft:custom":{"minecraft:mob_kills":18,"minecraft:inspect_hopper":1,"minecraft:open_barrel":8,"minecraft:open_shulker_box":6,"minecraft:play_one_minute":1028628,"minecraft:leave_game":9,"minecraft:time_since_death":828227,"minecraft:climb_one_cm":1734,"minecraft:damage_resisted":11279,"minecraft:time_since_rest":828247,"minecraft:sprint_one_cm":263411,"minecraft:damage_absorbed":493,"minecraft:damage_taken":6501,"minecraft:walk_one_cm":307516,"minecraft:drop":71,"minecraft:minecart_one_cm":1062,"minecraft:damage_dealt":3493,"minecraft:damage_dealt_absorbed":59,"minecraft:fly_one_cm":8644908,"minecraft:player_kills":6,"minecraft:open_chest":20,"minecraft:crouch_one_cm":86293,"minecraft:deaths":16,"minecraft:sneak_time":92258,"minecraft:walk_under_water_one_cm":3946,"minecraft:interact_with_lectern":1,"minecraft:jump":982,"minecraft:walk_on_water_one_cm":37740,"minecraft:fall_one_cm":100498,"minecraft:inspect_dispenser":1},"minecraft:used":{"minecraft:netherite_sword":2,"minecraft:diorite":19,"minecraft:flint_and_steel":5,"minecraft:red_concrete":58,"minecraft:oak_planks":4,"minecraft:white_concrete_powder":7,"minecraft:stone":2,"minecraft:redstone_block":2,"minecraft:player_head":5,"minecraft:polished_blackstone_bricks":1,"minecraft:oak_leaves":1764,"minecraft:spruce_leaves":12,"minecraft:white_wool":3,"minecraft:stripped_dark_oak_log":2410,"minecraft:tnt":211,"minecraft:jungle_planks":66,"minecraft:bee_nest":45,"minecraft:spruce_fence":1,"minecraft:snowball":10,"minecraft:glass":644,"minecraft:stripped_dark_oak_wood":3515,"minecraft:villager_spawn_egg":1,"minecraft:stripped_jungle_log":21,"minecraft:grass_block":33,"minecraft:bread":1,"minecraft:string":2,"minecraft:green_wool":25,"minecraft:stone_axe":52,"minecraft:blaze_spawn_egg":1,"minecraft:cod_spawn_egg":1,"minecraft:bow":57,"minecraft:poisonous_potato":2,"minecraft:gold_block":13,"minecraft:polished_blackstone_button":1,"minecraft:stripped_oak_log":6,"minecraft:cooked_beef":9,"minecraft:coarse_dirt":2,"minecraft:orange_stained_glass_pane":2,"minecraft:enchanted_golden_apple":4,"minecraft:splash_potion":3,"minecraft:brown_concrete_powder":112},"minecraft:dropped":{"minecraft:red_concrete":1,"minecraft:stone_axe":1,"minecraft:player_head":12,"minecraft:iron_boots":1,"minecraft:stripped_oak_log":1,"minecraft:polished_blackstone_button":1,"minecraft:chainmail_helmet":1,"minecraft:chainmail_chestplate":1,"minecraft:red_carpet":1,"minecraft:item_frame":2,"minecraft:stick":1,"minecraft:filled_map":2,"minecraft:shield":1,"minecraft:wooden_axe":1,"minecraft:snowball":32,"minecraft:bow":3,"minecraft:arrow":3,"minecraft:polished_blackstone_bricks":1,"minecraft:orange_stained_glass_pane":1,"minecraft:white_concrete_powder":1,"minecraft:chainmail_leggings":2,"minecraft:white_wool":1}},"DataVersion":2586}