{"stats":{"minecraft:killed_by":{"minecraft:player":52},"minecraft:used":{"minecraft:peony":11,"minecraft:writable_book":22,"minecraft:light_gray_stained_glass_pane":223,"minecraft:smooth_quartz_slab":132,"minecraft:dispenser":5,"minecraft:spruce_slab":310,"minecraft:dead_tube_coral_fan":24,"minecraft:bone_block":55,"minecraft:ladder":45,"minecraft:oak_sign":98,"minecraft:green_banner":2,"minecraft:white_concrete_powder":4,"minecraft:chest":133,"minecraft:shield":18,"minecraft:stone":1714,"minecraft:iron_sword":260,"minecraft:brown_concrete":20,"minecraft:stripped_jungle_wood":82,"minecraft:bell":3,"minecraft:red_nether_brick_stairs":17,"minecraft:quartz_stairs":30,"minecraft:bubble_coral":24,"minecraft:grass":195,"minecraft:player_head":5,"minecraft:smooth_sandstone_stairs":128,"minecraft:tube_coral":26,"minecraft:green_terracotta":730,"minecraft:stripped_crimson_stem":7,"minecraft:soul_sand":289,"minecraft:birch_pressure_plate":107,"minecraft:lily_of_the_valley":30,"minecraft:blue_stained_glass":12,"minecraft:brick_slab":584,"minecraft:jungle_planks":88,"minecraft:jungle_slab":16,"minecraft:orange_wool":594,"minecraft:allium":4,"minecraft:pink_terracotta":84,"minecraft:acacia_sapling":18,"minecraft:snowball":26,"minecraft:stripped_spruce_log":51,"minecraft:honey_bottle":16,"minecraft:glass":10,"minecraft:packed_ice":359,"minecraft:honey_block":9,"minecraft:cyan_terracotta":84,"minecraft:lava_bucket":383,"minecraft:stripped_dark_oak_wood":289,"minecraft:bricks":1054,"minecraft:quartz_pillar":1,"minecraft:villager_spawn_egg":5,"minecraft:red_wool":87,"minecraft:spruce_wood":145,"minecraft:quartz_slab":2,"minecraft:black_stained_glass_pane":72,"minecraft:lantern":58,"minecraft:grass_block":863,"minecraft:blue_orchid":24,"minecraft:green_wool":329,"minecraft:polished_andesite_stairs":7,"minecraft:polished_blackstone_brick_wall":26,"minecraft:dark_oak_wood":99,"minecraft:snow":27,"minecraft:dark_oak_leaves":401,"minecraft:dark_oak_slab":567,"minecraft:mossy_cobblestone_slab":21,"minecraft:gray_concrete_powder":212,"minecraft:crimson_roots":5,"minecraft:dark_oak_button":22,"minecraft:diorite_wall":8,"minecraft:stone_brick_stairs":121,"minecraft:stone_bricks":322,"minecraft:red_stained_glass_pane":12,"minecraft:item_frame":831,"minecraft:rabbit_stew":4,"minecraft:bedrock":22,"minecraft:repeater":852,"minecraft:golden_sword":2,"minecraft:birch_button":8,"minecraft:birch_trapdoor":60,"minecraft:red_carpet":9,"minecraft:redstone_lamp":39,"minecraft:magma_block":438,"minecraft:bow":317,"minecraft:brown_carpet":76,"minecraft:horn_coral":30,"minecraft:warped_fungus":18,"minecraft:hay_block":27,"minecraft:written_book":1,"minecraft:sweet_berries":23,"minecraft:gold_block":129,"minecraft:egg":11,"minecraft:green_stained_glass_pane":127,"minecraft:dark_prismarine_stairs":10,"minecraft:brown_concrete_powder":5,"minecraft:stripped_spruce_wood":8,"minecraft:dark_oak_stairs":92,"minecraft:diorite":84,"minecraft:end_rod":158,"minecraft:cow_spawn_egg":6,"minecraft:brick_wall":132,"minecraft:spruce_door":1,"minecraft:dropper":318,"minecraft:wither_skeleton_skull":3,"minecraft:stripped_acacia_log":37,"minecraft:stripped_birch_log":15,"minecraft:red_stained_glass":141,"minecraft:acacia_trapdoor":223,"minecraft:chorus_fruit":1,"minecraft:birch_leaves":1439,"minecraft:powered_rail":14,"minecraft:gray_carpet":21,"minecraft:dark_oak_sign":50,"minecraft:blackstone_stairs":11,"minecraft:oak_planks":1656,"minecraft:blackstone":73,"minecraft:ender_pearl":40,"minecraft:cactus":85,"minecraft:lime_concrete_powder":21,"minecraft:mossy_stone_brick_stairs":8,"minecraft:sandstone":96,"minecraft:redstone_block":17,"minecraft:composter":137,"minecraft:blue_bed":1,"minecraft:clay":72,"minecraft:diamond_axe":39,"minecraft:sugar_cane":29,"minecraft:white_wool":145,"minecraft:oak_leaves":2786,"minecraft:cookie":3,"minecraft:brain_coral":43,"minecraft:dark_oak_trapdoor":105,"minecraft:sand":932,"minecraft:light_blue_concrete":130,"minecraft:yellow_terracotta":20,"minecraft:cut_sandstone_slab":22,"minecraft:loom":1,"minecraft:light_gray_terracotta":3,"minecraft:yellow_concrete":830,"minecraft:crossbow":1,"minecraft:sponge":39,"minecraft:note_block":65,"minecraft:lingering_potion":74,"minecraft:stone_brick_wall":330,"minecraft:gray_concrete":215,"minecraft:redstone_torch":47,"minecraft:sticky_piston":60,"minecraft:black_terracotta":30,"minecraft:dead_fire_coral_fan":40,"minecraft:lever":15,"minecraft:green_concrete":49,"minecraft:black_concrete":626,"minecraft:dark_oak_log":48,"minecraft:gray_stained_glass_pane":131,"minecraft:light_gray_concrete":42,"minecraft:birch_slab":18,"minecraft:melon_slice":58,"minecraft:barrier":51,"minecraft:string":4,"minecraft:stone_button":88,"minecraft:red_terracotta":246,"minecraft:polished_granite":172,"minecraft:oak_pressure_plate":1,"minecraft:prismarine_wall":8,"minecraft:gravel":28,"minecraft:polished_andesite_slab":73,"minecraft:soul_lantern":3,"minecraft:blackstone_slab":40,"minecraft:diamond_sword":28,"minecraft:fire_charge":18,"minecraft:stripped_oak_wood":121,"minecraft:crimson_door":1,"minecraft:dark_oak_fence":131,"minecraft:white_stained_glass":538,"minecraft:green_concrete_powder":2356,"minecraft:andesite":264,"minecraft:chain":350,"minecraft:smooth_stone_slab":2044,"minecraft:white_concrete":1087,"minecraft:coarse_dirt":458,"minecraft:bone_meal":2,"minecraft:cobweb":148,"minecraft:experience_bottle":40,"minecraft:gray_stained_glass":163,"minecraft:diorite_stairs":2,"minecraft:oak_trapdoor":180,"minecraft:oak_fence":48,"minecraft:trident":14,"minecraft:enchanting_table":3,"minecraft:netherite_sword":41,"minecraft:rose_bush":15,"minecraft:iron_bars":111,"minecraft:acacia_log":24,"minecraft:dead_bush":8,"minecraft:armor_stand":5,"minecraft:red_concrete":1102,"minecraft:redstone":873,"minecraft:light_gray_carpet":190,"minecraft:light_blue_terracotta":19,"minecraft:stripped_warped_stem":10,"minecraft:spruce_planks":891,"minecraft:ender_chest":2,"minecraft:stripped_birch_wood":287,"minecraft:sandstone_wall":103,"minecraft:netherrack":4,"minecraft:orange_stained_glass":11,"minecraft:anvil":128,"minecraft:target":71,"minecraft:dirt":168,"minecraft:red_nether_brick_slab":313,"minecraft:hopper":446,"minecraft:spruce_stairs":34,"minecraft:cobblestone_wall":66,"minecraft:stone_stairs":4,"minecraft:warped_door":1,"minecraft:golden_shovel":1,"minecraft:polished_granite_slab":25,"minecraft:jungle_trapdoor":60,"minecraft:blue_concrete":1,"minecraft:spruce_fence":56,"minecraft:granite":157,"minecraft:dead_brain_coral_block":16,"minecraft:light_blue_stained_glass":113,"minecraft:polished_diorite":12,"minecraft:fern":2,"minecraft:andesite_wall":208,"minecraft:shroomlight":353,"minecraft:stone_brick_slab":34,"minecraft:red_shulker_box":15,"minecraft:dark_oak_planks":150,"minecraft:sea_lantern":66,"minecraft:light_gray_stained_glass":123,"minecraft:bookshelf":35,"minecraft:oak_stairs":12,"minecraft:iron_axe":407,"minecraft:light_weighted_pressure_plate":22,"minecraft:yellow_stained_glass":260,"minecraft:spruce_button":10,"minecraft:acacia_slab":4,"minecraft:brick_stairs":514,"minecraft:slime_block":141,"minecraft:warped_fence":6,"minecraft:smooth_sandstone":251,"minecraft:crimson_slab":42,"minecraft:polished_blackstone_brick_stairs":38,"minecraft:smooth_quartz":29,"minecraft:totem_of_undying":6,"minecraft:crimson_planks":41,"minecraft:barrel":39,"minecraft:bamboo":13,"minecraft:light_gray_wool":40,"minecraft:basalt":33,"minecraft:glowstone":23,"minecraft:lime_concrete":144,"minecraft:golden_carrot":1,"minecraft:black_stained_glass":228,"minecraft:tall_grass":190,"minecraft:iron_trapdoor":20,"minecraft:soul_soil":15,"minecraft:lime_stained_glass":86,"minecraft:white_stained_glass_pane":85,"minecraft:podzol":3,"minecraft:stone_pressure_plate":38,"minecraft:granite_wall":5,"minecraft:cooked_beef":62,"minecraft:observer":113,"minecraft:orange_terracotta":32,"minecraft:enchanted_golden_apple":3,"minecraft:pumpkin":5,"minecraft:golden_axe":132,"minecraft:water_bucket":1055,"minecraft:light_blue_shulker_box":141,"minecraft:cobblestone_stairs":8,"minecraft:sandstone_stairs":149,"minecraft:prismarine_brick_slab":30,"minecraft:blue_wool":8,"minecraft:birch_planks":58,"minecraft:yellow_shulker_box":13,"minecraft:polished_andesite":592,"minecraft:lime_wool":24,"minecraft:red_nether_bricks":157,"minecraft:andesite_slab":6,"minecraft:smooth_sandstone_slab":340,"minecraft:black_shulker_box":10,"minecraft:cut_sandstone":31,"minecraft:red_mushroom_block":107,"minecraft:spruce_sign":31,"minecraft:cauldron":17,"minecraft:sheep_spawn_egg":2,"minecraft:beacon":3,"minecraft:cobblestone_slab":156,"minecraft:spruce_fence_gate":18,"minecraft:diamond_block":18,"minecraft:lime_terracotta":970,"minecraft:stripped_dark_oak_log":77,"minecraft:terracotta":55,"minecraft:comparator":269,"minecraft:vine":83,"minecraft:dark_prismarine_slab":105,"minecraft:tnt":6,"minecraft:oak_slab":188,"minecraft:crafting_table":7,"minecraft:crimson_trapdoor":17,"minecraft:red_mushroom":2,"minecraft:birch_sign":14,"minecraft:yellow_stained_glass_pane":12,"minecraft:campfire":117,"minecraft:dark_oak_fence_gate":99,"minecraft:fire_coral":103,"minecraft:painting":16,"minecraft:spruce_log":270,"minecraft:warped_planks":8,"minecraft:mushroom_stem":37,"minecraft:dark_oak_door":1,"minecraft:oak_log":8,"minecraft:purple_stained_glass":5,"minecraft:gray_terracotta":92,"minecraft:dark_prismarine":5,"minecraft:piston":7,"minecraft:flower_pot":7,"minecraft:acacia_stairs":36,"minecraft:black_wool":173,"minecraft:apple":44,"minecraft:diamond_shovel":65,"minecraft:stripped_jungle_log":183,"minecraft:command_block":450,"minecraft:oak_button":4,"minecraft:pig_spawn_egg":2,"minecraft:map":2,"minecraft:netherite_axe":6,"minecraft:spruce_pressure_plate":17,"minecraft:jungle_stairs":26,"minecraft:stone_slab":337,"minecraft:spruce_trapdoor":390,"minecraft:yellow_wool":58,"minecraft:crimson_sign":4,"minecraft:stone_axe":200,"minecraft:blue_carpet":15,"minecraft:green_carpet":281,"minecraft:fishing_rod":19,"minecraft:brown_stained_glass_pane":20,"minecraft:green_shulker_box":20,"minecraft:crimson_fungus":38,"minecraft:cobblestone":52,"minecraft:potion":6,"minecraft:crimson_stairs":5,"minecraft:white_banner":24,"minecraft:chain_command_block":103,"minecraft:andesite_stairs":4,"minecraft:red_banner":34,"minecraft:sandstone_slab":4,"minecraft:grass_path":82,"minecraft:magenta_glazed_terracotta":168,"minecraft:repeating_command_block":146,"minecraft:sea_pickle":20,"minecraft:stripped_oak_log":94,"minecraft:kelp":37,"minecraft:gray_wool":260,"minecraft:brown_mushroom_block":78,"minecraft:smooth_stone":1405,"minecraft:splash_potion":62,"minecraft:birch_stairs":22,"minecraft:soul_torch":2,"minecraft:green_stained_glass":615},"minecraft:dropped":{"minecraft:iron_sword":29,"minecraft:repeating_command_block":1,"minecraft:nether_star":3,"minecraft:cooked_porkchop":1,"minecraft:lime_terracotta":1,"minecraft:green_shulker_box":2,"minecraft:red_wool":3,"minecraft:gold_block":2,"minecraft:dirt":1,"minecraft:stone_button":3,"minecraft:packed_ice":1,"minecraft:dark_oak_fence":1,"minecraft:netherite_boots":1,"minecraft:writable_book":5,"minecraft:horn_coral":1,"minecraft:snowball":288,"minecraft:chain":1,"minecraft:sand":4,"minecraft:black_concrete":1,"minecraft:fishing_rod":2,"minecraft:green_stained_glass_pane":1,"minecraft:white_wool":1,"minecraft:note_block":1,"minecraft:iron_nugget":29,"minecraft:silverfish_spawn_egg":4,"minecraft:golden_chestplate":1,"minecraft:netherite_sword":2,"minecraft:blaze_powder":3,"minecraft:chainmail_chestplate":5,"minecraft:tipped_arrow":22,"minecraft:dropper":1,"minecraft:leather_boots":2,"minecraft:spruce_slab":1,"minecraft:arrow":1,"minecraft:chain_command_block":1,"minecraft:written_book":1,"minecraft:oak_leaves":1,"minecraft:splash_potion":2,"minecraft:vine":1,"minecraft:wheat_seeds":7,"minecraft:gray_stained_glass_pane":1,"minecraft:tnt":10,"minecraft:golden_axe":2,"minecraft:iron_helmet":2,"minecraft:dark_prismarine_slab":1,"minecraft:granite":4,"minecraft:command_block":3,"minecraft:grass_block":3,"minecraft:cobweb":6,"minecraft:mossy_cobblestone_slab":2,"minecraft:ink_sac":1,"minecraft:golden_carrot":1,"minecraft:repeater":2,"minecraft:melon_slice":2,"minecraft:diamond_helmet":1,"minecraft:fire_charge":4,"minecraft:potion":3,"minecraft:iron_leggings":1,"minecraft:iron_axe":1,"minecraft:smooth_stone":2,"minecraft:chainmail_leggings":2,"minecraft:string":1,"minecraft:lily_pad":1,"minecraft:redstone":5,"minecraft:bricks":2,"minecraft:zombie_spawn_egg":2,"minecraft:player_head":1,"minecraft:bowl":2,"minecraft:stone_sword":1,"minecraft:blaze_rod":19,"minecraft:smooth_stone_slab":3,"minecraft:sticky_piston":1,"minecraft:clay_ball":11,"minecraft:iron_hoe":19,"minecraft:iron_boots":1,"minecraft:comparator":6,"minecraft:oak_sign":2,"minecraft:diamond_sword":1,"minecraft:stone":2,"minecraft:shield":2,"minecraft:diamond_chestplate":10,"minecraft:spruce_planks":1,"minecraft:andesite":1,"minecraft:fire_coral":2,"minecraft:golden_sword":2,"minecraft:stone_pressure_plate":1,"minecraft:slime_ball":11,"minecraft:green_concrete_powder":3,"minecraft:light_blue_shulker_box":1},"minecraft:crafted":{"minecraft:iron_nugget":1,"minecraft:iron_hoe":5,"minecraft:snowball":1},"minecraft:broken":{"minecraft:iron_boots":4,"minecraft:golden_sword":2,"minecraft:chainmail_chestplate":4,"minecraft:iron_sword":1,"minecraft:bow":4,"minecraft:diamond_sword":2,"minecraft:chainmail_leggings":4,"minecraft:chainmail_helmet":4,"minecraft:golden_axe":6,"minecraft:iron_axe":1,"minecraft:iron_helmet":1,"minecraft:netherite_sword":6},"minecraft:killed":{"minecraft:zombified_piglin":1,"minecraft:spider":10,"minecraft:silverfish":1,"minecraft:piglin_brute":1,"minecraft:piglin":1,"minecraft:pig":4,"minecraft:sheep":2,"minecraft:zombie":2,"minecraft:cow":2,"minecraft:vindicator":1,"minecraft:zoglin":1,"minecraft:horse":4,"minecraft:husk":4,"minecraft:ravager":1,"minecraft:villager":1},"minecraft:mined":{"minecraft:fire":1,"minecraft:dead_bush":1,"minecraft:grass":45,"minecraft:crimson_roots":1,"minecraft:vine":1,"minecraft:chorus_plant":1,"minecraft:honey_block":2,"minecraft:rose_bush":3,"minecraft:tall_grass":38,"minecraft:lily_pad":2},"minecraft:picked_up":{"minecraft:wooden_axe":3,"minecraft:diamond_sword":1,"minecraft:potion":2,"minecraft:golden_sword":1,"minecraft:string":23,"minecraft:smooth_stone_slab":3,"minecraft:sticky_piston":3,"minecraft:oak_sign":11,"minecraft:diamond_leggings":1,"minecraft:smooth_stone":1,"minecraft:comparator":9,"minecraft:spruce_planks":1,"minecraft:white_tulip":2,"minecraft:written_book":1,"minecraft:rose_bush":24,"minecraft:redstone_torch":22,"minecraft:cobblestone_slab":2,"minecraft:melon_slice":117,"minecraft:iron_boots":23,"minecraft:tipped_arrow":27,"minecraft:spruce_pressure_plate":1,"minecraft:stick":63,"minecraft:torch":4,"minecraft:netherite_shovel":1,"minecraft:golden_axe":2,"minecraft:end_crystal":1,"minecraft:green_terracotta":1,"minecraft:cauldron":1,"minecraft:andesite_wall":1,"minecraft:zombie_spawn_egg":1,"minecraft:stone_sword":3,"minecraft:honey_bottle":4,"minecraft:command_block":1,"minecraft:rotten_flesh":6,"minecraft:red_tulip":6,"minecraft:netherite_chestplate":1,"minecraft:blaze_rod":7,"minecraft:snowball":425,"minecraft:leather_chestplate":5,"minecraft:cooked_beef":501,"minecraft:repeater":7,"minecraft:water_bucket":1,"minecraft:green_concrete_powder":6,"minecraft:horn_coral":1,"minecraft:green_shulker_box":1,"minecraft:dirt":1,"minecraft:lantern":7,"minecraft:leather_boots":2,"minecraft:bow":33,"minecraft:wheat_seeds":21,"minecraft:bell":1,"minecraft:diamond_helmet":2,"minecraft:cooked_porkchop":1,"minecraft:sand":9,"minecraft:light_blue_shulker_box":4,"minecraft:stripped_spruce_log":1,"minecraft:ink_sac":64,"minecraft:grass_block":3,"minecraft:slime_block":1,"minecraft:writable_book":3,"minecraft:granite":2,"minecraft:grass":1,"minecraft:spruce_sign":3,"minecraft:spruce_button":3,"minecraft:chainmail_helmet":18,"minecraft:oak_sapling":1,"minecraft:chorus_fruit":4,"minecraft:bricks":1,"minecraft:nether_star":1,"minecraft:lingering_potion":1,"minecraft:fishing_rod":3,"minecraft:coarse_dirt":1,"minecraft:splash_potion":2,"minecraft:clay_ball":74,"minecraft:ladder":1,"minecraft:leather_leggings":1,"minecraft:packed_ice":2,"minecraft:gold_block":1,"minecraft:shield":26,"minecraft:fire_coral":2,"minecraft:jungle_trapdoor":1,"minecraft:oak_trapdoor":1,"minecraft:iron_axe":4,"minecraft:item_frame":125,"minecraft:blue_orchid":1,"minecraft:netherite_sword":1,"minecraft:player_head":33,"minecraft:jungle_sapling":1,"minecraft:iron_nugget":84,"minecraft:birch_sapling":2,"minecraft:spruce_trapdoor":1,"minecraft:egg":1,"minecraft:dark_oak_sapling":2,"minecraft:stone":2,"minecraft:note_block":1,"minecraft:fire_charge":4,"minecraft:white_dye":60,"minecraft:stone_button":8,"minecraft:cookie":11,"minecraft:brown_concrete_powder":2,"minecraft:redstone":12,"minecraft:blue_carpet":1,"minecraft:stone_pressure_plate":5,"minecraft:dark_oak_planks":1,"minecraft:tnt":5,"minecraft:repeating_command_block":1,"minecraft:arrow":1175,"minecraft:diamond_chestplate":6,"minecraft:diamond_boots":1,"minecraft:white_wool":1,"minecraft:leather":2,"minecraft:filled_map":7,"minecraft:bedrock":1,"minecraft:crimson_fungus":12,"minecraft:chainmail_chestplate":20,"minecraft:lily_pad":1,"minecraft:gray_carpet":5,"minecraft:apple":50,"minecraft:silverfish_spawn_egg":4,"minecraft:iron_ingot":53,"minecraft:cobweb":6,"minecraft:tall_grass":1,"minecraft:glass_bottle":7,"minecraft:iron_sword":43,"minecraft:dark_oak_stairs":2,"minecraft:dark_oak_slab":1,"minecraft:sweet_berries":140,"minecraft:red_wool":1,"minecraft:red_banner":2,"minecraft:spider_eye":4,"minecraft:dragon_egg":1,"minecraft:leather_helmet":4,"minecraft:stripped_jungle_log":1,"minecraft:slime_ball":11,"minecraft:stone_axe":25,"minecraft:campfire":1,"minecraft:chainmail_leggings":26,"minecraft:iron_helmet":2,"minecraft:birch_sign":2,"minecraft:ender_pearl":2},"minecraft:custom":{"minecraft:interact_with_crafting_table":11,"minecraft:open_barrel":24,"minecraft:open_shulker_box":909,"minecraft:leave_game":24,"minecraft:time_since_death":13595,"minecraft:damage_resisted":43716,"minecraft:sprint_one_cm":1608876,"minecraft:damage_blocked_by_shield":1139,"minecraft:drop":321,"minecraft:deaths":70,"minecraft:jump":6844,"minecraft:walk_on_water_one_cm":51593,"minecraft:enchant_item":3,"minecraft:interact_with_loom":2,"minecraft:play_one_minute":2372528,"minecraft:sleep_in_bed":1,"minecraft:open_enderchest":3,"minecraft:damage_dealt":15876,"minecraft:interact_with_beacon":1,"minecraft:player_kills":64,"minecraft:crouch_one_cm":245461,"minecraft:inspect_dispenser":4,"minecraft:inspect_dropper":91,"minecraft:interact_with_anvil":9,"minecraft:mob_kills":37,"minecraft:inspect_hopper":65,"minecraft:damage_dealt_resisted":1014,"minecraft:climb_one_cm":5232,"minecraft:walk_one_cm":1605778,"minecraft:damage_dealt_absorbed":352,"minecraft:target_hit":2,"minecraft:sneak_time":217258,"minecraft:walk_under_water_one_cm":159139,"minecraft:tune_noteblock":336,"minecraft:pot_flower":6,"minecraft:time_since_rest":13598,"minecraft:damage_absorbed":558,"minecraft:damage_taken":427694,"minecraft:minecart_one_cm":89616,"minecraft:swim_one_cm":68722,"minecraft:fly_one_cm":27589589,"minecraft:open_chest":46,"minecraft:fall_one_cm":249707}},"DataVersion":2586}