{"stats":{"minecraft:killed_by":{"minecraft:player":14},"minecraft:used":{"minecraft:netherite_sword":2,"minecraft:trident":3,"minecraft:dried_kelp":5,"minecraft:ender_pearl":34,"minecraft:shield":7,"minecraft:iron_sword":1,"minecraft:zombie_spawn_egg":1,"minecraft:diamond_axe":121,"minecraft:golden_apple":9,"minecraft:crossbow":2,"minecraft:lingering_potion":2,"minecraft:snowball":7,"minecraft:honey_bottle":12,"minecraft:apple":81,"minecraft:iron_axe":119,"minecraft:melon_slice":2,"minecraft:map":2,"minecraft:totem_of_undying":3,"minecraft:diamond_sword":3,"minecraft:golden_carrot":8,"minecraft:fishing_rod":3,"minecraft:bow":6,"minecraft:potion":30,"minecraft:pumpkin_pie":4,"minecraft:egg":9,"minecraft:cooked_beef":60,"minecraft:enchanted_golden_apple":2,"minecraft:splash_potion":55,"minecraft:experience_bottle":114},"minecraft:dropped":{"minecraft:iron_sword":3,"minecraft:stone_axe":1,"minecraft:sweet_berries":2,"minecraft:wheat_seeds":5,"minecraft:diamond_axe":2,"minecraft:lapis_lazuli":45,"minecraft:player_head":2,"minecraft:blaze_rod":20,"minecraft:tnt":15,"minecraft:glass_bottle":39,"minecraft:netherite_sword":1,"minecraft:diamond_leggings":2,"minecraft:netherite_chestplate":1,"minecraft:netherite_helmet":2,"minecraft:golden_axe":1,"minecraft:iron_helmet":4,"minecraft:cookie":4,"minecraft:rotten_flesh":9,"minecraft:iron_boots":11,"minecraft:apple":13,"minecraft:blaze_powder":3,"minecraft:honey_bottle":1,"minecraft:totem_of_undying":1,"minecraft:chainmail_chestplate":8,"minecraft:tipped_arrow":33,"minecraft:shield":7,"minecraft:ink_sac":13,"minecraft:diamond_chestplate":8,"minecraft:lingering_potion":4,"minecraft:melon_slice":9,"minecraft:netherite_boots":1,"minecraft:diamond_helmet":2,"minecraft:wooden_shovel":2,"minecraft:fire_charge":4,"minecraft:potion":1,"minecraft:iron_leggings":3,"minecraft:arrow":67,"minecraft:diamond_boots":2,"minecraft:iron_axe":6,"minecraft:bow":1,"minecraft:chainmail_leggings":11,"minecraft:fishing_rod":1,"minecraft:splash_potion":4,"minecraft:light_blue_shulker_box":2,"minecraft:egg":3},"minecraft:broken":{"minecraft:iron_sword":1,"minecraft:bow":5,"minecraft:diamond_sword":3,"minecraft:netherite_sword":2},"minecraft:killed":{"minecraft:zoglin":2,"minecraft:zombie":2},"minecraft:picked_up":{"minecraft:fishing_rod":2,"minecraft:splash_potion":2,"minecraft:cooked_beef":4,"minecraft:chainmail_chestplate":2,"minecraft:shield":4,"minecraft:map":1,"minecraft:iron_axe":3,"minecraft:iron_leggings":1,"minecraft:apple":22,"minecraft:wheat_seeds":5,"minecraft:netherite_sword":1,"minecraft:player_head":2,"minecraft:glass_bottle":3,"minecraft:wooden_shovel":1,"minecraft:diamond_helmet":1,"minecraft:enchanted_golden_apple":3,"minecraft:melon_slice":9,"minecraft:iron_sword":2,"minecraft:iron_boots":2,"minecraft:egg":1,"minecraft:tipped_arrow":6,"minecraft:sweet_berries":2,"minecraft:fire_charge":1,"minecraft:golden_axe":2,"minecraft:light_blue_shulker_box":2,"minecraft:ink_sac":7,"minecraft:trident":1,"minecraft:rotten_flesh":9,"minecraft:arrow":27,"minecraft:diamond_chestplate":1,"minecraft:stone_axe":1,"minecraft:netherite_helmet":2,"minecraft:chainmail_leggings":1,"minecraft:iron_helmet":2,"minecraft:crossbow":1,"minecraft:diamond_axe":3,"minecraft:netherite_chestplate":1,"minecraft:blaze_rod":10,"minecraft:snowball":1},"minecraft:custom":{"minecraft:mob_kills":4,"minecraft:interact_with_anvil":7,"minecraft:play_one_minute":139321,"minecraft:open_shulker_box":474,"minecraft:damage_dealt_resisted":61,"minecraft:leave_game":1,"minecraft:time_since_death":1384,"minecraft:damage_resisted":1967,"minecraft:climb_one_cm":330,"minecraft:time_since_rest":1388,"minecraft:sprint_one_cm":1241956,"minecraft:damage_taken":14027,"minecraft:walk_one_cm":470204,"minecraft:damage_absorbed":653,"minecraft:damage_blocked_by_shield":414,"minecraft:drop":220,"minecraft:damage_dealt":12029,"minecraft:damage_dealt_absorbed":680,"minecraft:swim_one_cm":13131,"minecraft:fly_one_cm":728847,"minecraft:player_kills":58,"minecraft:open_chest":2,"minecraft:crouch_one_cm":16105,"minecraft:deaths":20,"minecraft:sneak_time":3718,"minecraft:walk_under_water_one_cm":1350,"minecraft:jump":2605,"minecraft:walk_on_water_one_cm":2089,"minecraft:enchant_item":5,"minecraft:fall_one_cm":74241}},"DataVersion":2586}