{"stats":{"minecraft:killed":{"minecraft:zombie":1},"minecraft:killed_by":{"minecraft:player":2},"minecraft:broken":{"minecraft:golden_axe":1,"minecraft:iron_axe":1,"minecraft:iron_boots":1,"minecraft:iron_helmet":1,"minecraft:trident":1,"minecraft:bow":1},"minecraft:picked_up":{"minecraft:lingering_potion":1,"minecraft:fishing_rod":1,"minecraft:netherite_boots":2,"minecraft:cooked_beef":24,"minecraft:splash_potion":5,"minecraft:turtle_helmet":1,"minecraft:filled_map":1,"minecraft:potion":2,"minecraft:chainmail_chestplate":7,"minecraft:lily_pad":1,"minecraft:shield":10,"minecraft:netherite_leggings":2,"minecraft:lapis_lazuli":9,"minecraft:dirt":2,"minecraft:iron_axe":3,"minecraft:iron_leggings":2,"minecraft:experience_bottle":10,"minecraft:apple":19,"minecraft:bow":1,"minecraft:wheat_seeds":7,"minecraft:silverfish_spawn_egg":9,"minecraft:netherite_axe":1,"minecraft:player_head":6,"minecraft:glass_bottle":5,"minecraft:diamond_helmet":1,"minecraft:melon_slice":7,"minecraft:iron_sword":7,"minecraft:iron_boots":9,"minecraft:egg":1,"minecraft:tipped_arrow":4,"minecraft:fire_charge":6,"minecraft:golden_axe":4,"minecraft:light_blue_shulker_box":3,"minecraft:green_stained_glass":1,"minecraft:ink_sac":10,"minecraft:trident":3,"minecraft:spectral_arrow":6,"minecraft:honey_bottle":9,"minecraft:arrow":113,"minecraft:diamond_chestplate":5,"minecraft:netherite_helmet":1,"minecraft:honey_block":2,"minecraft:chainmail_leggings":5,"minecraft:iron_helmet":6,"minecraft:diamond_axe":3,"minecraft:netherite_chestplate":2,"minecraft:blaze_powder":2,"minecraft:ender_pearl":10},"minecraft:custom":{"minecraft:interact_with_furnace":1,"minecraft:mob_kills":1,"minecraft:interact_with_anvil":1,"minecraft:play_one_minute":107074,"minecraft:open_shulker_box":219,"minecraft:damage_dealt_resisted":18,"minecraft:leave_game":6,"minecraft:time_since_death":70341,"minecraft:climb_one_cm":771,"minecraft:damage_resisted":911,"minecraft:time_since_rest":70361,"minecraft:sprint_one_cm":682498,"minecraft:damage_absorbed":65,"minecraft:damage_taken":3836,"minecraft:walk_one_cm":367760,"minecraft:damage_blocked_by_shield":603,"minecraft:drop":138,"minecraft:damage_dealt":2291,"minecraft:damage_dealt_absorbed":78,"minecraft:swim_one_cm":38680,"minecraft:fly_one_cm":480371,"minecraft:player_kills":7,"minecraft:open_chest":4,"minecraft:crouch_one_cm":6721,"minecraft:deaths":5,"minecraft:sneak_time":2562,"minecraft:walk_under_water_one_cm":12659,"minecraft:jump":1793,"minecraft:walk_on_water_one_cm":3118,"minecraft:enchant_item":1,"minecraft:fall_one_cm":38256},"minecraft:used":{"minecraft:trident":8,"minecraft:silverfish_spawn_egg":7,"minecraft:ender_pearl":5,"minecraft:shield":35,"minecraft:iron_sword":133,"minecraft:diamond_axe":58,"minecraft:golden_apple":3,"minecraft:dirt":4,"minecraft:crossbow":1,"minecraft:lingering_potion":3,"minecraft:snowball":2,"minecraft:apple":2,"minecraft:light_gray_stained_glass":4,"minecraft:iron_axe":265,"minecraft:netherite_axe":17,"minecraft:fishing_rod":6,"minecraft:golden_carrot":8,"minecraft:bow":12,"minecraft:egg":1,"minecraft:cooked_beef":26,"minecraft:splash_potion":3,"minecraft:golden_axe":16,"minecraft:experience_bottle":16},"minecraft:dropped":{"minecraft:iron_sword":11,"minecraft:zombie_spawn_egg":1,"minecraft:compass":2,"minecraft:silverfish_spawn_egg":7,"minecraft:wheat_seeds":6,"minecraft:diamond_axe":4,"minecraft:lapis_lazuli":1,"minecraft:player_head":3,"minecraft:tnt":1,"minecraft:netherite_axe":1,"minecraft:netherite_helmet":2,"minecraft:experience_bottle":9,"minecraft:netherite_chestplate":2,"minecraft:crossbow":1,"minecraft:golden_axe":5,"minecraft:iron_helmet":3,"minecraft:spectral_arrow":13,"minecraft:iron_boots":5,"minecraft:enchanted_golden_apple":1,"minecraft:blaze_powder":4,"minecraft:honey_bottle":2,"minecraft:netherite_leggings":3,"minecraft:chainmail_chestplate":7,"minecraft:dirt":1,"minecraft:turtle_helmet":1,"minecraft:shield":10,"minecraft:trident":6,"minecraft:ink_sac":9,"minecraft:diamond_chestplate":9,"minecraft:iron_chestplate":1,"minecraft:honey_block":1,"minecraft:lingering_potion":2,"minecraft:netherite_boots":2,"minecraft:potion":2,"minecraft:fire_charge":5,"minecraft:iron_leggings":2,"minecraft:iron_axe":3,"minecraft:arrow":6,"minecraft:bow":1,"minecraft:chainmail_leggings":2,"minecraft:fishing_rod":2,"minecraft:splash_potion":3,"minecraft:light_blue_shulker_box":3,"minecraft:egg":1}},"DataVersion":2586}