{"stats":{"minecraft:killed":{"minecraft:spider":2,"minecraft:slime":812,"minecraft:silverfish":4,"minecraft:sheep":53,"minecraft:zombie":7,"minecraft:villager":64},"minecraft:killed_by":{"minecraft:player":17,"minecraft:spider":2,"minecraft:zombie":1},"minecraft:broken":{"minecraft:golden_sword":1,"minecraft:iron_sword":1,"minecraft:bow":13,"minecraft:netherite_sword":1},"minecraft:picked_up":{"minecraft:splash_potion":1,"minecraft:gold_block":64,"minecraft:string":2,"minecraft:experience_bottle":18,"minecraft:redstone_torch":3,"minecraft:player_head":55,"minecraft:observer":1,"minecraft:poppy":2,"minecraft:light_gray_wool":1,"minecraft:enchanted_golden_apple":16,"minecraft:smooth_quartz_stairs":1,"minecraft:tipped_arrow":52,"minecraft:villager_spawn_egg":1,"minecraft:stone_button":4,"minecraft:redstone":39,"minecraft:stone_pressure_plate":4,"minecraft:arrow":1,"minecraft:rotten_flesh":68,"minecraft:blue_glazed_terracotta":3,"minecraft:tropical_fish":10,"minecraft:mutton":58,"minecraft:blaze_powder":1,"minecraft:white_wool":34,"minecraft:leather_chestplate":1,"minecraft:feather":2,"minecraft:cooked_beef":20,"minecraft:repeater":9,"minecraft:tripwire_hook":2,"minecraft:brown_wool":2,"minecraft:cut_sandstone":1,"minecraft:potato":1,"minecraft:netherite_leggings":1,"minecraft:lapis_lazuli":67,"minecraft:dirt":2,"minecraft:glass":1,"minecraft:kelp":484,"minecraft:bow":1,"minecraft:glass_bottle":7,"minecraft:iron_sword":2,"minecraft:ghast_tear":1,"minecraft:grass_block":1,"minecraft:loom":1,"minecraft:diamond_block":82,"minecraft:dark_oak_fence_gate":1,"minecraft:spider_eye":1,"minecraft:leather_helmet":1,"minecraft:slime_ball":4517,"minecraft:polished_diorite":64,"minecraft:slime_block":4,"minecraft:polished_blackstone_pressure_plate":1,"minecraft:lever":5,"minecraft:blue_ice":1,"minecraft:gray_wool":2,"minecraft:spruce_sign":1,"minecraft:black_wool":3,"minecraft:netherite_hoe":128,"minecraft:ender_pearl":3},"minecraft:custom":{"minecraft:interact_with_anvil":2,"minecraft:mob_kills":949,"minecraft:inspect_hopper":38,"minecraft:open_barrel":11,"minecraft:fill_cauldron":5,"minecraft:open_shulker_box":184,"minecraft:damage_dealt_resisted":73,"minecraft:leave_game":12,"minecraft:time_since_death":49863,"minecraft:damage_resisted":4047,"minecraft:climb_one_cm":11432,"minecraft:sprint_one_cm":1164370,"minecraft:walk_one_cm":1220849,"minecraft:damage_blocked_by_shield":458,"minecraft:drop":275,"minecraft:damage_dealt_absorbed":813,"minecraft:talked_to_villager":18,"minecraft:deaths":25,"minecraft:sneak_time":39522,"minecraft:walk_under_water_one_cm":258577,"minecraft:interact_with_lectern":2,"minecraft:jump":2921,"minecraft:walk_on_water_one_cm":87888,"minecraft:enchant_item":6,"minecraft:interact_with_furnace":1,"minecraft:play_one_minute":839641,"minecraft:interact_with_loom":2,"minecraft:time_since_rest":49868,"minecraft:damage_taken":10165,"minecraft:damage_absorbed":673,"minecraft:damage_dealt":50588,"minecraft:minecart_one_cm":124,"minecraft:swim_one_cm":51202,"minecraft:fly_one_cm":6463320,"minecraft:player_kills":4,"minecraft:open_chest":150,"minecraft:crouch_one_cm":55987,"minecraft:interact_with_smoker":3,"minecraft:fall_one_cm":128116,"minecraft:inspect_dispenser":48},"minecraft:used":{"minecraft:petrified_oak_slab":8,"minecraft:nether_brick_fence":6,"minecraft:trident":16,"minecraft:netherite_sword":563,"minecraft:iron_bars":1,"minecraft:flint_and_steel":6,"minecraft:smooth_quartz_slab":4,"minecraft:carved_pumpkin":22,"minecraft:dispenser":8,"minecraft:redstone":320,"minecraft:ladder":12,"minecraft:oak_sign":1,"minecraft:chest":45,"minecraft:shield":5,"minecraft:stone":48,"minecraft:iron_sword":62,"minecraft:zombie_spawn_egg":6,"minecraft:warped_sign":12,"minecraft:quartz_stairs":38,"minecraft:player_head":63,"minecraft:netherrack":2,"minecraft:green_glazed_terracotta":7,"minecraft:spruce_leaves":2,"minecraft:soul_campfire":24,"minecraft:dirt":45,"minecraft:soul_sand":70,"minecraft:anvil":2,"minecraft:hopper":49,"minecraft:orange_glazed_terracotta":6,"minecraft:stone_stairs":8,"minecraft:light_gray_glazed_terracotta":15,"minecraft:snowball":4,"minecraft:stripped_spruce_log":3,"minecraft:obsidian":181,"minecraft:shroomlight":34,"minecraft:glass":257,"minecraft:lava_bucket":2,"minecraft:light_gray_stained_glass":34,"minecraft:quartz_pillar":229,"minecraft:villager_spawn_egg":85,"minecraft:quartz_slab":68,"minecraft:grass_block":63,"minecraft:iron_block":88,"minecraft:iron_axe":22,"minecraft:slime_block":45,"minecraft:smooth_sandstone":55,"minecraft:quartz_block":224,"minecraft:chicken_spawn_egg":30,"minecraft:netherite_hoe":18,"minecraft:smooth_quartz":2,"minecraft:totem_of_undying":5,"minecraft:stone_bricks":5,"minecraft:slime_spawn_egg":39,"minecraft:blaze_spawn_egg":1,"minecraft:birch_trapdoor":3,"minecraft:tripwire_hook":6,"minecraft:repeater":123,"minecraft:golden_sword":1,"minecraft:basalt":3,"minecraft:bow":116,"minecraft:glowstone":15,"minecraft:lime_concrete":929,"minecraft:magma_block":117,"minecraft:gray_glazed_terracotta":39,"minecraft:yellow_glazed_terracotta":9,"minecraft:lime_stained_glass":1407,"minecraft:drowned_spawn_egg":14,"minecraft:egg":2,"minecraft:stone_pressure_plate":12,"minecraft:cooked_beef":26,"minecraft:observer":8,"minecraft:enchanted_golden_apple":2,"minecraft:light_gray_bed":3,"minecraft:lime_glazed_terracotta":5,"minecraft:quartz_bricks":268,"minecraft:water_bucket":280,"minecraft:light_blue_glazed_terracotta":5,"minecraft:pink_glazed_terracotta":9,"minecraft:spruce_door":1,"minecraft:birch_leaves":1,"minecraft:powered_rail":52,"minecraft:ender_pearl":24,"minecraft:purple_glazed_terracotta":8,"minecraft:cut_sandstone":271,"minecraft:black_glazed_terracotta":8,"minecraft:spruce_sign":1,"minecraft:cauldron":5,"minecraft:sheep_spawn_egg":48,"minecraft:red_glazed_terracotta":35,"minecraft:smooth_quartz_stairs":58,"minecraft:polished_blackstone_pressure_plate":7,"minecraft:golden_apple":2,"minecraft:terracotta":49,"minecraft:rail":65,"minecraft:comparator":3,"minecraft:cyan_glazed_terracotta":14,"minecraft:loom":2,"minecraft:phantom_spawn_egg":10,"minecraft:crossbow":4,"minecraft:blue_ice":33,"minecraft:chiseled_quartz_block":129,"minecraft:dark_oak_fence_gate":255,"minecraft:lingering_potion":2,"minecraft:gray_concrete":2,"minecraft:brown_glazed_terracotta":9,"minecraft:spruce_log":12,"minecraft:redstone_torch":58,"minecraft:sticky_piston":44,"minecraft:dead_fire_coral_fan":3,"minecraft:piston":14,"minecraft:green_concrete":13,"minecraft:lever":35,"minecraft:blue_glazed_terracotta":96,"minecraft:black_concrete":32,"minecraft:gray_stained_glass_pane":4,"minecraft:light_gray_concrete":24,"minecraft:stone_button":21,"minecraft:netherite_axe":1,"minecraft:lectern":4,"minecraft:white_glazed_terracotta":5,"minecraft:iron_door":8,"minecraft:gravel":1,"minecraft:stone_axe":9,"minecraft:diamond_sword":2,"minecraft:cod_spawn_egg":2,"minecraft:potion":13,"minecraft:dark_oak_fence":39,"minecraft:white_stained_glass":1064,"minecraft:andesite":8,"minecraft:chain":9,"minecraft:magenta_glazed_terracotta":6,"minecraft:smooth_stone_slab":1697,"minecraft:polished_blackstone_button":5,"minecraft:tropical_fish_bucket":22,"minecraft:white_concrete":564,"minecraft:kelp":273,"minecraft:smooth_stone":1223,"minecraft:bone_meal":1,"minecraft:splash_potion":27,"minecraft:experience_bottle":200,"minecraft:green_stained_glass":15},"minecraft:dropped":{"minecraft:spruce_sign":1,"minecraft:cooked_beef":12,"minecraft:tnt":1,"minecraft:loom":1,"minecraft:glass_bottle":5,"minecraft:nether_star":256,"minecraft:smooth_quartz_stairs":1,"minecraft:spectral_arrow":7,"minecraft:observer":1,"minecraft:tropical_fish":3,"minecraft:grass_block":3,"minecraft:leather_helmet":1,"minecraft:gold_block":128,"minecraft:dirt":1,"minecraft:gray_wool":1,"minecraft:ink_sac":5,"minecraft:mutton":28,"minecraft:repeater":2,"minecraft:cut_sandstone":1,"minecraft:bone_meal":2,"minecraft:blue_glazed_terracotta":7,"minecraft:white_wool":21,"minecraft:redstone":3,"minecraft:polished_diorite":64,"minecraft:lever":1,"minecraft:zombie_spawn_egg":1,"minecraft:netherite_hoe":60,"minecraft:diamond_block":74,"minecraft:player_head":2,"minecraft:blaze_rod":5,"minecraft:lime_concrete":1,"minecraft:sticky_piston":2,"minecraft:netherite_sword":1,"minecraft:obsidian":1,"minecraft:enchanted_golden_apple":16,"minecraft:light_gray_wool":1,"minecraft:villager_spawn_egg":2,"minecraft:slime_block":7,"minecraft:green_concrete":1,"minecraft:warped_sign":1,"minecraft:blaze_powder":2,"minecraft:dark_oak_fence_gate":1,"minecraft:mushroom_stem":1,"minecraft:filled_map":1,"minecraft:tipped_arrow":100,"minecraft:netherite_block":64,"minecraft:hopper":1,"minecraft:glowstone":1,"minecraft:blue_ice":1,"minecraft:redstone_torch":1,"minecraft:stone_pressure_plate":2,"minecraft:dead_fire_coral_fan":1,"minecraft:slime_ball":3669,"minecraft:arrow":56,"minecraft:glass":2,"minecraft:white_stained_glass":1,"minecraft:oak_leaves":1,"minecraft:black_wool":1,"minecraft:egg":144}},"DataVersion":2586}