{"stats":{"minecraft:killed_by":{"minecraft:zombie":1,"minecraft:player":26},"minecraft:used":{"minecraft:light_blue_stained_glass_pane":204,"minecraft:blue_terracotta":104,"minecraft:light_gray_stained_glass_pane":79,"minecraft:smooth_quartz_slab":569,"minecraft:spruce_slab":1508,"minecraft:dispenser":2,"minecraft:poppy":1,"minecraft:ladder":42,"minecraft:oak_sign":9,"minecraft:green_banner":2,"minecraft:chest":18,"minecraft:shield":4,"minecraft:white_terracotta":226,"minecraft:stone":5,"minecraft:iron_sword":46,"minecraft:zombie_spawn_egg":1,"minecraft:creeper_head":2,"minecraft:white_shulker_box":6,"minecraft:quartz_stairs":8,"minecraft:bell":3,"minecraft:player_head":7,"minecraft:green_terracotta":21,"minecraft:chiseled_red_sandstone":5,"minecraft:lily_of_the_valley":2,"minecraft:blue_stained_glass":22,"minecraft:allium":1,"minecraft:cyan_wool":38,"minecraft:snowball":1,"minecraft:honey_bottle":20,"minecraft:stripped_spruce_log":2603,"minecraft:milk_bucket":3,"minecraft:obsidian":109,"minecraft:honey_block":1,"minecraft:cyan_terracotta":87,"minecraft:stripped_dark_oak_wood":121,"minecraft:quartz_pillar":191,"minecraft:quartz_slab":154,"minecraft:red_wool":28,"minecraft:lantern":411,"minecraft:grass_block":538,"minecraft:blue_orchid":1,"minecraft:quartz_block":5,"minecraft:orange_shulker_box":1,"minecraft:green_wool":19,"minecraft:dark_oak_slab":268,"minecraft:gray_concrete_powder":31,"minecraft:tropical_fish_spawn_egg":60,"minecraft:dark_oak_button":13,"minecraft:stone_brick_stairs":24,"minecraft:stone_bricks":259,"minecraft:blue_banner":6,"minecraft:item_frame":35,"minecraft:bedrock":4,"minecraft:birch_button":19,"minecraft:birch_trapdoor":7,"minecraft:dolphin_spawn_egg":5,"minecraft:red_carpet":25,"minecraft:repeater":4,"minecraft:redstone_lamp":4,"minecraft:bow":38,"minecraft:written_book":81,"minecraft:sweet_berries":21,"minecraft:furnace":16,"minecraft:acacia_fence":28,"minecraft:skeleton_skull":1,"minecraft:egg":4,"minecraft:dragon_head":1,"minecraft:dark_prismarine_stairs":168,"minecraft:dark_oak_stairs":100,"minecraft:end_rod":24,"minecraft:spruce_door":10,"minecraft:wither_skeleton_skull":6,"minecraft:stripped_birch_log":7,"minecraft:birch_leaves":218,"minecraft:dark_oak_sign":118,"minecraft:acacia_trapdoor":100,"minecraft:gray_carpet":2,"minecraft:oak_planks":67,"minecraft:ender_pearl":3,"minecraft:redstone_block":8,"minecraft:blue_bed":3,"minecraft:oak_leaves":266,"minecraft:smooth_quartz_stairs":101,"minecraft:white_wool":40,"minecraft:golden_apple":2,"minecraft:dark_oak_trapdoor":36,"minecraft:sand":6,"minecraft:yellow_terracotta":331,"minecraft:light_blue_concrete":6,"minecraft:loom":11,"minecraft:smooth_red_sandstone":22,"minecraft:light_gray_terracotta":100,"minecraft:crossbow":1,"minecraft:sponge":158,"minecraft:chiseled_quartz_block":2,"minecraft:lingering_potion":61,"minecraft:stone_brick_wall":90,"minecraft:gray_concrete":24,"minecraft:red_sandstone_wall":24,"minecraft:redstone_torch":26,"minecraft:sticky_piston":2,"minecraft:dead_fire_coral_fan":1,"minecraft:lever":13,"minecraft:green_concrete":1,"minecraft:black_concrete":65,"minecraft:firework_rocket":19,"minecraft:dark_oak_log":44,"minecraft:gray_stained_glass_pane":125,"minecraft:zombie_head":2,"minecraft:cyan_bed":5,"minecraft:stone_button":13,"minecraft:warped_slab":21,"minecraft:cyan_carpet":28,"minecraft:iron_door":8,"minecraft:prismarine_wall":2,"minecraft:diamond_sword":16,"minecraft:smooth_red_sandstone_slab":49,"minecraft:fire_charge":17,"minecraft:grindstone":2,"minecraft:stripped_oak_wood":270,"minecraft:smithing_table":1,"minecraft:dark_oak_fence":149,"minecraft:white_stained_glass":6,"minecraft:andesite":3,"minecraft:chain":43,"minecraft:smooth_stone_slab":13,"minecraft:coarse_dirt":259,"minecraft:experience_bottle":41,"minecraft:oak_fence":2,"minecraft:trident":45,"minecraft:netherite_sword":3,"minecraft:iron_bars":105,"minecraft:armor_stand":12,"minecraft:red_concrete":2,"minecraft:pufferfish_spawn_egg":6,"minecraft:redstone":85,"minecraft:light_blue_terracotta":143,"minecraft:light_gray_carpet":136,"minecraft:spruce_planks":746,"minecraft:ender_chest":1,"minecraft:stripped_birch_wood":495,"minecraft:netherrack":7,"minecraft:oak_door":1,"minecraft:brewing_stand":1,"minecraft:target":3,"minecraft:anvil":73,"minecraft:white_carpet":20,"minecraft:spruce_stairs":347,"minecraft:yellow_carpet":9,"minecraft:pink_carpet":10,"minecraft:spruce_fence":51,"minecraft:light_blue_stained_glass":228,"minecraft:shroomlight":27,"minecraft:dark_oak_planks":104,"minecraft:sea_lantern":41,"minecraft:red_tulip":1,"minecraft:bookshelf":150,"minecraft:light_gray_stained_glass":66,"minecraft:yellow_stained_glass":1,"minecraft:iron_block":523,"minecraft:iron_axe":149,"minecraft:spruce_button":118,"minecraft:smooth_sandstone":34,"minecraft:smooth_quartz":319,"minecraft:totem_of_undying":1,"minecraft:barrel":79,"minecraft:bamboo":1,"minecraft:yellow_concrete_powder":44,"minecraft:light_gray_wool":38,"minecraft:tripwire_hook":1,"minecraft:glowstone":5,"minecraft:iron_trapdoor":225,"minecraft:dark_oak_pressure_plate":6,"minecraft:white_stained_glass_pane":6,"minecraft:cyan_banner":2,"minecraft:cooked_beef":31,"minecraft:orange_terracotta":6,"minecraft:enchanted_golden_apple":5,"minecraft:golden_axe":16,"minecraft:turtle_spawn_egg":25,"minecraft:quartz_bricks":135,"minecraft:water_bucket":89,"minecraft:birch_planks":220,"minecraft:polished_andesite":24,"minecraft:blue_wool":8,"minecraft:cauldron":8,"minecraft:stonecutter":1,"minecraft:rail":5,"minecraft:diamond_block":1,"minecraft:light_gray_banner":23,"minecraft:orange_carpet":9,"minecraft:lime_terracotta":117,"minecraft:terracotta":31,"minecraft:tnt":102,"minecraft:dark_prismarine_slab":1014,"minecraft:crafting_table":3,"minecraft:campfire":4,"minecraft:dark_oak_fence_gate":31,"minecraft:painting":129,"minecraft:warped_planks":204,"minecraft:smoker":3,"minecraft:smooth_red_sandstone_stairs":86,"minecraft:cake":6,"minecraft:spruce_log":83,"minecraft:blue_stained_glass_pane":5,"minecraft:piston":4,"minecraft:netherite_block":1,"minecraft:dark_prismarine":309,"minecraft:flower_pot":16,"minecraft:cornflower":4,"minecraft:oxeye_daisy":3,"minecraft:warped_trapdoor":90,"minecraft:detector_rail":12,"minecraft:magenta_concrete":3,"minecraft:spruce_trapdoor":525,"minecraft:crimson_nylium":1,"minecraft:stone_axe":7,"minecraft:blue_carpet":11,"minecraft:green_carpet":15,"minecraft:fishing_rod":1,"minecraft:cod_spawn_egg":48,"minecraft:cobblestone":710,"minecraft:potion":6,"minecraft:white_banner":40,"minecraft:cooked_porkchop":2,"minecraft:red_banner":1,"minecraft:glass_pane":152,"minecraft:brown_mushroom_block":136,"minecraft:jukebox":1,"minecraft:splash_potion":20,"minecraft:green_stained_glass":1,"minecraft:birch_stairs":16},"minecraft:dropped":{"minecraft:soul_sand":1,"minecraft:piston":1,"minecraft:lapis_lazuli":18,"minecraft:glass_bottle":5,"minecraft:lantern":1,"minecraft:netherite_boots":1,"minecraft:snowball":71,"minecraft:black_concrete":1,"minecraft:stone_axe":1,"minecraft:lever":1,"minecraft:rotten_flesh":33,"minecraft:yellow_stained_glass":1,"minecraft:chainmail_chestplate":2,"minecraft:lingering_potion":12,"minecraft:oak_leaves":1,"minecraft:orange_shulker_box":1,"minecraft:gray_stained_glass_pane":1,"minecraft:tnt":3,"minecraft:minecart":1,"minecraft:oak_fence":1,"minecraft:iron_helmet":1,"minecraft:chainmail_helmet":1,"minecraft:grass_block":1,"minecraft:ink_sac":2,"minecraft:fire_charge":1,"minecraft:potion":1,"minecraft:iron_axe":1,"minecraft:cactus":3,"minecraft:chainmail_leggings":2,"minecraft:string":5,"minecraft:blue_carpet":1,"minecraft:red_concrete":1,"minecraft:zombie_spawn_egg":1,"minecraft:sweet_berries":1,"minecraft:player_head":322,"minecraft:iron_boots":6,"minecraft:iron_hoe":2,"minecraft:magenta_concrete":1,"minecraft:oak_sign":1,"minecraft:filled_map":2,"minecraft:shield":1,"minecraft:barrel":1,"minecraft:slime_ball":37,"minecraft:light_blue_terracotta":1},"minecraft:crafted":{"minecraft:leather_chestplate":1,"minecraft:leather_leggings":1,"minecraft:leather_boots":1},"minecraft:broken":{"minecraft:iron_boots":3,"minecraft:chainmail_chestplate":3,"minecraft:bow":1,"minecraft:chainmail_leggings":3,"minecraft:golden_axe":1,"minecraft:iron_helmet":3,"minecraft:netherite_sword":3},"minecraft:killed":{"minecraft:spider":3,"minecraft:silverfish":3,"minecraft:ender_dragon":1,"minecraft:zombie":6},"minecraft:picked_up":{"minecraft:wooden_axe":2,"minecraft:diamond_sword":1,"minecraft:string":16,"minecraft:redstone_torch":1,"minecraft:enchanted_golden_apple":2,"minecraft:iron_boots":2,"minecraft:orange_shulker_box":5,"minecraft:torch":2,"minecraft:shulker_spawn_egg":2,"minecraft:gray_stained_glass_pane":1,"minecraft:rotten_flesh":256,"minecraft:cactus":3,"minecraft:iron_block":1,"minecraft:snowball":64,"minecraft:blaze_powder":1,"minecraft:leather_chestplate":1,"minecraft:cooked_beef":15,"minecraft:iron_door":3,"minecraft:beacon":1,"minecraft:potato":1,"minecraft:lapis_lazuli":18,"minecraft:dirt":3,"minecraft:lantern":22,"minecraft:leather_boots":1,"minecraft:bow":4,"minecraft:wheat_seeds":219,"minecraft:dark_oak_sign":9,"minecraft:bamboo":3,"minecraft:oak_pressure_plate":1,"minecraft:stripped_spruce_log":2,"minecraft:grass_block":3,"minecraft:barrel":1,"minecraft:iron_hoe":1,"minecraft:light_blue_terracotta":1,"minecraft:black_concrete":1,"minecraft:lever":2,"minecraft:spruce_button":1,"minecraft:chainmail_helmet":2,"minecraft:light_gray_carpet":7,"minecraft:lingering_potion":18,"minecraft:fishing_rod":1,"minecraft:azure_bluet":44,"minecraft:splash_potion":126,"minecraft:ladder":3,"minecraft:leather_leggings":1,"minecraft:dragon_head":1,"minecraft:shield":2,"minecraft:cornflower":35,"minecraft:item_frame":4,"minecraft:white_carpet":23,"minecraft:player_head":25,"minecraft:poppy":32,"minecraft:piston":3,"minecraft:fire_charge":1,"minecraft:stone_button":2,"minecraft:redstone":4,"minecraft:blue_carpet":2,"minecraft:tnt":210,"minecraft:repeating_command_block":1,"minecraft:arrow":68,"minecraft:white_wool":1,"minecraft:oxeye_daisy":34,"minecraft:dark_oak_button":8,"minecraft:filled_map":65,"minecraft:chainmail_chestplate":2,"minecraft:white_banner":1,"minecraft:red_carpet":1,"minecraft:gray_carpet":2,"minecraft:iron_sword":1,"minecraft:soul_sand":3,"minecraft:sweet_berries":118,"minecraft:dandelion":73,"minecraft:spruce_door":1,"minecraft:slime_ball":36,"minecraft:stone_axe":1,"minecraft:chainmail_leggings":2,"minecraft:ender_pearl":3},"minecraft:custom":{"minecraft:interact_with_crafting_table":3,"minecraft:open_barrel":26,"minecraft:open_shulker_box":105,"minecraft:bell_ring":35,"minecraft:eat_cake_slice":22,"minecraft:leave_game":33,"minecraft:time_since_death":40444,"minecraft:damage_resisted":15051,"minecraft:sprint_one_cm":2672028,"minecraft:damage_blocked_by_shield":341,"minecraft:drop":507,"minecraft:deaths":35,"minecraft:jump":7442,"minecraft:walk_on_water_one_cm":49775,"minecraft:interact_with_furnace":2,"minecraft:play_one_minute":1451807,"minecraft:interact_with_loom":1,"minecraft:damage_dealt":9033,"minecraft:interact_with_beacon":5,"minecraft:player_kills":36,"minecraft:crouch_one_cm":83741,"minecraft:interact_with_smoker":1,"minecraft:inspect_dispenser":22,"minecraft:interact_with_anvil":16,"minecraft:mob_kills":13,"minecraft:inspect_hopper":4,"minecraft:damage_dealt_resisted":38,"minecraft:climb_one_cm":28105,"minecraft:walk_one_cm":4052377,"minecraft:damage_dealt_absorbed":367,"minecraft:sneak_time":57787,"minecraft:walk_under_water_one_cm":512842,"minecraft:tune_noteblock":13,"minecraft:pot_flower":11,"minecraft:interact_with_grindstone":1,"minecraft:time_since_rest":40446,"minecraft:damage_absorbed":192,"minecraft:damage_taken":635574,"minecraft:minecart_one_cm":253692,"minecraft:swim_one_cm":126395,"minecraft:fly_one_cm":10482015,"minecraft:open_chest":61,"minecraft:aviate_one_cm":5440211,"minecraft:fall_one_cm":167256}},"DataVersion":2586}