{"stats":{"minecraft:killed_by":{"minecraft:vindicator":1,"minecraft:player":46,"minecraft:spider":1,"minecraft:ravager":1},"minecraft:used":{"minecraft:trident":17,"minecraft:lodestone":3,"minecraft:light_gray_stained_glass_pane":4,"minecraft:red_concrete":35,"minecraft:spruce_slab":32,"minecraft:silverfish_spawn_egg":2,"minecraft:ender_pearl":22,"minecraft:shield":12,"minecraft:iron_sword":12,"minecraft:zombie_spawn_egg":8,"minecraft:oak_door":1,"minecraft:golden_apple":4,"minecraft:dark_prismarine_slab":2,"minecraft:tnt":11,"minecraft:blue_ice":2,"minecraft:spruce_stairs":1,"minecraft:yellow_concrete":3,"minecraft:crossbow":23,"minecraft:dark_oak_fence_gate":2,"minecraft:stripped_spruce_log":20,"minecraft:painting":1,"minecraft:lingering_potion":12,"minecraft:cyan_stained_glass":2,"minecraft:snowball":5,"minecraft:milk_bucket":1,"minecraft:honey_bottle":66,"minecraft:firework_rocket":32,"minecraft:honey_block":85,"minecraft:ravager_spawn_egg":1,"minecraft:black_concrete":1,"minecraft:sea_lantern":4,"minecraft:lava_bucket":1,"minecraft:apple":10,"minecraft:stripped_dark_oak_wood":2,"minecraft:light_gray_stained_glass":9,"minecraft:red_wool":5,"minecraft:gray_stained_glass_pane":2,"minecraft:iron_axe":191,"minecraft:grass_block":2,"minecraft:spruce_trapdoor":14,"minecraft:totem_of_undying":3,"minecraft:soul_lantern":3,"minecraft:item_frame":23,"minecraft:fishing_rod":1,"minecraft:diamond_sword":2,"minecraft:fire_charge":2,"minecraft:potion":13,"minecraft:bow":52,"minecraft:sweet_berries":2,"minecraft:white_banner":1,"minecraft:dark_oak_fence":3,"minecraft:chain":1,"minecraft:pumpkin_pie":9,"minecraft:egg":6,"minecraft:cooked_beef":21,"minecraft:brown_concrete_powder":1,"minecraft:enchanted_golden_apple":2,"minecraft:splash_potion":303,"minecraft:golden_axe":1,"minecraft:zoglin_spawn_egg":1,"minecraft:green_stained_glass":5},"minecraft:dropped":{"minecraft:oak_door":1,"minecraft:stone_axe":1,"minecraft:stripped_spruce_log":3,"minecraft:zombie_spawn_egg":5,"minecraft:ravager_spawn_egg":1,"minecraft:silverfish_spawn_egg":3,"minecraft:cyan_stained_glass":1,"minecraft:wheat_seeds":3,"minecraft:gray_stained_glass_pane":1,"minecraft:cooked_beef":13,"minecraft:blaze_rod":2,"minecraft:tnt":4,"minecraft:glass_bottle":1,"minecraft:yellow_concrete":1,"minecraft:soul_lantern":1,"minecraft:light_gray_stained_glass_pane":1,"minecraft:netherite_chestplate":2,"minecraft:crossbow":1,"minecraft:barrier":1,"minecraft:iron_helmet":1,"minecraft:spectral_arrow":2,"minecraft:iron_boots":3,"minecraft:blaze_powder":1,"minecraft:saddle":2,"minecraft:honey_bottle":32,"minecraft:spruce_stairs":1,"minecraft:grass_block":2,"minecraft:flint_and_steel":1,"minecraft:end_rod":1,"minecraft:chainmail_chestplate":3,"minecraft:filled_map":1,"minecraft:lava_bucket":1,"minecraft:brown_concrete_powder":1,"minecraft:sea_lantern":1,"minecraft:shield":1,"minecraft:trident":1,"minecraft:milk_bucket":1,"minecraft:ink_sac":1,"minecraft:zoglin_spawn_egg":1,"minecraft:lodestone":1,"minecraft:honey_block":1,"minecraft:stripped_dark_oak_wood":1,"minecraft:light_gray_stained_glass":2,"minecraft:snowball":20,"minecraft:carved_pumpkin":1,"minecraft:fire_charge":3,"minecraft:white_banner":1,"minecraft:chain":1,"minecraft:spruce_slab":1,"minecraft:painting":1,"minecraft:iron_axe":1,"minecraft:arrow":17,"minecraft:bow":4,"minecraft:black_concrete":1,"minecraft:chainmail_leggings":1,"minecraft:blue_carpet":1,"minecraft:splash_potion":2,"minecraft:green_stained_glass":1,"minecraft:armor_stand":2},"minecraft:broken":{"minecraft:iron_sword":1,"minecraft:bow":9,"minecraft:diamond_sword":2},"minecraft:killed":{"minecraft:ravager":1,"minecraft:zombie":1},"minecraft:picked_up":{"minecraft:lingering_potion":2,"minecraft:cooked_beef":6,"minecraft:splash_potion":8,"minecraft:chainmail_chestplate":4,"minecraft:golden_sword":1,"minecraft:shield":2,"minecraft:map":1,"minecraft:iron_axe":2,"minecraft:iron_leggings":1,"minecraft:apple":1,"minecraft:bow":6,"minecraft:wheat_seeds":7,"minecraft:spruce_slab":1,"minecraft:player_head":3,"minecraft:glass_bottle":1,"minecraft:melon_slice":33,"minecraft:iron_sword":1,"minecraft:iron_boots":6,"minecraft:egg":1,"minecraft:sweet_berries":9,"minecraft:fire_charge":1,"minecraft:cookie":3,"minecraft:golden_chestplate":1,"minecraft:firework_rocket":177,"minecraft:arrow":81,"minecraft:rotten_flesh":1,"minecraft:pumpkin_pie":14,"minecraft:chainmail_leggings":2,"minecraft:iron_helmet":3,"minecraft:saddle":2,"minecraft:snowball":24,"minecraft:ender_pearl":9},"minecraft:custom":{"minecraft:mob_kills":2,"minecraft:play_one_minute":203244,"minecraft:open_shulker_box":409,"minecraft:bell_ring":1,"minecraft:damage_dealt_resisted":1,"minecraft:leave_game":3,"minecraft:time_since_death":9428,"minecraft:climb_one_cm":1906,"minecraft:damage_resisted":1285,"minecraft:time_since_rest":9431,"minecraft:sprint_one_cm":1063674,"minecraft:damage_absorbed":637,"minecraft:damage_taken":23972,"minecraft:walk_one_cm":478559,"minecraft:damage_blocked_by_shield":1040,"minecraft:drop":125,"minecraft:damage_dealt":3842,"minecraft:damage_dealt_absorbed":181,"minecraft:swim_one_cm":24581,"minecraft:fly_one_cm":1341595,"minecraft:player_kills":21,"minecraft:open_chest":7,"minecraft:crouch_one_cm":18700,"minecraft:sneak_time":8127,"minecraft:deaths":69,"minecraft:walk_under_water_one_cm":48427,"minecraft:jump":2389,"minecraft:walk_on_water_one_cm":8795,"minecraft:fall_one_cm":162574}},"DataVersion":2586}