{"stats":{"minecraft:used":{"minecraft:polished_blackstone_slab":1,"minecraft:water_bucket":101,"minecraft:spruce_door":1,"minecraft:cracked_polished_blackstone_bricks":81,"minecraft:yellow_stained_glass":3,"minecraft:heavy_weighted_pressure_plate":8,"minecraft:red_stained_glass":70,"minecraft:blackstone_stairs":2,"minecraft:stone_button":1,"minecraft:shield":9,"minecraft:polished_blackstone_brick_stairs":15,"minecraft:iron_door":6,"minecraft:stone_axe":7,"minecraft:polished_blackstone_bricks":115,"minecraft:blackstone_slab":3,"minecraft:gilded_blackstone":33,"minecraft:orange_stained_glass":9,"minecraft:dirt":14,"minecraft:soul_sand":1,"minecraft:magma_block":1,"minecraft:bow":6,"minecraft:white_stained_glass":124,"minecraft:coarse_dirt":15,"minecraft:kelp":132,"minecraft:turtle_egg":1,"minecraft:polished_blackstone_stairs":1},"minecraft:dropped":{"minecraft:dirt":1,"minecraft:player_head":1,"minecraft:stone_button":1,"minecraft:coarse_dirt":1,"minecraft:chainmail_helmet":2},"minecraft:killed":{"minecraft:silverfish":2,"minecraft:spider":2},"minecraft:picked_up":{"minecraft:stone_button":1,"minecraft:kelp":109,"minecraft:player_head":2,"minecraft:jungle_sapling":1,"minecraft:chainmail_helmet":1},"minecraft:custom":{"minecraft:time_since_rest":2947,"minecraft:sprint_one_cm":76657,"minecraft:damage_taken":866,"minecraft:walk_one_cm":102753,"minecraft:damage_blocked_by_shield":90,"minecraft:mob_kills":5,"minecraft:drop":6,"minecraft:damage_dealt":450,"minecraft:fly_one_cm":1021567,"minecraft:open_chest":1,"minecraft:play_one_minute":100242,"minecraft:crouch_one_cm":622,"minecraft:deaths":2,"minecraft:sneak_time":3748,"minecraft:walk_under_water_one_cm":77481,"minecraft:jump":766,"minecraft:leave_game":2,"minecraft:time_since_death":2927,"minecraft:walk_on_water_one_cm":12707,"minecraft:damage_resisted":210,"minecraft:fall_one_cm":10887}},"DataVersion":2586}