{"stats":{"minecraft:killed":{"minecraft:spider":10,"minecraft:silverfish":1,"minecraft:pig":1},"minecraft:killed_by":{"minecraft:player":32,"minecraft:spider":2,"minecraft:silverfish":1},"minecraft:broken":{"minecraft:netherite_sword":4},"minecraft:picked_up":{"minecraft:lingering_potion":1,"minecraft:fishing_rod":1,"minecraft:redstone_block":1,"minecraft:splash_potion":2,"minecraft:leather_leggings":2,"minecraft:potion":2,"minecraft:enchanted_book":1,"minecraft:shield":16,"minecraft:string":36,"minecraft:elytra":1,"minecraft:iron_axe":3,"minecraft:flint_and_steel":3,"minecraft:iron_leggings":1,"minecraft:netherite_sword":3,"minecraft:comparator":3,"minecraft:redstone_torch":7,"minecraft:written_book":1,"minecraft:player_head":4395,"minecraft:enchanted_golden_apple":1,"minecraft:melon_slice":10,"minecraft:iron_boots":18,"minecraft:porkchop":3,"minecraft:golden_axe":2,"minecraft:netherite_shovel":1,"minecraft:stone_button":2,"minecraft:cookie":6,"minecraft:redstone":11,"minecraft:stone_pressure_plate":16,"minecraft:tnt":65,"minecraft:arrow":494,"minecraft:glowstone":1,"minecraft:snowball":956,"minecraft:leather_chestplate":1,"minecraft:cooked_beef":140,"minecraft:repeater":1,"minecraft:warped_fungus_on_a_stick":1,"minecraft:filled_map":13,"minecraft:crimson_fungus":1,"minecraft:chainmail_chestplate":14,"minecraft:leather_boots":1,"minecraft:apple":12,"minecraft:bow":18,"minecraft:cobweb":6,"minecraft:glass_bottle":1,"minecraft:iron_sword":212,"minecraft:milk_bucket":1,"minecraft:sweet_berries":3,"minecraft:light_blue_shulker_box":2,"minecraft:green_stained_glass":1,"minecraft:grass_block":2,"minecraft:spectral_arrow":51,"minecraft:spider_eye":14,"minecraft:leather_helmet":1,"minecraft:polished_diorite":1,"minecraft:stone_axe":13,"minecraft:chainmail_leggings":22,"minecraft:iron_helmet":3,"minecraft:chainmail_helmet":14,"minecraft:red_concrete":1},"minecraft:mined":{"minecraft:redstone_wire":1,"minecraft:crimson_fungus":1,"minecraft:comparator":2,"minecraft:tall_grass":5,"minecraft:repeater":1,"minecraft:tnt":1,"minecraft:grass":1},"minecraft:custom":{"minecraft:inspect_dropper":63,"minecraft:interact_with_anvil":9,"minecraft:mob_kills":12,"minecraft:inspect_hopper":10,"minecraft:open_barrel":9,"minecraft:fill_cauldron":1,"minecraft:open_shulker_box":390,"minecraft:leave_game":16,"minecraft:time_since_death":16201,"minecraft:damage_resisted":17573,"minecraft:climb_one_cm":2677,"minecraft:sprint_one_cm":622389,"minecraft:walk_one_cm":633270,"minecraft:damage_blocked_by_shield":812,"minecraft:drop":101,"minecraft:damage_dealt_absorbed":244,"minecraft:deaths":65,"minecraft:sneak_time":9217,"minecraft:walk_under_water_one_cm":7653,"minecraft:jump":3610,"minecraft:walk_on_water_one_cm":5733,"minecraft:interact_with_furnace":4,"minecraft:play_one_minute":409385,"minecraft:interact_with_grindstone":1,"minecraft:time_since_rest":16205,"minecraft:damage_taken":1136061,"minecraft:damage_absorbed":772,"minecraft:damage_dealt":4446,"minecraft:fly_one_cm":2709644,"minecraft:player_kills":12,"minecraft:open_chest":16,"minecraft:crouch_one_cm":15172,"minecraft:aviate_one_cm":1243297,"minecraft:fall_one_cm":225843},"minecraft:used":{"minecraft:netherite_sword":4,"minecraft:iron_bars":12,"minecraft:smooth_quartz_slab":145,"minecraft:stone_shovel":1,"minecraft:red_concrete":61,"minecraft:redstone":82,"minecraft:oak_sign":12,"minecraft:light_gray_carpet":1,"minecraft:silverfish_spawn_egg":1,"minecraft:chest":3,"minecraft:shield":11,"minecraft:stone":19,"minecraft:warped_sign":2,"minecraft:quartz_stairs":9,"minecraft:player_head":159,"minecraft:smooth_sandstone_stairs":17,"minecraft:dirt":27,"minecraft:anvil":7,"minecraft:white_carpet":1,"minecraft:hopper":1,"minecraft:cobblestone_wall":6,"minecraft:acacia_button":1,"minecraft:dead_brain_coral_block":1,"minecraft:snowball":186,"minecraft:polished_diorite":4,"minecraft:sea_lantern":29,"minecraft:chipped_anvil":3,"minecraft:quartz_slab":3,"minecraft:spruce_wood":1,"minecraft:grass_block":33,"minecraft:iron_axe":88,"minecraft:green_wool":48,"minecraft:slime_block":8,"minecraft:smooth_sandstone":4,"minecraft:warped_nylium":1,"minecraft:gray_concrete_powder":7,"minecraft:smooth_quartz":400,"minecraft:totem_of_undying":5,"minecraft:barrel":5,"minecraft:item_frame":5,"minecraft:glowstone":5,"minecraft:repeater":24,"minecraft:bow":16,"minecraft:iron_trapdoor":4,"minecraft:furnace":51,"minecraft:gold_block":57,"minecraft:stone_pressure_plate":78,"minecraft:cooked_beef":12,"minecraft:enchanted_golden_apple":4,"minecraft:brown_concrete_powder":2,"minecraft:water_bucket":2,"minecraft:mossy_stone_bricks":1,"minecraft:light_blue_shulker_box":3,"minecraft:cobblestone_stairs":2,"minecraft:spruce_door":1,"minecraft:infested_stone":2,"minecraft:polished_andesite":1,"minecraft:dark_oak_sign":2,"minecraft:smooth_sandstone_slab":17,"minecraft:ender_pearl":3,"minecraft:redstone_block":2,"minecraft:cauldron":2,"minecraft:cobblestone_slab":11,"minecraft:oak_leaves":1,"minecraft:smooth_quartz_stairs":71,"minecraft:dark_oak_trapdoor":2,"minecraft:diamond_block":29,"minecraft:purpur_stairs":1,"minecraft:lime_terracotta":1,"minecraft:comparator":5,"minecraft:oak_slab":1,"minecraft:tnt":4,"minecraft:birch_sign":2,"minecraft:yellow_concrete":58,"minecraft:crossbow":4,"minecraft:blue_ice":89,"minecraft:stone_brick_wall":1,"minecraft:redstone_torch":17,"minecraft:sticky_piston":40,"minecraft:netherite_block":5,"minecraft:lever":1,"minecraft:green_concrete":1,"minecraft:black_wool":139,"minecraft:black_concrete":161,"minecraft:apple":3,"minecraft:stone_button":21,"minecraft:map":5,"minecraft:magenta_concrete":32,"minecraft:polished_granite":1,"minecraft:oak_pressure_plate":8,"minecraft:iron_door":1,"minecraft:yellow_wool":94,"minecraft:stone_axe":54,"minecraft:fishing_rod":1,"minecraft:cobblestone":90,"minecraft:potion":4,"minecraft:porkchop":3,"minecraft:grindstone":1,"minecraft:white_stained_glass":109,"minecraft:green_concrete_powder":3,"minecraft:andesite":3,"minecraft:chain":4,"minecraft:glass_pane":7,"minecraft:smooth_stone_slab":25,"minecraft:white_concrete":19,"minecraft:coarse_dirt":34,"minecraft:splash_potion":6,"minecraft:green_stained_glass":56},"minecraft:dropped":{"minecraft:enchanted_book":1,"minecraft:ender_pearl":15,"minecraft:spectral_arrow":1,"minecraft:apple":188,"minecraft:grass_block":1,"minecraft:elytra":1,"minecraft:golden_apple":61,"minecraft:stone_button":1,"minecraft:melon_slice":305,"minecraft:snowball":58,"minecraft:potion":1,"minecraft:iron_pickaxe":1,"minecraft:redstone":2,"minecraft:player_head":451,"minecraft:experience_bottle":3,"minecraft:warped_sign":1,"minecraft:filled_map":1,"minecraft:tipped_arrow":256,"minecraft:lingering_potion":1,"minecraft:spruce_wood":1,"minecraft:redstone_torch":1,"minecraft:arrow":88,"minecraft:splash_potion":1}},"DataVersion":2586}