{"stats":{"minecraft:used":{"minecraft:dark_prismarine":1,"minecraft:glass":117,"minecraft:gray_terracotta":247,"minecraft:brown_terracotta":7,"minecraft:dark_oak_stairs":587,"minecraft:cyan_terracotta":7,"minecraft:black_concrete":1,"minecraft:iron_block":1,"minecraft:gray_stained_glass_pane":18,"minecraft:smooth_quartz_slab":4,"minecraft:birch_planks":47,"minecraft:lantern":1,"minecraft:spruce_slab":5,"minecraft:dark_oak_sign":11,"minecraft:spruce_button":2,"minecraft:dark_oak_slab":244,"minecraft:gray_concrete_powder":1,"minecraft:stripped_birch_wood":2,"minecraft:stone_brick_stairs":113,"minecraft:green_terracotta":12,"minecraft:smooth_quartz_stairs":1,"minecraft:cobblestone":1,"minecraft:anvil":10,"minecraft:terracotta":5,"minecraft:andesite":1,"minecraft:gray_concrete":2,"minecraft:stone_brick_wall":5,"minecraft:snowball":19,"minecraft:cake":9,"minecraft:spruce_log":196,"minecraft:stripped_spruce_log":128},"minecraft:dropped":{"minecraft:snowball":16,"minecraft:black_concrete":1,"minecraft:cactus":3},"minecraft:picked_up":{"minecraft:lingering_potion":1,"minecraft:anvil":1,"minecraft:filled_map":1,"minecraft:lantern":2,"minecraft:cactus":3,"minecraft:dispenser":3,"minecraft:player_head":21},"minecraft:custom":{"minecraft:time_since_rest":15162,"minecraft:sprint_one_cm":24286,"minecraft:damage_taken":150,"minecraft:walk_one_cm":176715,"minecraft:interact_with_anvil":1,"minecraft:drop":6,"minecraft:fly_one_cm":1242747,"minecraft:open_chest":6,"minecraft:play_one_minute":113337,"minecraft:crouch_one_cm":53685,"minecraft:deaths":1,"minecraft:sneak_time":14877,"minecraft:walk_under_water_one_cm":112,"minecraft:jump":454,"minecraft:eat_cake_slice":42,"minecraft:leave_game":3,"minecraft:time_since_death":15159,"minecraft:walk_on_water_one_cm":1962,"minecraft:climb_one_cm":1523,"minecraft:fall_one_cm":9038,"minecraft:inspect_dispenser":1}},"DataVersion":2586}