{"stats":{"minecraft:mined":{"minecraft:grass_block":1,"minecraft:fire":2,"minecraft:grass":10,"minecraft:dirt":2,"minecraft:oak_leaves":1,"minecraft:white_concrete_powder":1,"minecraft:tall_grass":2,"minecraft:redstone_torch":1,"minecraft:infested_stone":2},"minecraft:picked_up":{"minecraft:shulker_shell":6,"minecraft:redstone_block":1,"minecraft:stone_slab":10,"minecraft:potion":4,"minecraft:purple_shulker_box":1,"minecraft:string":181,"minecraft:smooth_stone_slab":1,"minecraft:iron_leggings":5,"minecraft:beetroot_soup":4,"minecraft:netherite_ingot":192,"minecraft:blue_stained_glass_pane":22,"minecraft:oak_sign":3,"minecraft:comparator":2,"minecraft:redstone_torch":7,"minecraft:rose_bush":37,"minecraft:written_book":1301,"minecraft:iron_pickaxe":1,"minecraft:smooth_quartz":1,"minecraft:enchanted_golden_apple":1,"minecraft:melon_slice":15,"minecraft:iron_boots":107,"minecraft:beehive":15,"minecraft:tipped_arrow":5,"minecraft:spruce_pressure_plate":2,"minecraft:stick":63,"minecraft:orange_shulker_box":4,"minecraft:torch":16,"minecraft:porkchop":17,"minecraft:netherite_shovel":1,"minecraft:golden_axe":2,"minecraft:diorite":1,"minecraft:rabbit_foot":2,"minecraft:golden_chestplate":3,"minecraft:pink_terracotta":64,"minecraft:brown_carpet":1,"minecraft:gray_stained_glass_pane":1,"minecraft:cactus":427,"minecraft:honey_bottle":6,"minecraft:command_block":1,"minecraft:rotten_flesh":566,"minecraft:iron_block":1,"minecraft:green_wool":1,"minecraft:netherite_chestplate":2,"minecraft:blaze_rod":2,"minecraft:snowball":717,"minecraft:leather_chestplate":73,"minecraft:feather":2,"minecraft:cooked_beef":1847,"minecraft:repeater":3,"minecraft:water_bucket":1,"minecraft:andesite":1,"minecraft:golden_leggings":2,"minecraft:green_concrete_powder":2,"minecraft:potato":1,"minecraft:stripped_spruce_wood":1,"minecraft:wither_skeleton_skull":1,"minecraft:netherite_leggings":2,"minecraft:dirt":38,"minecraft:lantern":1,"minecraft:leather_boots":49,"minecraft:bow":116,"minecraft:wheat_seeds":361,"minecraft:dark_oak_sign":5,"minecraft:netherite_axe":1,"minecraft:powered_rail":6,"minecraft:lime_terracotta":2,"minecraft:poisonous_potato":6,"minecraft:light_blue_shulker_box":11,"minecraft:ink_sac":6,"minecraft:grass_block":5,"minecraft:spectral_arrow":2,"minecraft:orange_wool":1,"minecraft:netherite_block":1,"minecraft:iron_hoe":4,"minecraft:black_concrete":2,"minecraft:netherite_helmet":1,"minecraft:writable_book":29,"minecraft:crossbow":2,"minecraft:bone_meal":1,"minecraft:golden_apple":1,"minecraft:emerald":1,"minecraft:chainmail_helmet":79,"minecraft:oak_sapling":1,"minecraft:chorus_fruit":1,"minecraft:bricks":12,"minecraft:crimson_roots":1,"minecraft:lingering_potion":64,"minecraft:fishing_rod":2,"minecraft:coarse_dirt":14,"minecraft:azure_bluet":74,"minecraft:splash_potion":99,"minecraft:chicken":3,"minecraft:redstone_lamp":65,"minecraft:leather_leggings":30,"minecraft:cooked_rabbit":147,"minecraft:gold_block":1,"minecraft:diamond_horse_armor":1,"minecraft:dragon_head":1,"minecraft:acacia_button":1,"minecraft:shield":101,"minecraft:cornflower":56,"minecraft:stone_stairs":3,"minecraft:iron_axe":14,"minecraft:flint_and_steel":3,"minecraft:item_frame":82,"minecraft:netherite_sword":3,"minecraft:oak_boat":1,"minecraft:player_head":841,"minecraft:jungle_sapling":4,"minecraft:poppy":64,"minecraft:sugar_cane":3,"minecraft:blue_shulker_box":6,"minecraft:dark_oak_sapling":2,"minecraft:stone":2,"minecraft:note_block":64,"minecraft:fire_charge":3,"minecraft:stone_button":7,"minecraft:brown_concrete_powder":11,"minecraft:trident":3,"minecraft:carrot":1,"minecraft:redstone":15,"minecraft:stone_pressure_plate":72,"minecraft:tnt":1,"minecraft:red_shulker_box":4,"minecraft:arrow":3048,"minecraft:diamond_chestplate":2,"minecraft:diamond_boots":1,"minecraft:saddle":3,"minecraft:totem_of_undying":3,"minecraft:brick_stairs":9,"minecraft:mutton":2,"minecraft:white_wool":2,"minecraft:rail":6,"minecraft:oxeye_daisy":65,"minecraft:netherite_boots":3,"minecraft:clock":7,"minecraft:leather":146,"minecraft:filled_map":88,"minecraft:bedrock":1,"minecraft:crimson_fungus":44,"minecraft:chainmail_chestplate":90,"minecraft:golden_boots":2,"minecraft:cobblestone_stairs":11,"minecraft:apple":10,"minecraft:kelp":265,"minecraft:rabbit_hide":205,"minecraft:iron_ingot":2,"minecraft:glass_bottle":5,"minecraft:iron_sword":20,"minecraft:soul_sand":273,"minecraft:chain_command_block":1,"minecraft:warped_fungus":3,"minecraft:light_gray_stained_glass":1,"minecraft:sweet_berries":3,"minecraft:dandelion":152,"minecraft:gravel":1,"minecraft:lava_bucket":1,"minecraft:white_bed":1,"minecraft:spider_eye":93,"minecraft:leather_helmet":73,"minecraft:firework_rocket":127,"minecraft:slime_ball":93,"minecraft:white_concrete_powder":1,"minecraft:polished_diorite":1,"minecraft:stone_axe":148,"minecraft:gray_banner":2,"minecraft:chainmail_leggings":103,"minecraft:iron_helmet":13,"minecraft:terracotta":12,"minecraft:warped_nylium":2,"minecraft:netherite_hoe":1,"minecraft:red_concrete":1,"minecraft:hopper":3,"minecraft:wooden_axe":3,"minecraft:ender_pearl":6},"minecraft:crafted":{"minecraft:iron_nugget":12,"minecraft:iron_hoe":4},"minecraft:killed":{"minecraft:spider":81,"minecraft:shulker":3,"minecraft:wither":5,"minecraft:mule":2,"minecraft:chicken":3,"minecraft:silverfish":32,"minecraft:pig":9,"minecraft:ender_dragon":4,"minecraft:strider":8,"minecraft:zombie":6,"minecraft:cow":2,"minecraft:vex":2,"minecraft:rabbit":8,"minecraft:ravager":2,"minecraft:villager":14},"minecraft:custom":{"minecraft:interact_with_crafting_table":8,"minecraft:open_barrel":85,"minecraft:open_shulker_box":325,"minecraft:leave_game":116,"minecraft:time_since_death":29790,"minecraft:damage_resisted":1402096,"minecraft:sprint_one_cm":4214956,"minecraft:damage_blocked_by_shield":4935,"minecraft:drop":1514,"minecraft:play_noteblock":19,"minecraft:talked_to_villager":8,"minecraft:deaths":203,"minecraft:jump":10704,"minecraft:walk_on_water_one_cm":61955,"minecraft:interact_with_furnace":4,"minecraft:interact_with_cartography_table":1,"minecraft:play_one_minute":2370519,"minecraft:open_enderchest":1,"minecraft:damage_dealt":71338,"minecraft:player_kills":96,"minecraft:crouch_one_cm":140115,"minecraft:inspect_dispenser":19,"minecraft:horse_one_cm":2176,"minecraft:inspect_dropper":133,"minecraft:mob_kills":196,"minecraft:inspect_hopper":11,"minecraft:damage_dealt_resisted":372440,"minecraft:climb_one_cm":36680,"minecraft:walk_one_cm":1413030,"minecraft:damage_dealt_absorbed":1378,"minecraft:sneak_time":119660,"minecraft:walk_under_water_one_cm":119014,"minecraft:boat_one_cm":1572,"minecraft:interact_with_lectern":4,"minecraft:tune_noteblock":17,"minecraft:time_since_rest":29810,"minecraft:damage_taken":324016,"minecraft:damage_absorbed":1349,"minecraft:minecart_one_cm":498766,"minecraft:swim_one_cm":62178,"minecraft:fly_one_cm":29083423,"minecraft:open_chest":155,"minecraft:aviate_one_cm":881482,"minecraft:fall_one_cm":699056},"minecraft:dropped":{"minecraft:blue_shulker_box":1,"minecraft:warped_fungus":3,"minecraft:cooked_beef":63,"minecraft:glass_bottle":1,"minecraft:stripped_birch_wood":1,"minecraft:crossbow":1,"minecraft:leather":64,"minecraft:saddle":1,"minecraft:bedrock":1,"minecraft:leather_helmet":1,"minecraft:item_frame":1,"minecraft:dirt":1,"minecraft:dark_oak_wood":1,"minecraft:snowball":68,"minecraft:writable_book":3,"minecraft:black_concrete":2,"minecraft:crimson_fungus":1,"minecraft:stone_axe":4,"minecraft:iron_nugget":64,"minecraft:diamond_shovel":1,"minecraft:jungle_trapdoor":1,"minecraft:white_bed":1,"minecraft:chainmail_chestplate":4,"minecraft:leather_chestplate":2,"minecraft:brick_stairs":2,"minecraft:leather_boots":1,"minecraft:leather_leggings":1,"minecraft:arrow":65,"minecraft:written_book":6,"minecraft:netherrack":1,"minecraft:firework_rocket":64,"minecraft:tnt":1322,"minecraft:iron_helmet":4,"minecraft:grass_block":3,"minecraft:stick":3,"minecraft:diorite":1,"minecraft:ink_sac":5,"minecraft:rose_bush":2,"minecraft:potion":1,"minecraft:iron_leggings":2,"minecraft:iron_axe":2,"minecraft:chainmail_leggings":3,"minecraft:string":4,"minecraft:redstone":1,"minecraft:soul_soil":1,"minecraft:warped_nylium":2,"minecraft:player_head":76,"minecraft:blaze_rod":6,"minecraft:bowl":1,"minecraft:smooth_stone_slab":2,"minecraft:lime_concrete":1,"minecraft:iron_boots":5,"minecraft:iron_hoe":3,"minecraft:totem_of_undying":2,"minecraft:diamond_sword":1,"minecraft:oak_boat":1,"minecraft:spider_eye":3,"minecraft:diamond_boots":1,"minecraft:slime_ball":29,"minecraft:bow":1,"minecraft:green_concrete_powder":1},"minecraft:broken":{"minecraft:iron_boots":2,"minecraft:chainmail_chestplate":2,"minecraft:iron_sword":2,"minecraft:bow":5,"minecraft:diamond_sword":2,"minecraft:chainmail_leggings":2,"minecraft:chainmail_helmet":2,"minecraft:netherite_sword":3},"minecraft:used":{"minecraft:writable_book":68,"minecraft:red_sand":1,"minecraft:smooth_quartz_slab":3,"minecraft:dispenser":2,"minecraft:dead_tube_coral_fan":2,"minecraft:polished_blackstone":43,"minecraft:bone_block":3,"minecraft:poppy":1,"minecraft:oak_sign":16,"minecraft:black_carpet":14,"minecraft:white_concrete_powder":5,"minecraft:chest":10,"minecraft:shield":89,"minecraft:stone":184,"minecraft:zombie_spawn_egg":1,"minecraft:iron_sword":114,"minecraft:purple_shulker_box":1,"minecraft:white_shulker_box":1,"minecraft:quartz_stairs":3,"minecraft:player_head":75,"minecraft:green_terracotta":3,"minecraft:debug_stick":142,"minecraft:soul_sand":144,"minecraft:blue_stained_glass":12,"minecraft:snowball":190,"minecraft:stripped_spruce_log":11,"minecraft:obsidian":25,"minecraft:honey_bottle":32,"minecraft:glass":11,"minecraft:packed_ice":40,"minecraft:cyan_terracotta":2,"minecraft:lava_bucket":30,"minecraft:netherite_shovel":3,"minecraft:bricks":31,"minecraft:red_wool":4,"minecraft:grass_block":435,"minecraft:green_wool":42,"minecraft:orange_shulker_box":4,"minecraft:quartz_block":1,"minecraft:polished_blackstone_brick_wall":1,"minecraft:dark_oak_wood":4,"minecraft:dark_oak_slab":11,"minecraft:gray_concrete_powder":15,"minecraft:pink_wool":8,"minecraft:item_frame":106,"minecraft:bedrock":4,"minecraft:rabbit_stew":1,"minecraft:red_stained_glass_pane":2,"minecraft:repeater":195,"minecraft:bow":248,"minecraft:magma_block":34,"minecraft:brown_carpet":14,"minecraft:written_book":20,"minecraft:blue_shulker_box":5,"minecraft:acacia_fence":1,"minecraft:gold_block":11,"minecraft:egg":4,"minecraft:gray_banner":2,"minecraft:brown_concrete_powder":23,"minecraft:light_blue_carpet":16,"minecraft:dark_oak_stairs":7,"minecraft:diorite":5,"minecraft:end_rod":1,"minecraft:cow_spawn_egg":1,"minecraft:wither_skeleton_skull":2,"minecraft:stripped_birch_log":2,"minecraft:red_stained_glass":13,"minecraft:chorus_fruit":4,"minecraft:acacia_trapdoor":2,"minecraft:powered_rail":3,"minecraft:oak_planks":40,"minecraft:ender_pearl":21,"minecraft:sandstone":1,"minecraft:redstone_block":2,"minecraft:diamond_axe":24,"minecraft:sugar_cane":3,"minecraft:white_wool":3,"minecraft:oak_leaves":4,"minecraft:cookie":1,"minecraft:golden_apple":5,"minecraft:dark_oak_trapdoor":23,"minecraft:sand":97,"minecraft:yellow_terracotta":20,"minecraft:light_blue_concrete":95,"minecraft:loom":11,"minecraft:acacia_leaves":14,"minecraft:yellow_concrete":5,"minecraft:crossbow":27,"minecraft:mule_spawn_egg":2,"minecraft:lingering_potion":277,"minecraft:stone_brick_wall":222,"minecraft:gray_concrete":14,"minecraft:redstone_torch":19,"minecraft:sticky_piston":18,"minecraft:black_terracotta":12,"minecraft:lever":1,"minecraft:green_concrete":19,"minecraft:black_concrete":133,"minecraft:firework_rocket":18,"minecraft:dark_oak_log":1,"minecraft:gray_stained_glass_pane":4,"minecraft:light_gray_concrete":3,"minecraft:melon_slice":4,"minecraft:brown_stained_glass":6,"minecraft:stone_button":14,"minecraft:red_terracotta":43,"minecraft:gravel":3,"minecraft:polished_andesite_slab":153,"minecraft:diamond_sword":64,"minecraft:stripped_oak_wood":303,"minecraft:dark_oak_fence":1,"minecraft:white_stained_glass":10,"minecraft:green_concrete_powder":89,"minecraft:andesite":12,"minecraft:chain":238,"minecraft:smooth_stone_slab":108,"minecraft:white_concrete":114,"minecraft:coarse_dirt":32,"minecraft:experience_bottle":21,"minecraft:oak_trapdoor":22,"minecraft:oak_fence":29,"minecraft:trident":12,"minecraft:orange_concrete_powder":17,"minecraft:netherite_sword":4,"minecraft:polished_blackstone_brick_slab":34,"minecraft:rose_bush":74,"minecraft:iron_bars":89,"minecraft:flint_and_steel":81,"minecraft:red_concrete":32,"minecraft:redstone":36,"minecraft:light_gray_carpet":192,"minecraft:spruce_planks":23,"minecraft:ender_chest":1,"minecraft:stripped_birch_wood":6,"minecraft:netherrack":23,"minecraft:torch":1,"minecraft:dragon_egg":5,"minecraft:dirt":139,"minecraft:anvil":10,"minecraft:hopper":10,"minecraft:golden_shovel":6,"minecraft:blue_concrete":1,"minecraft:granite":12,"minecraft:dead_brain_coral_block":13,"minecraft:light_blue_stained_glass":26,"minecraft:shroomlight":69,"minecraft:purple_stained_glass_pane":2,"minecraft:wooden_axe":10,"minecraft:stone_brick_slab":7,"minecraft:brown_terracotta":5,"minecraft:red_shulker_box":4,"minecraft:dark_oak_planks":1,"minecraft:sea_lantern":1,"minecraft:light_gray_stained_glass":21,"minecraft:yellow_stained_glass":27,"minecraft:iron_axe":290,"minecraft:light_weighted_pressure_plate":9,"minecraft:brick_stairs":10,"minecraft:slime_block":8,"minecraft:smooth_quartz":7,"minecraft:totem_of_undying":7,"minecraft:barrel":2,"minecraft:yellow_concrete_powder":94,"minecraft:basalt":19,"minecraft:glowstone":17,"minecraft:lime_concrete":47,"minecraft:golden_carrot":5,"minecraft:gray_glazed_terracotta":8,"minecraft:white_stained_glass_pane":37,"minecraft:podzol":16,"minecraft:stone_pressure_plate":31,"minecraft:cooked_beef":81,"minecraft:orange_stained_glass_pane":3,"minecraft:orange_terracotta":39,"minecraft:enchanted_golden_apple":8,"minecraft:beetroot_soup":1,"minecraft:water_bucket":81,"minecraft:light_blue_shulker_box":159,"minecraft:cobblestone_stairs":1,"minecraft:spruce_sign":1,"minecraft:cauldron":33,"minecraft:cobblestone_slab":2,"minecraft:conduit":1,"minecraft:cracked_stone_bricks":6,"minecraft:polished_blackstone_pressure_plate":1,"minecraft:diamond_block":7,"minecraft:terracotta":16,"minecraft:rail":3,"minecraft:lime_terracotta":13,"minecraft:comparator":1,"minecraft:stripped_dark_oak_log":16,"minecraft:tnt":19,"minecraft:oak_slab":43,"minecraft:crafting_table":7,"minecraft:campfire":80,"minecraft:dark_oak_door":2,"minecraft:cyan_stained_glass":1,"minecraft:bat_spawn_egg":4,"minecraft:gray_terracotta":27,"minecraft:piston":1,"minecraft:netherite_block":41,"minecraft:black_wool":3,"minecraft:apple":6,"minecraft:diamond_shovel":29,"minecraft:command_block":36,"minecraft:iron_pickaxe":6,"minecraft:pig_spawn_egg":1,"minecraft:magenta_concrete":2,"minecraft:stone_slab":4,"minecraft:spruce_trapdoor":14,"minecraft:stone_axe":421,"minecraft:green_carpet":2,"minecraft:fishing_rod":3,"minecraft:cod_spawn_egg":1,"minecraft:cobblestone":16,"minecraft:potion":5,"minecraft:cyan_stained_glass_pane":7,"minecraft:chain_command_block":1,"minecraft:red_banner":27,"minecraft:bucket":56,"minecraft:grass_path":3,"minecraft:glass_pane":9,"minecraft:magenta_glazed_terracotta":10,"minecraft:repeating_command_block":3,"minecraft:splash_potion":85,"minecraft:smooth_stone":100,"minecraft:green_stained_glass":59},"minecraft:killed_by":{"minecraft:ravager":1,"minecraft:vindicator":4,"minecraft:silverfish":1,"minecraft:zombie":1,"minecraft:husk":1,"minecraft:player":91,"minecraft:spider":2}},"DataVersion":2586}