{"stats":{"minecraft:used":{"minecraft:glowstone":1,"minecraft:black_concrete":1,"minecraft:lime_concrete":2,"minecraft:oak_sign":1,"minecraft:chest":1,"minecraft:player_head":1},"minecraft:dropped":{"minecraft:player_head":1,"minecraft:lime_concrete":1,"minecraft:glowstone":1,"minecraft:snowball":1},"minecraft:picked_up":{"minecraft:snowball":126},"minecraft:custom":{"minecraft:open_barrel":3,"minecraft:time_since_rest":59636,"minecraft:open_chest":15,"minecraft:play_one_minute":59636,"minecraft:crouch_one_cm":3826,"minecraft:sprint_one_cm":57486,"minecraft:damage_taken":104,"minecraft:walk_one_cm":154170,"minecraft:sneak_time":2610,"minecraft:drop":4,"minecraft:jump":493,"minecraft:minecart_one_cm":77392,"minecraft:leave_game":1,"minecraft:time_since_death":59636,"minecraft:walk_on_water_one_cm":7126,"minecraft:climb_one_cm":3066,"minecraft:fly_one_cm":809926,"minecraft:fall_one_cm":12318,"minecraft:inspect_dispenser":3}},"DataVersion":2586}