{"stats":{"minecraft:killed_by":{"minecraft:zombie":2},"minecraft:used":{"minecraft:oak_trapdoor":29,"minecraft:oak_fence":34,"minecraft:purpur_block":10,"minecraft:stripped_acacia_wood":4,"minecraft:trident":47,"minecraft:orange_concrete_powder":139,"minecraft:light_blue_stained_glass_pane":43,"minecraft:red_sand":171,"minecraft:blue_terracotta":86,"minecraft:jungle_leaves":37,"minecraft:polished_blackstone_brick_slab":18,"minecraft:writable_book":21,"minecraft:iron_bars":14,"minecraft:crimson_fence":14,"minecraft:white_concrete_powder":51,"minecraft:orange_concrete":5,"minecraft:flint_and_steel":16,"minecraft:dispenser":9,"minecraft:cut_red_sandstone_slab":9,"minecraft:red_sandstone_slab":63,"minecraft:smooth_quartz_slab":133,"minecraft:red_concrete":135,"minecraft:armor_stand":28,"minecraft:spruce_slab":94,"minecraft:dead_tube_coral_fan":109,"minecraft:polished_blackstone":51,"minecraft:black_carpet":1,"minecraft:light_gray_carpet":35,"minecraft:oak_sign":25,"minecraft:light_blue_terracotta":65,"minecraft:polished_basalt":13,"minecraft:spruce_planks":27,"minecraft:stone":146,"minecraft:ender_chest":1,"minecraft:brown_concrete":26,"minecraft:stripped_birch_wood":104,"minecraft:quartz_stairs":157,"minecraft:player_head":59,"minecraft:smooth_sandstone_stairs":345,"minecraft:sandstone_wall":81,"minecraft:netherrack":24,"minecraft:green_terracotta":130,"minecraft:stripped_crimson_stem":24,"minecraft:soul_campfire":1,"minecraft:orange_stained_glass":14,"minecraft:dragon_egg":14,"minecraft:dirt":18,"minecraft:soul_sand":108,"minecraft:anvil":17,"minecraft:lily_of_the_valley":5,"minecraft:hopper":11,"minecraft:blue_stained_glass":44,"minecraft:brick_slab":1336,"minecraft:spruce_stairs":87,"minecraft:nether_bricks":14,"minecraft:jungle_slab":393,"minecraft:beehive":40,"minecraft:crimson_hyphae":4,"minecraft:orange_wool":5,"minecraft:dead_tube_coral":1,"minecraft:pink_terracotta":45,"minecraft:cyan_wool":4,"minecraft:azure_bluet":1,"minecraft:acacia_button":4,"minecraft:jungle_trapdoor":153,"minecraft:light_blue_stained_glass":11,"minecraft:spruce_fence":15,"minecraft:granite":184,"minecraft:dead_brain_coral_block":20,"minecraft:snowball":24,"minecraft:oak_fence_gate":7,"minecraft:stripped_spruce_log":48,"minecraft:honey_bottle":86,"minecraft:fern":5,"minecraft:andesite_wall":36,"minecraft:shroomlight":3,"minecraft:red_sandstone_stairs":64,"minecraft:polished_blackstone_slab":8,"minecraft:crimson_button":2,"minecraft:brown_terracotta":50,"minecraft:packed_ice":1078,"minecraft:sea_lantern":138,"minecraft:cyan_terracotta":956,"minecraft:lava_bucket":13,"minecraft:bricks":473,"minecraft:light_gray_stained_glass":1,"minecraft:lime_banner":18,"minecraft:quartz_pillar":34,"minecraft:grass_block":284,"minecraft:iron_block":12,"minecraft:red_wool":14,"minecraft:jungle_fence_gate":41,"minecraft:quartz_slab":729,"minecraft:yellow_stained_glass":118,"minecraft:lantern":63,"minecraft:iron_axe":1,"minecraft:oak_stairs":11,"minecraft:orange_shulker_box":2,"minecraft:slime_block":4,"minecraft:smooth_sandstone":1949,"minecraft:polished_andesite_stairs":135,"minecraft:quartz_block":382,"minecraft:dark_oak_slab":103,"minecraft:polished_blackstone_brick_stairs":64,"minecraft:smooth_quartz":37,"minecraft:gray_concrete_powder":37,"minecraft:bamboo":5,"minecraft:diorite_wall":22,"minecraft:lime_concrete":4,"minecraft:basalt":1,"minecraft:stone_brick_stairs":234,"minecraft:yellow_concrete_powder":192,"minecraft:red_stained_glass_pane":15,"minecraft:item_frame":673,"minecraft:blaze_spawn_egg":1,"minecraft:repeater":1,"minecraft:bedrock":2,"minecraft:light_gray_wool":24,"minecraft:red_carpet":3,"minecraft:brown_carpet":1,"minecraft:birch_button":14,"minecraft:birch_trapdoor":3,"minecraft:snow":2,"minecraft:glowstone":2,"minecraft:redstone_lamp":16,"minecraft:magma_block":21,"minecraft:bow":17,"minecraft:wolf_spawn_egg":1,"minecraft:dark_oak_boat":1,"minecraft:hay_block":26,"minecraft:written_book":131,"minecraft:iron_trapdoor":500,"minecraft:white_stained_glass_pane":7,"minecraft:horn_coral_block":4,"minecraft:stone_pressure_plate":113,"minecraft:egg":1,"minecraft:granite_wall":80,"minecraft:cooked_beef":1,"minecraft:observer":7,"minecraft:acacia_planks":3,"minecraft:turtle_egg":16,"minecraft:orange_terracotta":330,"minecraft:pumpkin":1,"minecraft:dead_brain_coral_fan":8,"minecraft:brown_concrete_powder":94,"minecraft:polished_blackstone_stairs":9,"minecraft:stripped_spruce_wood":41,"minecraft:quartz_bricks":49,"minecraft:dark_oak_stairs":174,"minecraft:water_bucket":3,"minecraft:end_rod":222,"minecraft:brick_wall":1,"minecraft:spruce_door":15,"minecraft:yellow_shulker_box":2,"minecraft:stripped_birch_log":1579,"minecraft:red_stained_glass":1,"minecraft:birch_planks":14,"minecraft:acacia_trapdoor":2,"minecraft:birch_leaves":1,"minecraft:blackstone_stairs":23,"minecraft:polished_andesite":889,"minecraft:prismarine":12,"minecraft:jungle_fence":105,"minecraft:oak_planks":3,"minecraft:blackstone":5,"minecraft:smooth_sandstone_slab":411,"minecraft:mossy_stone_brick_stairs":37,"minecraft:sandstone":24,"minecraft:cut_sandstone":145,"minecraft:redstone_block":5,"minecraft:spruce_sign":13,"minecraft:cauldron":8,"minecraft:sugar_cane":1,"minecraft:spruce_fence_gate":5,"minecraft:purpur_pillar":6,"minecraft:oak_leaves":161,"minecraft:diamond_block":4,"minecraft:polished_blackstone_bricks":60,"minecraft:smooth_quartz_stairs":32,"minecraft:white_wool":23,"minecraft:pink_concrete":8,"minecraft:sand":15,"minecraft:dark_oak_trapdoor":46,"minecraft:purpur_stairs":7,"minecraft:stripped_dark_oak_log":317,"minecraft:vine":14,"minecraft:rail":6,"minecraft:terracotta":1110,"minecraft:yellow_terracotta":1,"minecraft:cyan_glazed_terracotta":2,"minecraft:tnt":281,"minecraft:crafting_table":2,"minecraft:loom":3,"minecraft:crimson_trapdoor":63,"minecraft:blast_furnace":5,"minecraft:smooth_red_sandstone":3,"minecraft:black_banner":1,"minecraft:crossbow":1,"minecraft:yellow_concrete":2,"minecraft:blue_ice":12,"minecraft:chiseled_quartz_block":10,"minecraft:campfire":45,"minecraft:sponge":1,"minecraft:light_gray_concrete_powder":14,"minecraft:dark_oak_fence_gate":29,"minecraft:lingering_potion":471,"minecraft:gray_concrete":1,"minecraft:stone_brick_wall":24,"minecraft:painting":37,"minecraft:black_concrete_powder":9,"minecraft:smooth_red_sandstone_stairs":1,"minecraft:red_sandstone_wall":72,"minecraft:mushroom_stem":51,"minecraft:dark_oak_door":3,"minecraft:crimson_fence_gate":6,"minecraft:cyan_stained_glass":2,"minecraft:creeper_spawn_egg":1,"minecraft:redstone_torch":26,"minecraft:dark_prismarine":23,"minecraft:black_terracotta":7,"minecraft:blue_stained_glass_pane":80,"minecraft:netherite_block":1,"minecraft:green_concrete":146,"minecraft:piston":7,"minecraft:lever":96,"minecraft:ender_eye":12,"minecraft:flower_pot":15,"minecraft:red_sandstone":1732,"minecraft:black_concrete":262,"minecraft:oxeye_daisy":1,"minecraft:birch_fence_gate":3,"minecraft:chiseled_sandstone":12,"minecraft:gray_stained_glass_pane":112,"minecraft:command_block":1,"minecraft:birch_slab":92,"minecraft:barrier":3,"minecraft:brown_wool":9,"minecraft:string":16,"minecraft:oak_button":9,"minecraft:cyan_carpet":14,"minecraft:stone_button":288,"minecraft:netherite_axe":10,"minecraft:cyan_concrete":128,"minecraft:magenta_concrete":16,"minecraft:jungle_stairs":2,"minecraft:stone_slab":17,"minecraft:purpur_slab":266,"minecraft:polished_granite":408,"minecraft:spruce_trapdoor":114,"minecraft:iron_door":3,"minecraft:prismarine_wall":14,"minecraft:yellow_wool":4,"minecraft:polished_andesite_slab":9,"minecraft:blackstone_slab":10,"minecraft:smooth_red_sandstone_slab":58,"minecraft:diamond_sword":2,"minecraft:cod_spawn_egg":3,"minecraft:cobblestone":6,"minecraft:potion":1,"minecraft:white_banner":5,"minecraft:crimson_stairs":5,"minecraft:dark_oak_fence":8,"minecraft:grindstone":11,"minecraft:andesite_stairs":38,"minecraft:white_stained_glass":25,"minecraft:green_concrete_powder":61,"minecraft:jungle_door":4,"minecraft:red_banner":44,"minecraft:andesite":31,"minecraft:chain":16,"minecraft:ice":24,"minecraft:smooth_stone_slab":265,"minecraft:polished_blackstone_button":3,"minecraft:end_portal_frame":13,"minecraft:sea_pickle":20,"minecraft:stripped_oak_log":3,"minecraft:white_concrete":658,"minecraft:coarse_dirt":11,"minecraft:gray_wool":1,"minecraft:brown_mushroom_block":180,"minecraft:splash_potion":6,"minecraft:birch_stairs":316,"minecraft:green_stained_glass":71},"minecraft:dropped":{"minecraft:cobblestone":1,"minecraft:bedrock":1,"minecraft:grass_block":1,"minecraft:snowball":25,"minecraft:writable_book":24,"minecraft:black_concrete":1,"minecraft:blaze_rod":1,"minecraft:player_head":1,"minecraft:iron_nugget":19,"minecraft:iron_hoe":1,"minecraft:filled_map":4,"minecraft:gray_concrete_powder":1,"minecraft:green_concrete_powder":1,"minecraft:written_book":2},"minecraft:crafted":{"minecraft:leather_boots":2,"minecraft:leather_leggings":1,"minecraft:leather_chestplate":2},"minecraft:killed":{"minecraft:zombie":3,"minecraft:villager":4},"minecraft:mined":{"minecraft:green_concrete_powder":1},"minecraft:picked_up":{"minecraft:leather_leggings":1,"minecraft:acacia_button":1,"minecraft:item_frame":43,"minecraft:salmon_spawn_egg":2,"minecraft:oak_sign":5,"minecraft:red_sand":1,"minecraft:written_book":1,"minecraft:player_head":1736,"minecraft:iron_nugget":21,"minecraft:stick":1,"minecraft:crimson_button":1,"minecraft:stone_button":10,"minecraft:redstone":1,"minecraft:stone_pressure_plate":1,"minecraft:rotten_flesh":97,"minecraft:saddle":1,"minecraft:snowball":56,"minecraft:yellow_shulker_box":1,"minecraft:leather_chestplate":1,"minecraft:iron_door":1,"minecraft:leather":2,"minecraft:green_concrete_powder":1,"minecraft:filled_map":18,"minecraft:bedrock":1,"minecraft:dirt":3,"minecraft:lantern":3,"minecraft:leather_boots":1,"minecraft:red_carpet":1,"minecraft:iron_ingot":1,"minecraft:bamboo":8,"minecraft:red_banner":2,"minecraft:crimson_door":1,"minecraft:spruce_door":1,"minecraft:iron_hoe":5,"minecraft:firework_rocket":1134,"minecraft:polished_andesite":1,"minecraft:dispenser":3,"minecraft:golden_apple":1,"minecraft:lever":18,"minecraft:writable_book":25,"minecraft:painting":1,"minecraft:oak_button":2},"minecraft:custom":{"minecraft:interact_with_anvil":1,"minecraft:mob_kills":7,"minecraft:inspect_hopper":2,"minecraft:interact_with_crafting_table":3,"minecraft:open_barrel":4,"minecraft:open_shulker_box":29,"minecraft:bell_ring":1,"minecraft:damage_dealt_resisted":0,"minecraft:time_since_death":40444,"minecraft:leave_game":27,"minecraft:climb_one_cm":6985,"minecraft:sprint_one_cm":522391,"minecraft:walk_one_cm":895098,"minecraft:drop":65,"minecraft:deaths":6,"minecraft:sneak_time":80376,"minecraft:walk_under_water_one_cm":10296,"minecraft:boat_one_cm":2490,"minecraft:interact_with_lectern":2,"minecraft:jump":2310,"minecraft:walk_on_water_one_cm":16860,"minecraft:play_one_minute":1276265,"minecraft:interact_with_loom":5,"minecraft:pot_flower":14,"minecraft:interact_with_grindstone":3,"minecraft:time_since_rest":40446,"minecraft:open_enderchest":1,"minecraft:damage_taken":11359,"minecraft:damage_dealt":5905,"minecraft:swim_one_cm":837,"minecraft:fly_one_cm":13256465,"minecraft:open_chest":58,"minecraft:crouch_one_cm":61059,"minecraft:fall_one_cm":21518,"minecraft:inspect_dispenser":6}},"DataVersion":2586}