{"stats":{"minecraft:picked_up":{"minecraft:clock":3,"minecraft:golden_leggings":1,"minecraft:golden_boots":1,"minecraft:carrot":1,"minecraft:spider_eye":2,"minecraft:golden_chestplate":1,"minecraft:string":2,"minecraft:leather_boots":1,"minecraft:rotten_flesh":194,"minecraft:iron_ingot":2,"minecraft:player_head":1,"minecraft:glass_bottle":1},"minecraft:killed":{"minecraft:zombie":3,"minecraft:silverfish":2,"minecraft:spider":3},"minecraft:custom":{"minecraft:time_since_rest":37722,"minecraft:sprint_one_cm":83945,"minecraft:damage_taken":802,"minecraft:walk_one_cm":179942,"minecraft:mob_kills":8,"minecraft:drop":1,"minecraft:minecart_one_cm":4496,"minecraft:damage_dealt":21038,"minecraft:swim_one_cm":12968,"minecraft:fly_one_cm":1086530,"minecraft:open_barrel":1,"minecraft:open_chest":19,"minecraft:crouch_one_cm":6587,"minecraft:play_one_minute":59484,"minecraft:open_shulker_box":7,"minecraft:deaths":2,"minecraft:sneak_time":3486,"minecraft:walk_under_water_one_cm":20174,"minecraft:jump":356,"minecraft:leave_game":1,"minecraft:walk_on_water_one_cm":5250,"minecraft:time_since_death":37719,"minecraft:damage_resisted":317,"minecraft:fall_one_cm":28721,"minecraft:inspect_dispenser":1},"minecraft:dropped":{"minecraft:glass_bottle":1},"minecraft:used":{"minecraft:trident":4,"minecraft:packed_ice":66,"minecraft:black_concrete":206,"minecraft:dark_oak_sign":3,"minecraft:polished_basalt":316,"minecraft:sandstone":1,"minecraft:blaze_spawn_egg":1,"minecraft:stone_axe":11,"minecraft:cod_spawn_egg":2,"minecraft:diamond_sword":2,"minecraft:white_stained_glass_pane":61,"minecraft:carrot":5,"minecraft:polished_blackstone_button":8,"minecraft:smooth_stone_slab":159,"minecraft:chiseled_quartz_block":30,"minecraft:cooked_beef":4,"minecraft:smooth_stone":4,"minecraft:honey_bottle":2},"minecraft:killed_by":{"minecraft:player":1}},"DataVersion":2586}