{"stats":{"minecraft:custom":{"minecraft:jump":170,"minecraft:open_chest":1,"minecraft:time_since_rest":6298,"minecraft:crouch_one_cm":139,"minecraft:play_one_minute":6298,"minecraft:leave_game":1,"minecraft:sprint_one_cm":18681,"minecraft:time_since_death":6298,"minecraft:walk_one_cm":6233,"minecraft:sneak_time":387,"minecraft:climb_one_cm":1714,"minecraft:drop":1,"minecraft:fly_one_cm":157487},"minecraft:used":{"minecraft:black_carpet":1},"minecraft:dropped":{"minecraft:black_carpet":1}},"DataVersion":2586}