{"stats":{"minecraft:killed_by":{"minecraft:silverfish":1,"minecraft:zombie":2,"minecraft:player":68},"minecraft:used":{"minecraft:peony":5,"minecraft:blue_terracotta":70,"minecraft:polished_granite_stairs":7,"minecraft:melon":8,"minecraft:light_gray_stained_glass_pane":111,"minecraft:smooth_quartz_slab":14,"minecraft:dispenser":23,"minecraft:spruce_slab":706,"minecraft:polished_blackstone":378,"minecraft:ladder":27,"minecraft:oak_sign":6,"minecraft:polished_basalt":324,"minecraft:chest":42,"minecraft:shield":12,"minecraft:stone":3527,"minecraft:zombie_spawn_egg":1,"minecraft:brown_concrete":141,"minecraft:iron_sword":85,"minecraft:purple_shulker_box":7,"minecraft:stripped_jungle_wood":8,"minecraft:bell":1,"minecraft:warped_sign":10,"minecraft:player_head":33,"minecraft:quartz_stairs":15,"minecraft:grass":502,"minecraft:smooth_sandstone_stairs":557,"minecraft:green_terracotta":123,"minecraft:spruce_leaves":1041,"minecraft:soul_sand":14,"minecraft:birch_pressure_plate":1,"minecraft:lily_of_the_valley":6,"minecraft:jungle_planks":28,"minecraft:cyan_wool":1,"minecraft:beehive":5,"minecraft:snowball":1,"minecraft:azure_bluet":9,"minecraft:milk_bucket":7,"minecraft:stripped_spruce_log":775,"minecraft:obsidian":40,"minecraft:honey_bottle":14,"minecraft:wandering_trader_spawn_egg":1,"minecraft:packed_ice":46,"minecraft:cyan_terracotta":1341,"minecraft:bricks":151,"minecraft:coal_ore":21,"minecraft:quartz_pillar":39,"minecraft:villager_spawn_egg":10,"minecraft:spruce_wood":1242,"minecraft:lantern":69,"minecraft:grass_block":2862,"minecraft:blue_orchid":4,"minecraft:panda_spawn_egg":11,"minecraft:green_wool":10,"minecraft:polished_andesite_stairs":731,"minecraft:warped_nylium":45,"minecraft:dark_oak_leaves":822,"minecraft:dark_oak_slab":832,"minecraft:light_blue_bed":1,"minecraft:mossy_cobblestone_slab":109,"minecraft:gray_concrete_powder":308,"minecraft:crimson_roots":75,"minecraft:dark_oak_button":118,"minecraft:stone_brick_stairs":776,"minecraft:stone_bricks":830,"minecraft:blue_banner":5,"minecraft:bedrock":23,"minecraft:repeater":180,"minecraft:redstone_lamp":19,"minecraft:bow":797,"minecraft:warped_fungus":24,"minecraft:written_book":2,"minecraft:sweet_berries":92,"minecraft:gold_block":3,"minecraft:egg":22,"minecraft:green_stained_glass_pane":426,"minecraft:brown_concrete_powder":268,"minecraft:dead_brain_coral_fan":6,"minecraft:dark_prismarine_stairs":137,"minecraft:large_fern":23,"minecraft:stripped_spruce_wood":106,"minecraft:dark_oak_sapling":4,"minecraft:dark_oak_stairs":440,"minecraft:mossy_stone_bricks":57,"minecraft:diorite":76,"minecraft:end_rod":94,"minecraft:damaged_anvil":1,"minecraft:spruce_door":5,"minecraft:dropper":3,"minecraft:birch_leaves":1467,"minecraft:gray_carpet":5,"minecraft:powered_rail":10,"minecraft:oak_planks":34,"minecraft:birch_wood":31,"minecraft:ender_pearl":24,"minecraft:sandstone":2,"minecraft:redstone_block":32,"minecraft:composter":13,"minecraft:diamond_axe":27,"minecraft:sugar_cane":22,"minecraft:smooth_quartz_stairs":59,"minecraft:oak_leaves":3,"minecraft:white_wool":3,"minecraft:golden_apple":5,"minecraft:dark_oak_trapdoor":286,"minecraft:sand":776,"minecraft:light_blue_concrete":15,"minecraft:lime_stained_glass_pane":12,"minecraft:loom":57,"minecraft:light_blue_wool":92,"minecraft:smooth_red_sandstone":111,"minecraft:black_banner":3,"minecraft:light_gray_terracotta":17,"minecraft:acacia_leaves":1,"minecraft:yellow_concrete":235,"minecraft:black_bed":1,"minecraft:lingering_potion":3,"minecraft:stone_brick_wall":503,"minecraft:gray_concrete":3666,"minecraft:black_concrete_powder":131,"minecraft:redstone_torch":50,"minecraft:sticky_piston":153,"minecraft:dead_fire_coral_fan":14,"minecraft:lever":59,"minecraft:green_concrete":153,"minecraft:black_concrete":497,"minecraft:gray_stained_glass_pane":23,"minecraft:light_gray_concrete":54,"minecraft:melon_slice":27,"minecraft:string":44,"minecraft:warped_slab":95,"minecraft:red_terracotta":4,"minecraft:polished_granite":145,"minecraft:iron_door":1,"minecraft:gravel":804,"minecraft:polished_andesite_slab":283,"minecraft:soul_lantern":9,"minecraft:coal_block":36,"minecraft:diamond_sword":46,"minecraft:fire_charge":2,"minecraft:pufferfish_bucket":3,"minecraft:dark_oak_fence":599,"minecraft:white_stained_glass":4,"minecraft:andesite":523,"minecraft:green_concrete_powder":70,"minecraft:poisonous_potato":1,"minecraft:smooth_stone_slab":5,"minecraft:white_concrete":205,"minecraft:coarse_dirt":2109,"minecraft:warped_button":37,"minecraft:experience_bottle":116,"minecraft:cobweb":24,"minecraft:gray_stained_glass":135,"minecraft:oak_trapdoor":40,"minecraft:trident":35,"minecraft:netherite_sword":3,"minecraft:jungle_leaves":131,"minecraft:granite_stairs":17,"minecraft:rose_bush":1,"minecraft:iron_bars":61,"minecraft:orange_concrete":7,"minecraft:acacia_log":7,"minecraft:dead_bush":68,"minecraft:flint_and_steel":1,"minecraft:white_tulip":9,"minecraft:redstone":368,"minecraft:dried_kelp":3,"minecraft:light_gray_carpet":14,"minecraft:stripped_warped_stem":21,"minecraft:light_blue_terracotta":61,"minecraft:silverfish_spawn_egg":3,"minecraft:spruce_planks":1522,"minecraft:stripped_birch_wood":18,"minecraft:sandstone_wall":119,"minecraft:dried_kelp_block":28,"minecraft:bee_spawn_egg":20,"minecraft:torch":1,"minecraft:dragon_egg":2,"minecraft:brewing_stand":1,"minecraft:dirt":423,"minecraft:anvil":68,"minecraft:target":8,"minecraft:hopper":92,"minecraft:spruce_stairs":486,"minecraft:stone_stairs":73,"minecraft:oak_wood":111,"minecraft:bee_nest":1,"minecraft:polished_granite_slab":2,"minecraft:warped_pressure_plate":1,"minecraft:spruce_fence":169,"minecraft:granite":98,"minecraft:blue_concrete":3,"minecraft:polished_diorite":102,"minecraft:fern":30,"minecraft:mossy_cobblestone_stairs":49,"minecraft:iron_hoe":7,"minecraft:stone_brick_slab":313,"minecraft:brown_terracotta":4,"minecraft:sea_lantern":299,"minecraft:bookshelf":814,"minecraft:light_gray_stained_glass":9,"minecraft:yellow_stained_glass":21,"minecraft:iron_block":3,"minecraft:iron_axe":130,"minecraft:brick_stairs":38,"minecraft:slime_block":13,"minecraft:spruce_button":240,"minecraft:warped_fence":12,"minecraft:smooth_sandstone":1071,"minecraft:smooth_quartz":135,"minecraft:totem_of_undying":13,"minecraft:barrel":16,"minecraft:bamboo":160,"minecraft:light_gray_wool":49,"minecraft:basalt":326,"minecraft:tripwire_hook":2,"minecraft:glowstone":47,"minecraft:golden_carrot":5,"minecraft:warped_stairs":196,"minecraft:black_stained_glass":108,"minecraft:tall_grass":404,"minecraft:gray_glazed_terracotta":12,"minecraft:iron_trapdoor":11,"minecraft:soul_soil":11,"minecraft:salmon_spawn_egg":37,"minecraft:podzol":283,"minecraft:acacia_wood":1062,"minecraft:granite_wall":27,"minecraft:cooked_beef":41,"minecraft:observer":42,"minecraft:acacia_planks":83,"minecraft:pumpkin":1,"minecraft:orange_terracotta":389,"minecraft:turtle_egg":10,"minecraft:enchanted_golden_apple":12,"minecraft:dead_bubble_coral_fan":2,"minecraft:golden_axe":6,"minecraft:water_bucket":82,"minecraft:pink_tulip":10,"minecraft:cobblestone_stairs":55,"minecraft:tube_coral_block":2,"minecraft:birch_planks":28,"minecraft:polished_andesite":3375,"minecraft:lime_wool":6,"minecraft:cartography_table":3,"minecraft:blue_wool":218,"minecraft:andesite_slab":30,"minecraft:smooth_sandstone_slab":590,"minecraft:purple_glazed_terracotta":85,"minecraft:brown_mushroom":15,"minecraft:spruce_sign":49,"minecraft:cauldron":5,"minecraft:spruce_fence_gate":9,"minecraft:cobblestone_slab":151,"minecraft:cracked_stone_bricks":14,"minecraft:jungle_wood":1,"minecraft:polished_blackstone_pressure_plate":2,"minecraft:mossy_cobblestone":114,"minecraft:rail":24,"minecraft:lime_terracotta":122,"minecraft:comparator":35,"minecraft:terracotta":876,"minecraft:vine":141,"minecraft:dark_prismarine_slab":216,"minecraft:tnt":16,"minecraft:red_mushroom":17,"minecraft:brown_banner":2,"minecraft:campfire":29,"minecraft:light_gray_concrete_powder":62,"minecraft:dark_oak_fence_gate":61,"minecraft:fire_coral":1,"minecraft:painting":28,"minecraft:spruce_log":259,"minecraft:smoker":2,"minecraft:warped_planks":1309,"minecraft:dark_oak_door":3,"minecraft:cyan_stained_glass":3058,"minecraft:dark_prismarine":892,"minecraft:netherite_block":2203,"minecraft:flower_pot":52,"minecraft:black_wool":1,"minecraft:apple":10,"minecraft:warped_trapdoor":46,"minecraft:oxeye_daisy":7,"minecraft:diamond_shovel":21,"minecraft:sunflower":1,"minecraft:pig_spawn_egg":2,"minecraft:stone_slab":84,"minecraft:spruce_trapdoor":241,"minecraft:stone_axe":35,"minecraft:chiseled_stone_bricks":27,"minecraft:brown_stained_glass_pane":31,"minecraft:fishing_rod":8,"minecraft:cod_spawn_egg":13,"minecraft:crimson_fungus":23,"minecraft:cobblestone":284,"minecraft:potion":23,"minecraft:cyan_stained_glass_pane":416,"minecraft:andesite_stairs":7,"minecraft:lapis_block":155,"minecraft:glass_pane":1,"minecraft:grass_path":21,"minecraft:polished_blackstone_button":31,"minecraft:sea_pickle":39,"minecraft:kelp":62,"minecraft:gray_wool":67,"minecraft:brown_mushroom_block":188,"minecraft:jukebox":5,"minecraft:smooth_stone":254,"minecraft:splash_potion":38,"minecraft:green_stained_glass":319},"minecraft:dropped":{"minecraft:spruce_sign":1,"minecraft:iron_sword":3,"minecraft:acacia_wood":1,"minecraft:lapis_lazuli":2,"minecraft:cooked_beef":19,"minecraft:glass_bottle":8,"minecraft:ender_pearl":1,"minecraft:nether_star":2,"minecraft:honeycomb":378,"minecraft:bedrock":32,"minecraft:elytra":1,"minecraft:black_banner":1,"minecraft:music_disc_13":1,"minecraft:dirt":1,"minecraft:redstone_lamp":1,"minecraft:panda_spawn_egg":1,"minecraft:dispenser":1,"minecraft:mutton":5,"minecraft:fishing_rod":1,"minecraft:white_wool":2,"minecraft:green_wool":1,"minecraft:stone_axe":1,"minecraft:lever":1,"minecraft:blue_wool":1,"minecraft:enchanted_golden_apple":49,"minecraft:yellow_stained_glass":1,"minecraft:light_gray_carpet":1,"minecraft:warped_sign":1,"minecraft:blaze_powder":5,"minecraft:stone_stairs":1,"minecraft:honey_bottle":1,"minecraft:warped_planks":2,"minecraft:chainmail_chestplate":13,"minecraft:hopper":2,"minecraft:leather_boots":1,"minecraft:spruce_wood":575,"minecraft:painting":1,"minecraft:arrow":58,"minecraft:podzol":1,"minecraft:stone_brick_stairs":1,"minecraft:green_stained_glass":1,"minecraft:firework_rocket":1,"minecraft:egg":1,"minecraft:cyan_stained_glass":1,"minecraft:wheat_seeds":1,"minecraft:tnt":32,"minecraft:bookshelf":1,"minecraft:yellow_concrete":2,"minecraft:light_gray_stained_glass_pane":1,"minecraft:golden_axe":1,"minecraft:iron_helmet":8,"minecraft:grass_block":2,"minecraft:chainmail_helmet":2,"minecraft:polished_andesite":1,"minecraft:milk_bucket":1,"minecraft:ink_sac":3,"minecraft:torch":1,"minecraft:repeater":2,"minecraft:iron_leggings":1,"minecraft:iron_axe":7,"minecraft:polished_basalt":1,"minecraft:chainmail_leggings":10,"minecraft:string":4,"minecraft:gray_carpet":1,"minecraft:stone_brick_slab":2,"minecraft:redstone":4,"minecraft:sweet_berries":20,"minecraft:oak_trapdoor":1,"minecraft:player_head":70,"minecraft:coarse_dirt":1,"minecraft:blaze_rod":3,"minecraft:light_gray_terracotta":1,"minecraft:iron_boots":18,"minecraft:stone_slab":1,"minecraft:light_gray_concrete":1,"minecraft:oak_sign":1,"minecraft:filled_map":2,"minecraft:diamond_sword":1,"minecraft:shield":9,"minecraft:spider_eye":1,"minecraft:bow":7,"minecraft:white_stained_glass":1,"minecraft:light_blue_shulker_box":2},"minecraft:broken":{"minecraft:iron_boots":2,"minecraft:chainmail_chestplate":2,"minecraft:iron_sword":1,"minecraft:bow":7,"minecraft:diamond_sword":1,"minecraft:chainmail_leggings":2,"minecraft:iron_helmet":2,"minecraft:netherite_sword":3},"minecraft:killed":{"minecraft:spider":11,"minecraft:cod":1,"minecraft:pufferfish":2,"minecraft:bee":6,"minecraft:silverfish":3,"minecraft:pig":2,"minecraft:salmon":23,"minecraft:zombie":4,"minecraft:wandering_trader":1,"minecraft:villager":1},"minecraft:mined":{"minecraft:fire":2,"minecraft:slime_block":4,"minecraft:seagrass":4,"minecraft:tnt":3,"minecraft:black_bed":1,"minecraft:grass":26,"minecraft:lily_pad":1,"minecraft:sweet_berry_bush":10},"minecraft:picked_up":{"minecraft:stone_slab":2,"minecraft:diamond_sword":1,"minecraft:potion":2,"minecraft:purple_shulker_box":1,"minecraft:string":52,"minecraft:soul_soil":2,"minecraft:iron_leggings":2,"minecraft:pufferfish":3,"minecraft:experience_bottle":1,"minecraft:sea_pickle":3,"minecraft:comparator":4,"minecraft:redstone_torch":18,"minecraft:written_book":2,"minecraft:enchanted_golden_apple":95,"minecraft:melon_slice":19,"minecraft:iron_boots":36,"minecraft:blue_wool":1,"minecraft:tipped_arrow":14,"minecraft:beehive":1,"minecraft:cyan_stained_glass":1,"minecraft:golden_axe":2,"minecraft:warped_button":6,"minecraft:warped_planks":1,"minecraft:golden_chestplate":1,"minecraft:honey_bottle":1,"minecraft:rotten_flesh":756,"minecraft:green_wool":1,"minecraft:bookshelf":1,"minecraft:blaze_rod":1,"minecraft:snowball":282,"minecraft:cod":1,"minecraft:blaze_powder":1,"minecraft:leather_chestplate":3,"minecraft:cooked_beef":301,"minecraft:repeater":15,"minecraft:water_bucket":2,"minecraft:black_bed":1,"minecraft:potato":2,"minecraft:netherite_leggings":1,"minecraft:lapis_lazuli":1,"minecraft:dirt":11,"minecraft:leather_boots":5,"minecraft:bow":28,"minecraft:wheat_seeds":3,"minecraft:powered_rail":3,"minecraft:bamboo":9,"minecraft:honeycomb":3529,"minecraft:cooked_porkchop":10,"minecraft:music_disc_13":1,"minecraft:dropper":1,"minecraft:light_blue_shulker_box":2,"minecraft:grass_block":3,"minecraft:spectral_arrow":9,"minecraft:light_gray_terracotta":1,"minecraft:polished_andesite":1,"minecraft:slime_block":4,"minecraft:netherite_helmet":1,"minecraft:lever":14,"minecraft:polished_blackstone_button":7,"minecraft:bone_meal":763,"minecraft:golden_apple":1,"minecraft:spruce_sign":1,"minecraft:spruce_button":1,"minecraft:chainmail_helmet":27,"minecraft:fishing_rod":3,"minecraft:coarse_dirt":2,"minecraft:leather_leggings":3,"minecraft:shield":31,"minecraft:elytra":1,"minecraft:stone_stairs":2,"minecraft:iron_axe":6,"minecraft:blue_orchid":1,"minecraft:netherite_sword":1,"minecraft:beef":96,"minecraft:player_head":616,"minecraft:light_gray_wool":1,"minecraft:egg":4,"minecraft:stone":2,"minecraft:redstone":94,"minecraft:light_gray_stained_glass_pane":1,"minecraft:blue_carpet":1,"minecraft:tnt":96,"minecraft:arrow":657,"minecraft:diamond_chestplate":1,"minecraft:black_banner":1,"minecraft:mutton":14,"minecraft:white_wool":8,"minecraft:netherite_boots":1,"minecraft:dark_oak_button":11,"minecraft:tripwire_hook":1,"minecraft:salmon":24,"minecraft:red_mushroom":2,"minecraft:bedrock":96,"minecraft:chainmail_chestplate":32,"minecraft:lily_pad":1,"minecraft:podzol":2,"minecraft:kelp":31,"minecraft:apple":27,"minecraft:iron_ingot":2,"minecraft:glass_bottle":6,"minecraft:iron_sword":4,"minecraft:soul_sand":2,"minecraft:sweet_berries":76,"minecraft:yellow_concrete":1,"minecraft:stone_brick_slab":2,"minecraft:gravel":2,"minecraft:spider_eye":4,"minecraft:dragon_egg":1,"minecraft:firework_rocket":1,"minecraft:stone_axe":24,"minecraft:chainmail_leggings":31,"minecraft:iron_helmet":5,"minecraft:painting":1,"minecraft:lodestone":1,"minecraft:black_wool":1,"minecraft:hopper":3,"minecraft:sunflower":1},"minecraft:custom":{"minecraft:open_barrel":16,"minecraft:open_shulker_box":275,"minecraft:leave_game":64,"minecraft:time_since_death":40442,"minecraft:damage_resisted":7814,"minecraft:sprint_one_cm":4096403,"minecraft:damage_blocked_by_shield":826,"minecraft:drop":211,"minecraft:talked_to_villager":1,"minecraft:deaths":93,"minecraft:jump":14946,"minecraft:walk_on_water_one_cm":79135,"minecraft:enchant_item":8,"minecraft:play_one_minute":3550448,"minecraft:interact_with_loom":9,"minecraft:open_enderchest":1,"minecraft:damage_dealt":28951,"minecraft:player_kills":41,"minecraft:crouch_one_cm":1133283,"minecraft:interact_with_smoker":1,"minecraft:inspect_dispenser":35,"minecraft:horse_one_cm":1347,"minecraft:inspect_dropper":17,"minecraft:interact_with_anvil":3,"minecraft:mob_kills":57,"minecraft:inspect_hopper":41,"minecraft:fill_cauldron":2,"minecraft:damage_dealt_resisted":9,"minecraft:climb_one_cm":25326,"minecraft:walk_one_cm":3377225,"minecraft:damage_dealt_absorbed":1151,"minecraft:sneak_time":223756,"minecraft:walk_under_water_one_cm":88823,"minecraft:interact_with_lectern":2,"minecraft:tune_noteblock":5,"minecraft:pot_flower":6,"minecraft:time_since_rest":40446,"minecraft:damage_absorbed":2400,"minecraft:damage_taken":366467,"minecraft:minecart_one_cm":80135,"minecraft:swim_one_cm":90606,"minecraft:fly_one_cm":34021749,"minecraft:open_chest":235,"minecraft:aviate_one_cm":2069783,"minecraft:fall_one_cm":265076}},"DataVersion":2586}