{"stats":{"minecraft:killed_by":{"minecraft:player":44,"minecraft:spider":1,"minecraft:zombie":2},"minecraft:used":{"minecraft:light_blue_stained_glass_pane":2,"minecraft:flint_and_steel":2,"minecraft:armor_stand":1,"minecraft:red_concrete":2,"minecraft:oak_sign":3,"minecraft:shield":5,"minecraft:stone":11,"minecraft:player_head":1161,"minecraft:snowball":4,"minecraft:milk_bucket":1,"minecraft:grass_block":17,"minecraft:iron_block":1,"minecraft:iron_axe":119,"minecraft:oak_stairs":21,"minecraft:totem_of_undying":1,"minecraft:stone_bricks":28,"minecraft:item_frame":16,"minecraft:bedrock":5,"minecraft:glowstone":1,"minecraft:red_stained_glass_pane":3,"minecraft:red_carpet":19,"minecraft:bow":39,"minecraft:written_book":3,"minecraft:sweet_berries":1,"minecraft:egg":12,"minecraft:cooked_beef":18,"minecraft:beetroot_soup":1,"minecraft:mossy_stone_bricks":13,"minecraft:diorite":6,"minecraft:ender_pearl":5,"minecraft:andesite_slab":1,"minecraft:cookie":5,"minecraft:tnt":3,"minecraft:yellow_stained_glass_pane":2,"minecraft:crossbow":5,"minecraft:gray_concrete":3,"minecraft:painting":1,"minecraft:oak_log":33,"minecraft:lever":2,"minecraft:netherite_block":2,"minecraft:melon_slice":2,"minecraft:gravel":2,"minecraft:stone_axe":88,"minecraft:fishing_rod":23,"minecraft:cobblestone":3,"minecraft:wither_rose":11,"minecraft:coarse_dirt":1,"minecraft:splash_potion":8,"minecraft:experience_bottle":69},"minecraft:dropped":{"minecraft:cooked_beef":4,"minecraft:oak_log":64,"minecraft:barrier":1,"minecraft:golden_axe":1,"minecraft:iron_helmet":1,"minecraft:cobblestone":1,"minecraft:bedrock":1,"minecraft:grass_block":4,"minecraft:red_carpet":5,"minecraft:item_frame":5,"minecraft:stick":1,"minecraft:iron_block":1,"minecraft:gray_concrete":1,"minecraft:diorite":2,"minecraft:ink_sac":2,"minecraft:dispenser":1,"minecraft:map":1,"minecraft:snowball":27,"minecraft:oak_stairs":1,"minecraft:iron_axe":1,"minecraft:black_concrete":1,"minecraft:chainmail_leggings":1,"minecraft:stone_axe":2,"minecraft:sweet_berries":20,"minecraft:lever":1,"minecraft:player_head":14,"minecraft:coarse_dirt":1,"minecraft:bowl":1,"minecraft:andesite_slab":1,"minecraft:experience_bottle":2,"minecraft:iron_boots":2,"minecraft:blaze_powder":3,"minecraft:chainmail_chestplate":1,"minecraft:filled_map":18,"minecraft:stone":1,"minecraft:shield":1,"minecraft:netherite_block":1,"minecraft:dragon_egg":1,"minecraft:painting":1,"minecraft:arrow":1,"minecraft:bow":1,"minecraft:stripped_spruce_wood":1,"minecraft:splash_potion":1},"minecraft:broken":{"minecraft:fishing_rod":1,"minecraft:bow":1},"minecraft:killed":{"minecraft:spider":14,"minecraft:silverfish":1},"minecraft:picked_up":{"minecraft:splash_potion":19,"minecraft:leather_leggings":1,"minecraft:shield":3,"minecraft:iron_axe":7,"minecraft:string":16,"minecraft:iron_leggings":1,"minecraft:item_frame":6,"minecraft:experience_bottle":66,"minecraft:oak_sign":4,"minecraft:netherite_sword":1,"minecraft:written_book":1,"minecraft:player_head":173,"minecraft:melon_slice":13,"minecraft:iron_boots":4,"minecraft:egg":2,"minecraft:tipped_arrow":59,"minecraft:stick":1,"minecraft:birch_trapdoor":1,"minecraft:torch":1,"minecraft:white_dye":64,"minecraft:golden_axe":1,"minecraft:cookie":46,"minecraft:diorite":1,"minecraft:trident":2,"minecraft:diamond_chestplate":3,"minecraft:arrow":19,"minecraft:rotten_flesh":14,"minecraft:netherite_chestplate":1,"minecraft:blaze_powder":3,"minecraft:snowball":673,"minecraft:white_wool":1,"minecraft:netherite_boots":1,"minecraft:cooked_beef":14,"minecraft:salmon":35,"minecraft:filled_map":207,"minecraft:oak_log":64,"minecraft:chainmail_chestplate":4,"minecraft:lapis_lazuli":1,"minecraft:leather_boots":1,"minecraft:red_carpet":2,"minecraft:apple":6,"minecraft:bow":2,"minecraft:wheat_seeds":1,"minecraft:glass_bottle":1,"minecraft:iron_sword":1,"minecraft:sweet_berries":23,"minecraft:ink_sac":1,"minecraft:spectral_arrow":56,"minecraft:spider_eye":5,"minecraft:dispenser":1,"minecraft:stone_axe":1,"minecraft:netherite_helmet":1,"minecraft:chainmail_leggings":2,"minecraft:iron_helmet":3,"minecraft:diamond_axe":1,"minecraft:painting":1,"minecraft:bone_meal":1,"minecraft:golden_apple":1,"minecraft:chainmail_helmet":1,"minecraft:red_concrete":1,"minecraft:ender_pearl":15},"minecraft:custom":{"minecraft:mob_kills":16,"minecraft:open_barrel":3,"minecraft:open_shulker_box":39,"minecraft:damage_dealt_resisted":7,"minecraft:leave_game":11,"minecraft:time_since_death":40443,"minecraft:climb_one_cm":5288,"minecraft:damage_resisted":183524181,"minecraft:sprint_one_cm":1203537,"minecraft:walk_one_cm":1098618,"minecraft:damage_blocked_by_shield":185,"minecraft:drop":123,"minecraft:damage_dealt_absorbed":175,"minecraft:sneak_time":5748,"minecraft:deaths":81,"minecraft:walk_under_water_one_cm":63288,"minecraft:interact_with_lectern":4,"minecraft:jump":3986,"minecraft:walk_on_water_one_cm":7235,"minecraft:play_one_minute":506310,"minecraft:interact_with_stonecutter":1,"minecraft:time_since_rest":40446,"minecraft:open_enderchest":1,"minecraft:damage_taken":404926,"minecraft:damage_absorbed":80,"minecraft:damage_dealt":5310,"minecraft:swim_one_cm":6470,"minecraft:fly_one_cm":8920393,"minecraft:player_kills":22,"minecraft:open_chest":26,"minecraft:crouch_one_cm":23899,"minecraft:fall_one_cm":252123,"minecraft:inspect_dispenser":2}},"DataVersion":2586}