{"stats":{"minecraft:killed_by":{"minecraft:player":54,"minecraft:spider":1},"minecraft:used":{"minecraft:dark_oak_stairs":7,"minecraft:trident":6,"minecraft:mossy_stone_bricks":83,"minecraft:red_sand":2,"minecraft:wither_skeleton_skull":2,"minecraft:melon":3,"minecraft:dispenser":34,"minecraft:redstone":11,"minecraft:dark_oak_sign":10,"minecraft:oak_sign":12,"minecraft:ender_pearl":10,"minecraft:spruce_planks":47,"minecraft:shield":8,"minecraft:iron_sword":3,"minecraft:stone":30,"minecraft:beacon":2,"minecraft:player_head":4,"minecraft:cracked_stone_bricks":47,"minecraft:torch":14,"minecraft:mossy_cobblestone":67,"minecraft:dark_oak_trapdoor":1,"minecraft:sand":3,"minecraft:infested_chiseled_stone_bricks":16,"minecraft:loom":2,"minecraft:orange_glazed_terracotta":1,"minecraft:crossbow":25,"minecraft:lingering_potion":2,"minecraft:painting":9,"minecraft:snowball":15,"minecraft:dark_oak_door":1,"minecraft:milk_bucket":1,"minecraft:redstone_torch":3,"minecraft:flower_pot":2,"minecraft:packed_ice":44,"minecraft:apple":2,"minecraft:lantern":5,"minecraft:iron_axe":114,"minecraft:map":10,"minecraft:wet_sponge":1,"minecraft:totem_of_undying":1,"minecraft:dark_oak_slab":85,"minecraft:spruce_trapdoor":8,"minecraft:smooth_quartz":65,"minecraft:gravel":1,"minecraft:rabbit_stew":1,"minecraft:item_frame":3,"minecraft:stone_bricks":58,"minecraft:soul_lantern":1,"minecraft:stone_axe":46,"minecraft:fishing_rod":3,"minecraft:chiseled_stone_bricks":13,"minecraft:cobblestone":28,"minecraft:redstone_lamp":2,"minecraft:potion":5,"minecraft:bow":130,"minecraft:dark_oak_boat":12,"minecraft:written_book":3,"minecraft:infested_cobblestone":5,"minecraft:egg":2,"minecraft:cooked_beef":7,"minecraft:splash_potion":8,"minecraft:enchanted_golden_apple":1,"minecraft:stripped_spruce_wood":20,"minecraft:cobweb":2},"minecraft:dropped":{"minecraft:player_head":2,"minecraft:warped_fungus":10,"minecraft:cooked_beef":4,"minecraft:tnt":386,"minecraft:glass_bottle":2,"minecraft:ender_pearl":1,"minecraft:ender_eye":1,"minecraft:filled_map":17,"minecraft:stone":1,"minecraft:ink_sac":5,"minecraft:wooden_axe":1,"minecraft:leather_boots":1,"minecraft:snowball":26,"minecraft:iron_axe":4,"minecraft:wet_sponge":1,"minecraft:written_book":19},"minecraft:broken":{"minecraft:bow":1},"minecraft:killed":{"minecraft:spider":8,"minecraft:turtle":1},"minecraft:picked_up":{"minecraft:netherite_boots":4,"minecraft:cooked_beef":48,"minecraft:splash_potion":2,"minecraft:rabbit_stew":1,"minecraft:filled_map":17,"minecraft:potion":6,"minecraft:chainmail_chestplate":4,"minecraft:shield":3,"minecraft:string":15,"minecraft:iron_axe":1,"minecraft:leather_boots":1,"minecraft:flint_and_steel":1,"minecraft:orange_glazed_terracotta":1,"minecraft:apple":1,"minecraft:bow":3,"minecraft:redstone_torch":2,"minecraft:player_head":24,"minecraft:iron_boots":4,"minecraft:warped_fungus":9,"minecraft:stone":1,"minecraft:sweet_berries":7,"minecraft:torch":2,"minecraft:ink_sac":4,"minecraft:redstone":1,"minecraft:spectral_arrow":1,"minecraft:spider_eye":4,"minecraft:dispenser":1,"minecraft:tnt":2568,"minecraft:diamond_chestplate":3,"minecraft:arrow":75,"minecraft:rotten_flesh":2,"minecraft:stone_axe":2,"minecraft:chainmail_leggings":4,"minecraft:iron_helmet":1,"minecraft:warped_sign":1,"minecraft:chainmail_helmet":3,"minecraft:snowball":41,"minecraft:ender_pearl":1,"minecraft:wet_sponge":1},"minecraft:custom":{"minecraft:mob_kills":13,"minecraft:open_shulker_box":54,"minecraft:play_one_minute":473676,"minecraft:interact_with_loom":6,"minecraft:pot_flower":2,"minecraft:damage_dealt_resisted":11,"minecraft:leave_game":16,"minecraft:time_since_death":26629,"minecraft:climb_one_cm":5136,"minecraft:damage_resisted":6557,"minecraft:time_since_rest":26634,"minecraft:damage_absorbed":80,"minecraft:sprint_one_cm":1078975,"minecraft:damage_taken":26082,"minecraft:walk_one_cm":935108,"minecraft:damage_blocked_by_shield":394,"minecraft:drop":103,"minecraft:damage_dealt":3472,"minecraft:damage_dealt_absorbed":249,"minecraft:swim_one_cm":1547,"minecraft:fly_one_cm":6322242,"minecraft:player_kills":9,"minecraft:open_chest":25,"minecraft:crouch_one_cm":46702,"minecraft:deaths":85,"minecraft:sneak_time":12340,"minecraft:walk_under_water_one_cm":8325,"minecraft:boat_one_cm":256486,"minecraft:jump":3084,"minecraft:walk_on_water_one_cm":5046,"minecraft:inspect_dispenser":9,"minecraft:fall_one_cm":285674}},"DataVersion":2586}