{"stats":{"minecraft:killed":{"minecraft:spider":8,"minecraft:zombie":2,"minecraft:silverfish":2},"minecraft:killed_by":{"minecraft:player":7,"minecraft:silverfish":1},"minecraft:broken":{"minecraft:netherite_sword":1},"minecraft:picked_up":{"minecraft:wooden_axe":1,"minecraft:netherite_boots":5,"minecraft:clock":3,"minecraft:cooked_beef":32,"minecraft:golden_leggings":1,"minecraft:dark_oak_boat":1,"minecraft:potion":4,"minecraft:chainmail_chestplate":2,"minecraft:golden_boots":1,"minecraft:shield":2,"minecraft:string":6,"minecraft:elytra":3,"minecraft:twisting_vines":16,"minecraft:sticky_piston":1,"minecraft:oak_sign":3,"minecraft:bow":2,"minecraft:rose_bush":1,"minecraft:player_head":2,"minecraft:smooth_quartz":1,"minecraft:melon_slice":1,"minecraft:oak_planks":1,"minecraft:smooth_quartz_stairs":1,"minecraft:iron_boots":2,"minecraft:furnace":1,"minecraft:stick":1,"minecraft:sweet_berries":5,"minecraft:carrot":1,"minecraft:redstone":3,"minecraft:golden_chestplate":1,"minecraft:stone_pressure_plate":5,"minecraft:firework_rocket":64,"minecraft:rotten_flesh":63,"minecraft:arrow":64,"minecraft:slime_ball":3,"minecraft:stone_axe":2,"minecraft:chainmail_leggings":2,"minecraft:chainmail_helmet":2,"minecraft:smooth_quartz_slab":1,"minecraft:snowball":511},"minecraft:custom":{"minecraft:interact_with_furnace":6,"minecraft:mob_kills":13,"minecraft:interact_with_anvil":3,"minecraft:open_barrel":2,"minecraft:play_one_minute":269113,"minecraft:open_shulker_box":28,"minecraft:leave_game":7,"minecraft:time_since_death":478,"minecraft:climb_one_cm":8876,"minecraft:damage_resisted":10735,"minecraft:time_since_rest":486,"minecraft:sprint_one_cm":741799,"minecraft:damage_absorbed":200,"minecraft:damage_taken":5058,"minecraft:walk_one_cm":542907,"minecraft:damage_blocked_by_shield":872,"minecraft:drop":83,"minecraft:minecart_one_cm":20015,"minecraft:damage_dealt":3192,"minecraft:swim_one_cm":11068,"minecraft:talked_to_villager":1,"minecraft:fly_one_cm":1934639,"minecraft:player_kills":6,"minecraft:open_chest":33,"minecraft:crouch_one_cm":77972,"minecraft:deaths":11,"minecraft:sneak_time":29014,"minecraft:walk_under_water_one_cm":3574,"minecraft:boat_one_cm":21490,"minecraft:aviate_one_cm":189081,"minecraft:jump":2074,"minecraft:walk_on_water_one_cm":5290,"minecraft:inspect_dispenser":4,"minecraft:fall_one_cm":83852},"minecraft:used":{"minecraft:warped_stem":8,"minecraft:nether_brick_fence":3,"minecraft:water_bucket":4,"minecraft:netherite_sword":1,"minecraft:iron_bars":25,"minecraft:crimson_fence":12,"minecraft:orange_concrete":7,"minecraft:snow_block":48,"minecraft:melon":50,"minecraft:carved_pumpkin":27,"minecraft:red_concrete":98,"minecraft:armor_stand":4,"minecraft:dispenser":4,"minecraft:redstone":6,"minecraft:ladder":44,"minecraft:oak_sign":12,"minecraft:black_carpet":14,"minecraft:blackstone":45,"minecraft:ender_pearl":2,"minecraft:chest":5,"minecraft:shield":16,"minecraft:stone":12,"minecraft:red_mushroom_block":59,"minecraft:redstone_block":8,"minecraft:dried_kelp_block":9,"minecraft:netherrack":15,"minecraft:polished_blackstone_bricks":176,"minecraft:gilded_blackstone":17,"minecraft:golden_apple":1,"minecraft:soul_sand":10,"minecraft:warped_wart_block":22,"minecraft:anvil":1,"minecraft:tnt":2,"minecraft:lime_stained_glass_pane":21,"minecraft:crimson_trapdoor":5,"minecraft:nether_bricks":17,"minecraft:twisting_vines":3,"minecraft:crimson_hyphae":7,"minecraft:black_concrete_powder":14,"minecraft:cyan_wool":2,"minecraft:nether_brick_stairs":4,"minecraft:snowball":11,"minecraft:warped_planks":193,"minecraft:cyan_stained_glass":18,"minecraft:milk_bucket":1,"minecraft:honey_bottle":4,"minecraft:black_wool":25,"minecraft:sticky_piston":14,"minecraft:gray_terracotta":5,"minecraft:lever":1,"minecraft:piston":10,"minecraft:packed_ice":1,"minecraft:black_concrete":125,"minecraft:apple":6,"minecraft:firework_rocket":3,"minecraft:crying_obsidian":43,"minecraft:iron_axe":26,"minecraft:lantern":4,"minecraft:grass_block":20,"minecraft:melon_slice":8,"minecraft:string":2,"minecraft:slime_block":34,"minecraft:map":11,"minecraft:warped_nylium":36,"minecraft:crimson_nylium":15,"minecraft:bedrock":3,"minecraft:dark_oak_boat":3,"minecraft:basalt":34,"minecraft:stone_axe":29,"minecraft:diamond_sword":1,"minecraft:bow":3,"minecraft:potion":1,"minecraft:glowstone":10,"minecraft:cod_spawn_egg":3,"minecraft:lime_concrete":30,"minecraft:warped_stairs":25,"minecraft:black_stained_glass":11,"minecraft:written_book":29,"minecraft:lime_stained_glass":24,"minecraft:furnace":15,"minecraft:ice":9,"minecraft:egg":1,"minecraft:stone_pressure_plate":11,"minecraft:cooked_beef":6,"minecraft:splash_potion":10,"minecraft:enchanted_golden_apple":1,"minecraft:experience_bottle":1,"minecraft:green_stained_glass":9},"minecraft:dropped":{"minecraft:snowball":79,"minecraft:slime_ball":4}},"DataVersion":2586}