{"stats":{"minecraft:killed_by":{"minecraft:player":35,"minecraft:silverfish":1},"minecraft:used":{"minecraft:quartz_bricks":4,"minecraft:oak_fence":26,"minecraft:petrified_oak_slab":3,"minecraft:trident":3,"minecraft:netherite_sword":2,"minecraft:writable_book":17,"minecraft:dispenser":57,"minecraft:spruce_slab":18,"minecraft:redstone":153,"minecraft:oak_planks":55,"minecraft:oak_sign":3,"minecraft:ender_pearl":1,"minecraft:chest":3,"minecraft:shield":36,"minecraft:stone":5,"minecraft:iron_sword":14,"minecraft:spruce_sign":3,"minecraft:white_wool":12,"minecraft:dirt":26,"minecraft:anvil":2,"minecraft:tnt":30,"minecraft:orange_wool":10,"minecraft:crossbow":1,"minecraft:painting":5,"minecraft:redstone_torch":7,"minecraft:piston":2,"minecraft:iron_axe":146,"minecraft:grass_block":25,"minecraft:oak_stairs":38,"minecraft:stone_axe":52,"minecraft:repeater":56,"minecraft:red_carpet":30,"minecraft:bow":108,"minecraft:hay_block":1,"minecraft:written_book":2,"minecraft:andesite":6,"minecraft:wither_rose":9,"minecraft:egg":1,"minecraft:cooked_beef":12,"minecraft:splash_potion":124,"minecraft:experience_bottle":13},"minecraft:dropped":{"minecraft:tnt":64,"minecraft:polished_andesite":2,"minecraft:filled_map":21,"minecraft:ink_sac":1,"minecraft:iron_axe":1},"minecraft:broken":{"minecraft:chainmail_chestplate":1,"minecraft:chainmail_leggings":1,"minecraft:iron_boots":1,"minecraft:chainmail_helmet":1,"minecraft:netherite_sword":2},"minecraft:killed":{"minecraft:salmon":138,"minecraft:spider":1,"minecraft:zombie":1,"minecraft:silverfish":1},"minecraft:picked_up":{"minecraft:seagrass":1,"minecraft:cooked_beef":331,"minecraft:filled_map":67,"minecraft:chainmail_chestplate":21,"minecraft:shield":20,"minecraft:string":5,"minecraft:iron_axe":1,"minecraft:red_carpet":1,"minecraft:bow":21,"minecraft:written_book":2,"minecraft:player_head":1572,"minecraft:oak_planks":1,"minecraft:iron_boots":20,"minecraft:tipped_arrow":6,"minecraft:redstone":6,"minecraft:spider_eye":1,"minecraft:tnt":1975,"minecraft:dispenser":129,"minecraft:arrow":685,"minecraft:stone_axe":30,"minecraft:lever":1,"minecraft:chainmail_leggings":24,"minecraft:bone_meal":1,"minecraft:chainmail_helmet":23},"minecraft:custom":{"minecraft:interact_with_anvil":4,"minecraft:mob_kills":150,"minecraft:open_barrel":4,"minecraft:play_one_minute":231446,"minecraft:open_shulker_box":48,"minecraft:damage_dealt_resisted":8,"minecraft:leave_game":10,"minecraft:time_since_death":40414,"minecraft:climb_one_cm":3306,"minecraft:damage_resisted":2520,"minecraft:time_since_rest":40417,"minecraft:sprint_one_cm":708561,"minecraft:open_enderchest":4,"minecraft:damage_taken":47283,"minecraft:walk_one_cm":341002,"minecraft:damage_blocked_by_shield":2605,"minecraft:drop":26,"minecraft:minecart_one_cm":947,"minecraft:damage_dealt":9587,"minecraft:damage_dealt_absorbed":492,"minecraft:swim_one_cm":5674,"minecraft:fly_one_cm":1991282,"minecraft:player_kills":43,"minecraft:open_chest":29,"minecraft:crouch_one_cm":17020,"minecraft:deaths":42,"minecraft:sneak_time":4023,"minecraft:walk_under_water_one_cm":497,"minecraft:jump":2052,"minecraft:walk_on_water_one_cm":1153,"minecraft:fall_one_cm":107034,"minecraft:inspect_dispenser":34,"minecraft:horse_one_cm":3992}},"DataVersion":2586}