{"stats":{"minecraft:killed":{"minecraft:spider":1,"minecraft:zombie":4,"minecraft:villager":2},"minecraft:custom":{"minecraft:mob_kills":8,"minecraft:interact_with_cartography_table":1,"minecraft:play_one_minute":125548,"minecraft:open_shulker_box":14,"minecraft:interact_with_loom":2,"minecraft:leave_game":9,"minecraft:time_since_death":37545,"minecraft:climb_one_cm":2848,"minecraft:damage_resisted":6067,"minecraft:time_since_rest":37565,"minecraft:sprint_one_cm":75128,"minecraft:damage_taken":173906,"minecraft:walk_one_cm":101805,"minecraft:drop":10,"minecraft:damage_dealt":20458,"minecraft:fly_one_cm":1190820,"minecraft:player_kills":1,"minecraft:open_chest":79,"minecraft:crouch_one_cm":12415,"minecraft:deaths":11,"minecraft:sneak_time":6660,"minecraft:jump":683,"minecraft:walk_on_water_one_cm":825,"minecraft:fall_one_cm":46002},"minecraft:picked_up":{"minecraft:blaze_spawn_egg":65,"minecraft:coarse_dirt":1,"minecraft:clock":42,"minecraft:splash_potion":2,"minecraft:cod_spawn_egg":64,"minecraft:golden_leggings":2,"minecraft:diamond_sword":1,"minecraft:bee_spawn_egg":64,"minecraft:potato":1,"minecraft:filled_map":5,"minecraft:potion":1,"minecraft:golden_boots":1,"minecraft:bat_spawn_egg":64,"minecraft:magma_cube_spawn_egg":5,"minecraft:spawner":1,"minecraft:item_frame":5,"minecraft:oak_sign":1,"minecraft:stone_bricks":1,"minecraft:bow":1,"minecraft:creeper_spawn_egg":1,"minecraft:player_head":4,"minecraft:blue_shulker_box":3,"minecraft:chest":1,"minecraft:orange_shulker_box":4,"minecraft:shulker_spawn_egg":64,"minecraft:carrot":2,"minecraft:golden_chestplate":2,"minecraft:gray_shulker_box":1,"minecraft:wither_skeleton_spawn_egg":64,"minecraft:green_banner":1,"minecraft:rotten_flesh":317,"minecraft:red_shulker_box":4,"minecraft:repeating_command_block":124,"minecraft:netherite_helmet":1,"minecraft:wolf_spawn_egg":64,"minecraft:white_shulker_box":1},"minecraft:used":{"minecraft:flint_and_steel":1,"minecraft:cartography_table":1,"minecraft:oak_sign":16,"minecraft:green_banner":33,"minecraft:chest":27,"minecraft:donkey_spawn_egg":1,"minecraft:player_head":1,"minecraft:cracked_stone_bricks":76,"minecraft:oak_leaves":2,"minecraft:loom":1,"minecraft:campfire":4,"minecraft:lingering_potion":21,"minecraft:stone_brick_wall":5,"minecraft:bat_spawn_egg":3,"minecraft:obsidian":12,"minecraft:red_shulker_box":4,"minecraft:light_gray_stained_glass":1,"minecraft:villager_spawn_egg":3,"minecraft:gray_shulker_box":1,"minecraft:cracked_polished_blackstone_bricks":56,"minecraft:grass_block":7,"minecraft:orange_shulker_box":2,"minecraft:green_wool":83,"minecraft:gravel":3,"minecraft:stone_brick_stairs":135,"minecraft:stone_bricks":688,"minecraft:yellow_wool":6,"minecraft:stone_axe":2,"minecraft:diamond_sword":12,"minecraft:cod_spawn_egg":13,"minecraft:cobblestone":3,"minecraft:bow":9,"minecraft:blue_shulker_box":2,"minecraft:andesite":61,"minecraft:smooth_stone_slab":1,"minecraft:splash_potion":336},"minecraft:dropped":{"minecraft:cooked_beef":6,"minecraft:green_banner":1,"minecraft:shield":1,"minecraft:stone_bricks":1,"minecraft:bow":1},"minecraft:killed_by":{"minecraft:player":8}},"DataVersion":2586}