{"stats":{"minecraft:used":{"minecraft:lingering_potion":101},"minecraft:picked_up":{"minecraft:player_head":1,"minecraft:bamboo":53},"minecraft:custom":{"minecraft:jump":104,"minecraft:time_since_rest":1613,"minecraft:crouch_one_cm":1585,"minecraft:play_one_minute":35175,"minecraft:leave_game":1,"minecraft:deaths":1,"minecraft:sprint_one_cm":5265,"minecraft:time_since_death":1609,"minecraft:walk_one_cm":12670,"minecraft:sneak_time":4592,"minecraft:climb_one_cm":48,"minecraft:fly_one_cm":224801}},"DataVersion":2586}