{"stats":{"minecraft:killed_by":{"minecraft:zombie":8,"minecraft:player":11},"minecraft:used":{"minecraft:light_blue_stained_glass_pane":6,"minecraft:blue_terracotta":8,"minecraft:smooth_quartz_slab":2,"minecraft:spruce_slab":221,"minecraft:dispenser":4,"minecraft:diamond_hoe":1,"minecraft:oak_sign":12,"minecraft:iron_sword":42,"minecraft:shield":37,"minecraft:stone":234,"minecraft:brown_concrete":8,"minecraft:zombie_spawn_egg":5,"minecraft:bubble_coral":14,"minecraft:player_head":2,"minecraft:tube_coral":11,"minecraft:carrot":116,"minecraft:cyan_wool":4,"minecraft:snowball":1,"minecraft:stripped_spruce_log":21,"minecraft:obsidian":15,"minecraft:glass":292,"minecraft:cyan_terracotta":3,"minecraft:lava_bucket":1,"minecraft:coal_ore":1,"minecraft:stripped_dark_oak_wood":1,"minecraft:villager_spawn_egg":7,"minecraft:red_wool":10,"minecraft:grass_block":78,"minecraft:netherite_hoe":88,"minecraft:dark_oak_slab":6,"minecraft:gray_concrete_powder":1,"minecraft:tropical_fish_spawn_egg":64,"minecraft:stone_brick_stairs":1,"minecraft:stone_bricks":670,"minecraft:slime_spawn_egg":14,"minecraft:rabbit_stew":2,"minecraft:red_stained_glass_pane":1,"minecraft:repeater":6,"minecraft:dolphin_spawn_egg":19,"minecraft:bow":211,"minecraft:horn_coral":24,"minecraft:written_book":1,"minecraft:sweet_berries":2,"minecraft:gold_block":168,"minecraft:egg":1,"minecraft:fire_coral_fan":3,"minecraft:green_stained_glass_pane":1,"minecraft:zoglin_spawn_egg":3,"minecraft:tube_coral_fan":10,"minecraft:powered_rail":35,"minecraft:ender_pearl":40,"minecraft:composter":1,"minecraft:white_wool":533,"minecraft:cookie":7,"minecraft:brain_coral":8,"minecraft:golden_apple":11,"minecraft:sand":429,"minecraft:yellow_terracotta":1,"minecraft:sponge":37,"minecraft:lingering_potion":7,"minecraft:gray_concrete":5,"minecraft:squid_spawn_egg":8,"minecraft:redstone_torch":22,"minecraft:sticky_piston":59,"minecraft:lever":8,"minecraft:green_concrete":2,"minecraft:black_concrete":4,"minecraft:firework_rocket":39,"minecraft:melon_slice":32,"minecraft:string":17,"minecraft:stone_button":2,"minecraft:diamond_sword":12,"minecraft:fire_charge":1,"minecraft:dark_oak_fence":5,"minecraft:bubble_coral_block":37,"minecraft:andesite":1,"minecraft:white_concrete":4,"minecraft:coarse_dirt":3,"minecraft:experience_bottle":344,"minecraft:netherite_sword":184,"minecraft:trident":42,"minecraft:flint_and_steel":1,"minecraft:carved_pumpkin":5,"minecraft:red_concrete":11,"minecraft:pufferfish_spawn_egg":46,"minecraft:redstone":145,"minecraft:light_blue_terracotta":6,"minecraft:silverfish_spawn_egg":1,"minecraft:spruce_planks":10,"minecraft:wither_skeleton_spawn_egg":3,"minecraft:netherrack":1,"minecraft:torch":7,"minecraft:brewing_stand":1,"minecraft:dirt":234,"minecraft:anvil":18,"minecraft:cobblestone_wall":1,"minecraft:dead_brain_coral_block":1,"minecraft:light_blue_stained_glass":827,"minecraft:purple_stained_glass_pane":1,"minecraft:sea_lantern":1,"minecraft:yellow_stained_glass":3,"minecraft:iron_axe":400,"minecraft:iron_block":189,"minecraft:smooth_sandstone":3,"minecraft:totem_of_undying":8,"minecraft:blaze_spawn_egg":3,"minecraft:light_gray_wool":13,"minecraft:tripwire_hook":3,"minecraft:glowstone":5,"minecraft:lime_concrete":28,"minecraft:golden_carrot":1,"minecraft:lime_stained_glass":3,"minecraft:salmon_spawn_egg":16,"minecraft:horn_coral_block":30,"minecraft:cooked_beef":74,"minecraft:orange_stained_glass_pane":1,"minecraft:turtle_egg":12,"minecraft:enchanted_golden_apple":114,"minecraft:beetroot_soup":1,"minecraft:brain_coral_block":14,"minecraft:turtle_spawn_egg":12,"minecraft:water_bucket":458,"minecraft:light_blue_shulker_box":5,"minecraft:tube_coral_block":39,"minecraft:glass_bottle":1,"minecraft:polished_andesite":3,"minecraft:beacon":6,"minecraft:diamond_block":330,"minecraft:lime_terracotta":1,"minecraft:light_gray_banner":2,"minecraft:rail":59,"minecraft:dark_prismarine_slab":34,"minecraft:campfire":58,"minecraft:white_bed":15,"minecraft:fire_coral":11,"minecraft:infested_stone_bricks":156,"minecraft:spruce_log":118,"minecraft:netherite_block":166,"minecraft:dark_prismarine":1,"minecraft:black_wool":27,"minecraft:apple":53,"minecraft:oak_button":2,"minecraft:netherite_axe":16,"minecraft:map":1,"minecraft:spruce_pressure_plate":3,"minecraft:spruce_trapdoor":101,"minecraft:stone_axe":2,"minecraft:fire_coral_block":12,"minecraft:fishing_rod":18,"minecraft:brown_stained_glass_pane":2,"minecraft:cod_spawn_egg":7,"minecraft:cobblestone":9,"minecraft:potion":40,"minecraft:white_banner":5,"minecraft:cyan_stained_glass_pane":3,"minecraft:pumpkin_pie":3,"minecraft:splash_potion":32,"minecraft:green_stained_glass":2},"minecraft:dropped":{"minecraft:iron_sword":1,"minecraft:cooked_beef":16,"minecraft:glass_bottle":29,"minecraft:lime_stained_glass":1,"minecraft:tube_coral_block":1,"minecraft:turtle_spawn_egg":1,"minecraft:squid_spawn_egg":1,"minecraft:rail":1,"minecraft:cod":3,"minecraft:dirt":2,"minecraft:stone_button":1,"minecraft:dispenser":1,"minecraft:crimson_roots":1,"minecraft:seagrass":1,"minecraft:snowball":1,"minecraft:netherite_boots":7,"minecraft:stripped_dark_oak_wood":1,"minecraft:blaze_spawn_egg":1,"minecraft:horn_coral":1,"minecraft:light_gray_banner":1,"minecraft:bubble_coral_block":1,"minecraft:bone_meal":1,"minecraft:sand":2,"minecraft:tube_coral":1,"minecraft:black_concrete":1,"minecraft:white_wool":3,"minecraft:bone":2,"minecraft:stone_axe":1,"minecraft:silverfish_spawn_egg":10,"minecraft:netherite_sword":1,"minecraft:obsidian":1,"minecraft:rotten_flesh":1136,"minecraft:enchanted_golden_apple":173,"minecraft:yellow_stained_glass":1,"minecraft:light_gray_carpet":2,"minecraft:blaze_powder":4,"minecraft:honey_bottle":3,"minecraft:white_bed":1,"minecraft:carrot":7,"minecraft:infested_stone_bricks":1,"minecraft:chainmail_chestplate":14,"minecraft:tipped_arrow":57,"minecraft:gunpowder":1,"minecraft:coal_ore":1,"minecraft:lingering_potion":1,"minecraft:spruce_pressure_plate":2,"minecraft:leather_boots":1,"minecraft:spruce_slab":1,"minecraft:arrow":32,"minecraft:glass":1,"minecraft:campfire":1,"minecraft:green_stained_glass":3,"minecraft:egg":2,"minecraft:water_bucket":3,"minecraft:stripped_spruce_log":1,"minecraft:tnt":2,"minecraft:horn_coral_block":1,"minecraft:netherite_chestplate":8,"minecraft:netherite_axe":3,"minecraft:netherite_helmet":9,"minecraft:dark_prismarine_slab":1,"minecraft:iron_helmet":10,"minecraft:yellow_terracotta":1,"minecraft:cobblestone":1,"minecraft:chainmail_helmet":1,"minecraft:polished_andesite":2,"minecraft:lava_bucket":1,"minecraft:iron_block":1,"minecraft:gray_wool":1,"minecraft:light_blue_stained_glass":2,"minecraft:brewing_stand":1,"minecraft:ink_sac":6,"minecraft:sponge":1,"minecraft:torch":3,"minecraft:repeater":1,"minecraft:wooden_axe":2,"minecraft:white_concrete":1,"minecraft:fire_charge":1,"minecraft:potion":1,"minecraft:iron_leggings":2,"minecraft:smooth_quartz_slab":1,"minecraft:white_banner":2,"minecraft:iron_axe":3,"minecraft:smooth_stone":2,"minecraft:chainmail_leggings":12,"minecraft:string":3,"minecraft:light_blue_stained_glass_pane":1,"minecraft:tripwire_hook":2,"minecraft:redstone":17,"minecraft:red_concrete":2,"minecraft:anvil":4,"minecraft:zombie_spawn_egg":77,"minecraft:netherite_hoe":1,"minecraft:pufferfish_spawn_egg":1,"minecraft:player_head":1,"minecraft:dark_prismarine_stairs":1,"minecraft:blaze_rod":8,"minecraft:cobblestone_wall":1,"minecraft:lime_concrete":4,"minecraft:bowl":2,"minecraft:sticky_piston":1,"minecraft:brown_stained_glass_pane":1,"minecraft:experience_bottle":5,"minecraft:composter":1,"minecraft:light_gray_wool":1,"minecraft:iron_boots":15,"minecraft:blue_concrete":1,"minecraft:dolphin_spawn_egg":1,"minecraft:netherite_leggings":7,"minecraft:filled_map":2,"minecraft:diamond_sword":4,"minecraft:cyan_wool":1,"minecraft:stone":3,"minecraft:shield":8,"minecraft:sea_pickle":2,"minecraft:oak_button":1,"minecraft:spruce_trapdoor":2,"minecraft:spruce_planks":1,"minecraft:iron_chestplate":1,"minecraft:andesite":1,"minecraft:redstone_torch":9,"minecraft:gray_concrete_powder":1,"minecraft:spruce_log":1,"minecraft:bow":3,"minecraft:dead_brain_coral_block":1,"minecraft:light_blue_terracotta":1,"minecraft:light_blue_shulker_box":2},"minecraft:broken":{"minecraft:bow":14,"minecraft:diamond_sword":3,"minecraft:trident":1,"minecraft:iron_helmet":1,"minecraft:netherite_sword":4},"minecraft:killed":{"minecraft:spider":6,"minecraft:dolphin":1,"minecraft:silverfish":1,"minecraft:zombie":28,"minecraft:zoglin":1,"minecraft:wither_skeleton":2},"minecraft:picked_up":{"minecraft:wooden_axe":1,"minecraft:anvil":1,"minecraft:diamond_sword":3,"minecraft:potion":5,"minecraft:string":2,"minecraft:experience_bottle":49,"minecraft:oak_sign":2,"minecraft:sea_pickle":2,"minecraft:diamond_leggings":3,"minecraft:redstone_torch":8,"minecraft:enchanted_golden_apple":179,"minecraft:melon_slice":65,"minecraft:iron_boots":5,"minecraft:tipped_arrow":39,"minecraft:spruce_pressure_plate":1,"minecraft:composter":1,"minecraft:torch":2,"minecraft:rotten_flesh":1570,"minecraft:netherite_chestplate":13,"minecraft:blaze_rod":1,"minecraft:snowball":1,"minecraft:cod":3,"minecraft:blaze_powder":2,"minecraft:water_bucket":1,"minecraft:potato":3,"minecraft:netherite_leggings":11,"minecraft:map":1,"minecraft:leather_boots":1,"minecraft:bone":2,"minecraft:bow":2,"minecraft:wheat_seeds":1,"minecraft:netherite_axe":2,"minecraft:light_blue_shulker_box":3,"minecraft:netherite_helmet":15,"minecraft:lever":2,"minecraft:golden_apple":4,"minecraft:light_gray_carpet":2,"minecraft:netherrack":53,"minecraft:crimson_roots":1,"minecraft:blaze_spawn_egg":1,"minecraft:splash_potion":3,"minecraft:shield":1,"minecraft:player_head":4,"minecraft:poppy":5,"minecraft:spruce_trapdoor":1,"minecraft:diamond_hoe":1,"minecraft:egg":1,"minecraft:trident":1,"minecraft:carrot":11,"minecraft:redstone":16,"minecraft:arrow":68,"minecraft:totem_of_undying":1,"minecraft:white_wool":2,"minecraft:netherite_boots":13,"minecraft:tripwire_hook":1,"minecraft:chainmail_chestplate":5,"minecraft:white_banner":1,"minecraft:silverfish_spawn_egg":7,"minecraft:iron_ingot":17,"minecraft:glass_bottle":8,"minecraft:sweet_berries":8,"minecraft:lime_concrete":2,"minecraft:chainmail_leggings":3,"minecraft:iron_helmet":4,"minecraft:gray_wool":1,"minecraft:coal":1},"minecraft:custom":{"minecraft:animals_bred":3,"minecraft:open_shulker_box":666,"minecraft:leave_game":14,"minecraft:time_since_death":14,"minecraft:damage_resisted":2930,"minecraft:sprint_one_cm":1305135,"minecraft:damage_blocked_by_shield":2617,"minecraft:drop":367,"minecraft:talked_to_villager":5,"minecraft:deaths":25,"minecraft:jump":5164,"minecraft:interact_with_brewingstand":3,"minecraft:walk_on_water_one_cm":190760,"minecraft:enchant_item":3,"minecraft:interact_with_furnace":3,"minecraft:play_one_minute":629273,"minecraft:damage_dealt":61001,"minecraft:interact_with_beacon":16,"minecraft:player_kills":71,"minecraft:crouch_one_cm":102193,"minecraft:inspect_dispenser":8,"minecraft:mob_kills":40,"minecraft:interact_with_anvil":6,"minecraft:inspect_hopper":1,"minecraft:damage_dealt_resisted":928779,"minecraft:climb_one_cm":6720,"minecraft:walk_one_cm":1161452,"minecraft:damage_dealt_absorbed":1352,"minecraft:sneak_time":36024,"minecraft:walk_under_water_one_cm":477836,"minecraft:interact_with_lectern":2,"minecraft:interact_with_blast_furnace":1,"minecraft:time_since_rest":17,"minecraft:damage_taken":18873,"minecraft:damage_absorbed":1370,"minecraft:swim_one_cm":86237,"minecraft:fly_one_cm":4199428,"minecraft:open_chest":55,"minecraft:aviate_one_cm":247205,"minecraft:fall_one_cm":170965}},"DataVersion":2586}