{"stats":{"minecraft:used":{"minecraft:dirt":372,"minecraft:bow":2,"minecraft:rail":1,"minecraft:villager_spawn_egg":1,"minecraft:flint_and_steel":126,"minecraft:minecart":1,"minecraft:oak_boat":2,"minecraft:acacia_sapling":250,"minecraft:zombified_piglin_spawn_egg":2},"minecraft:custom":{"minecraft:time_since_rest":7373,"minecraft:play_one_minute":13946,"minecraft:crouch_one_cm":138,"minecraft:sprint_one_cm":7089,"minecraft:walk_one_cm":26317,"minecraft:damage_taken":370,"minecraft:deaths":1,"minecraft:sneak_time":868,"minecraft:mob_kills":2,"minecraft:boat_one_cm":10029,"minecraft:jump":57,"minecraft:damage_dealt":27,"minecraft:leave_game":1,"minecraft:time_since_death":7353,"minecraft:climb_one_cm":688,"minecraft:damage_resisted":168,"minecraft:fall_one_cm":6843,"minecraft:fly_one_cm":263186}},"DataVersion":2586}