{"stats":{"minecraft:killed_by":{"minecraft:silverfish":1},"minecraft:used":{"minecraft:oak_fence":93,"minecraft:water_bucket":213,"minecraft:dropper":20,"minecraft:snow_block":146,"minecraft:spruce_slab":3,"minecraft:dispenser":9,"minecraft:redstone":302,"minecraft:oak_planks":3,"minecraft:oak_sign":4,"minecraft:black_carpet":1,"minecraft:cactus":1,"minecraft:chest":91,"minecraft:brown_concrete":1,"minecraft:stone":23,"minecraft:cut_sandstone":1,"minecraft:spruce_sign":2,"minecraft:player_head":9,"minecraft:soul_sand":36,"minecraft:dirt":43,"minecraft:sand":1,"minecraft:target":14,"minecraft:comparator":22,"minecraft:white_carpet":3,"minecraft:hopper":104,"minecraft:blue_ice":23,"minecraft:note_block":19,"minecraft:gray_concrete":48,"minecraft:beehive":13,"minecraft:dead_brain_coral_block":6,"minecraft:cyan_stained_glass":30,"minecraft:oak_fence_gate":44,"minecraft:obsidian":25,"minecraft:redstone_torch":6,"minecraft:black_wool":1,"minecraft:glass":97,"minecraft:sticky_piston":123,"minecraft:wooden_axe":1,"minecraft:lever":20,"minecraft:piston":35,"minecraft:netherite_block":37,"minecraft:honey_block":1,"minecraft:sea_lantern":2,"minecraft:black_concrete":23,"minecraft:lava_bucket":7,"minecraft:firework_rocket":18,"minecraft:grass_block":71,"minecraft:slime_block":3,"minecraft:stone_button":3,"minecraft:polished_andesite_stairs":1,"minecraft:gray_concrete_powder":1,"minecraft:smooth_quartz":4,"minecraft:bedrock":3,"minecraft:repeater":62,"minecraft:green_shulker_box":49,"minecraft:glowstone":38,"minecraft:redstone_lamp":2,"minecraft:snow":42,"minecraft:potion":1,"minecraft:written_book":1,"minecraft:sweet_berries":5,"minecraft:white_stained_glass":999,"minecraft:smooth_stone_slab":54,"minecraft:white_concrete":26,"minecraft:warped_button":1,"minecraft:observer":170,"minecraft:smooth_stone":155,"minecraft:splash_potion":3},"minecraft:dropped":{"minecraft:snow_block":1,"minecraft:water_bucket":1,"minecraft:green_shulker_box":14,"minecraft:poppy":64,"minecraft:gray_concrete_powder":1,"minecraft:smooth_stone":1,"minecraft:cactus":2556,"minecraft:written_book":1,"minecraft:white_stained_glass":2},"minecraft:killed":{"minecraft:silverfish":1},"minecraft:picked_up":{"minecraft:wooden_axe":1,"minecraft:netherite_boots":1,"minecraft:azure_bluet":586,"minecraft:cooked_beef":16,"minecraft:repeater":1,"minecraft:water_bucket":1,"minecraft:dark_oak_boat":1,"minecraft:filled_map":1,"minecraft:chainmail_chestplate":1,"minecraft:shield":1,"minecraft:cornflower":602,"minecraft:green_shulker_box":402,"minecraft:elytra":2,"minecraft:gray_concrete_powder":1,"minecraft:leather_boots":1,"minecraft:sticky_piston":1,"minecraft:white_stained_glass":2,"minecraft:oak_sign":4,"minecraft:bow":1,"minecraft:wheat_seeds":3152,"minecraft:comparator":5,"minecraft:iron_ingot":6,"minecraft:redstone_torch":2,"minecraft:poppy":586,"minecraft:chest":2,"minecraft:soul_sand":161,"minecraft:egg":1,"minecraft:iron_boots":1,"minecraft:furnace":1,"minecraft:sweet_berries":14,"minecraft:dandelion":1168,"minecraft:snow_block":1,"minecraft:redstone":120,"minecraft:carrot":7,"minecraft:firework_rocket":64,"minecraft:cactus":16625,"minecraft:arrow":32,"minecraft:rotten_flesh":1500,"minecraft:stone_axe":1,"minecraft:lever":20,"minecraft:chainmail_leggings":1,"minecraft:white_concrete":74,"minecraft:spruce_sign":1,"minecraft:chainmail_helmet":1,"minecraft:oxeye_daisy":607},"minecraft:custom":{"minecraft:inspect_dropper":28,"minecraft:mob_kills":1,"minecraft:inspect_hopper":132,"minecraft:interact_with_cartography_table":2,"minecraft:tune_noteblock":105,"minecraft:play_one_minute":358385,"minecraft:open_shulker_box":8,"minecraft:leave_game":17,"minecraft:time_since_death":356115,"minecraft:climb_one_cm":628,"minecraft:damage_resisted":210,"minecraft:time_since_rest":356135,"minecraft:sprint_one_cm":168983,"minecraft:open_enderchest":1,"minecraft:damage_taken":565,"minecraft:walk_one_cm":636420,"minecraft:drop":71,"minecraft:damage_dealt":100,"minecraft:fly_one_cm":1940944,"minecraft:open_chest":78,"minecraft:crouch_one_cm":144732,"minecraft:sneak_time":36520,"minecraft:deaths":1,"minecraft:walk_under_water_one_cm":3062,"minecraft:aviate_one_cm":1674484,"minecraft:jump":1814,"minecraft:walk_on_water_one_cm":93759,"minecraft:fall_one_cm":15624,"minecraft:inspect_dispenser":17}},"DataVersion":2586}