{"stats":{"minecraft:custom":{"minecraft:jump":119,"minecraft:open_chest":6,"minecraft:time_since_rest":5088,"minecraft:crouch_one_cm":730,"minecraft:play_one_minute":9520,"minecraft:leave_game":1,"minecraft:deaths":1,"minecraft:sprint_one_cm":12900,"minecraft:damage_taken":300,"minecraft:time_since_death":5068,"minecraft:walk_one_cm":6067,"minecraft:sneak_time":934,"minecraft:climb_one_cm":657,"minecraft:damage_resisted":882,"minecraft:fall_one_cm":6455,"minecraft:fly_one_cm":135507},"minecraft:used":{"minecraft:black_concrete":40,"minecraft:soul_sand":29,"minecraft:potion":1,"minecraft:light_gray_concrete":22,"minecraft:red_concrete":8}},"DataVersion":2586}