{"stats":{"minecraft:custom":{"minecraft:time_since_rest":16533,"minecraft:crouch_one_cm":443,"minecraft:play_one_minute":16533,"minecraft:sprint_one_cm":11214,"minecraft:damage_taken":112,"minecraft:walk_one_cm":11210,"minecraft:sneak_time":481,"minecraft:jump":84,"minecraft:leave_game":2,"minecraft:walk_on_water_one_cm":485,"minecraft:time_since_death":16533,"minecraft:fall_one_cm":11047,"minecraft:fly_one_cm":232694},"minecraft:used":{"minecraft:barrel":8,"minecraft:redstone_lamp":1,"minecraft:flint_and_steel":1,"minecraft:dark_oak_log":4,"minecraft:lantern":5,"minecraft:grass_block":1,"minecraft:chain":1,"minecraft:chest":9,"minecraft:dark_oak_wood":12,"minecraft:spruce_trapdoor":7,"minecraft:redstone_block":2,"minecraft:bone_meal":26,"minecraft:obsidian":14,"minecraft:dark_oak_sapling":90}},"DataVersion":2586}