{"stats":{"minecraft:picked_up":{"minecraft:blaze_spawn_egg":207,"minecraft:feather":11,"minecraft:repeater":3,"minecraft:cut_sandstone":1,"minecraft:filled_map":3,"minecraft:string":1,"minecraft:name_tag":62,"minecraft:kelp":15,"minecraft:redstone_torch":1,"minecraft:player_head":131,"minecraft:stone_button":1,"minecraft:redstone":6,"minecraft:rotten_flesh":10,"minecraft:cactus":57,"minecraft:slime_ball":13,"minecraft:warped_roots":1,"minecraft:snowball":76},"minecraft:killed":{"minecraft:cat":2,"minecraft:parrot":8,"minecraft:slime":61},"minecraft:custom":{"minecraft:mob_kills":71,"minecraft:interact_with_anvil":5,"minecraft:inspect_hopper":4,"minecraft:play_one_minute":183300,"minecraft:leave_game":3,"minecraft:time_since_death":182428,"minecraft:climb_one_cm":222,"minecraft:damage_resisted":2556,"minecraft:time_since_rest":182448,"minecraft:sprint_one_cm":44317,"minecraft:damage_taken":370,"minecraft:walk_one_cm":262915,"minecraft:drop":134,"minecraft:damage_dealt":3070,"minecraft:swim_one_cm":27214,"minecraft:fly_one_cm":911664,"minecraft:open_chest":17,"minecraft:crouch_one_cm":5958,"minecraft:deaths":1,"minecraft:sneak_time":7839,"minecraft:walk_under_water_one_cm":107770,"minecraft:jump":616,"minecraft:walk_on_water_one_cm":37610,"minecraft:fall_one_cm":10528,"minecraft:inspect_dispenser":6},"minecraft:dropped":{"minecraft:torch":1,"minecraft:snowball":76,"minecraft:cactus":57},"minecraft:used":{"minecraft:turtle_spawn_egg":3,"minecraft:water_bucket":378,"minecraft:jungle_leaves":55,"minecraft:prismarine_brick_slab":4,"minecraft:snow_block":151,"minecraft:spruce_slab":5,"minecraft:polished_andesite":7,"minecraft:dispenser":1,"minecraft:redstone":21,"minecraft:jungle_fence":87,"minecraft:polished_basalt":26,"minecraft:fox_spawn_egg":1,"minecraft:sandstone":35,"minecraft:stone":101,"minecraft:cut_sandstone":10,"minecraft:warped_sign":9,"minecraft:parrot_spawn_egg":14,"minecraft:grass":1,"minecraft:cobblestone_slab":7,"minecraft:tube_coral":4,"minecraft:warped_roots":7,"minecraft:oak_leaves":25,"minecraft:brain_coral":4,"minecraft:torch":9,"minecraft:mossy_cobblestone":18,"minecraft:dark_oak_trapdoor":3,"minecraft:dirt":2,"minecraft:sand":423,"minecraft:anvil":3,"minecraft:vine":8,"minecraft:cut_sandstone_slab":80,"minecraft:dark_prismarine_slab":7,"minecraft:twisting_vines":8,"minecraft:prismarine_brick_stairs":2,"minecraft:jungle_slab":23,"minecraft:allium":6,"minecraft:sponge":22,"minecraft:polar_bear_spawn_egg":2,"minecraft:stone_brick_wall":57,"minecraft:squid_spawn_egg":2,"minecraft:snowball":61,"minecraft:fern":2,"minecraft:andesite_wall":18,"minecraft:redstone_torch":6,"minecraft:jungle_sapling":6,"minecraft:glass":158,"minecraft:stone_brick_slab":290,"minecraft:piston":3,"minecraft:packed_ice":14,"minecraft:sea_lantern":5,"minecraft:black_wool":1,"minecraft:warped_trapdoor":1,"minecraft:chiseled_sandstone":21,"minecraft:stripped_jungle_log":103,"minecraft:iron_axe":77,"minecraft:lantern":7,"minecraft:grass_block":9,"minecraft:string":12,"minecraft:stone_button":17,"minecraft:smooth_sandstone":8,"minecraft:jungle_log":15,"minecraft:stone_slab":31,"minecraft:tropical_fish_spawn_egg":10,"minecraft:spruce_sapling":1,"minecraft:gravel":172,"minecraft:prismarine_slab":10,"minecraft:stone_brick_stairs":67,"minecraft:stone_bricks":601,"minecraft:item_frame":6,"minecraft:blaze_spawn_egg":1,"minecraft:bedrock":1,"minecraft:cod_spawn_egg":4,"minecraft:diamond_sword":23,"minecraft:repeater":22,"minecraft:cobblestone":11,"minecraft:snow":37,"minecraft:podzol":22,"minecraft:warped_fence_gate":9,"minecraft:andesite":49,"minecraft:bucket":2,"minecraft:glass_pane":221,"minecraft:wither_rose":1,"minecraft:sea_pickle":23,"minecraft:stone_pressure_plate":9,"minecraft:coarse_dirt":18,"minecraft:kelp":24,"minecraft:warped_button":1,"minecraft:smooth_stone":129,"minecraft:bone_meal":18,"minecraft:seagrass":27,"minecraft:dark_prismarine_stairs":3}},"DataVersion":2586}