{"stats":{"minecraft:crafted":{"minecraft:air":0},"minecraft:killed":{"minecraft:vex":1,"minecraft:silverfish":11,"minecraft:spider":19},"minecraft:killed_by":{"minecraft:player":2},"minecraft:broken":{"minecraft:chainmail_chestplate":2,"minecraft:chainmail_leggings":2,"minecraft:chainmail_helmet":2,"minecraft:iron_boots":2},"minecraft:picked_up":{"minecraft:blaze_spawn_egg":1,"minecraft:iron_chestplate":1,"minecraft:cooked_beef":28,"minecraft:splash_potion":2,"minecraft:cod_spawn_egg":2,"minecraft:shield":2,"minecraft:wooden_hoe":1,"minecraft:spider_eye":772,"minecraft:string":666,"minecraft:tnt":1,"minecraft:iron_leggings":1,"minecraft:leather_boots":1,"minecraft:arrow":61,"minecraft:stone_axe":2,"minecraft:bow":3,"minecraft:netherite_sword":3,"minecraft:player_head":13,"minecraft:chainmail_helmet":1,"minecraft:enchanted_golden_apple":2,"minecraft:nether_star":1,"minecraft:iron_boots":1},"minecraft:custom":{"minecraft:time_since_rest":27729,"minecraft:interact_with_smithing_table":2,"minecraft:damage_taken":461133,"minecraft:sprint_one_cm":64253,"minecraft:open_enderchest":15,"minecraft:walk_one_cm":537378,"minecraft:damage_blocked_by_shield":20,"minecraft:mob_kills":32,"minecraft:interact_with_anvil":4,"minecraft:drop":2,"minecraft:damage_dealt":3703,"minecraft:fly_one_cm":736747,"minecraft:open_barrel":8,"minecraft:open_chest":16,"minecraft:crouch_one_cm":539657,"minecraft:play_one_minute":76998,"minecraft:deaths":4,"minecraft:sneak_time":3583,"minecraft:walk_under_water_one_cm":1531,"minecraft:jump":494,"minecraft:interact_with_grindstone":5,"minecraft:leave_game":1,"minecraft:time_since_death":27709,"minecraft:walk_on_water_one_cm":192,"minecraft:damage_resisted":5008,"minecraft:climb_one_cm":3626,"minecraft:fall_one_cm":42886},"minecraft:used":{"minecraft:sticky_piston":2,"minecraft:netherite_sword":27,"minecraft:armor_stand":4,"minecraft:grass_block":2,"minecraft:redstone":10,"minecraft:shield":1,"minecraft:gray_concrete_powder":2,"minecraft:player_head":7,"minecraft:stone_axe":18,"minecraft:soul_sand":52,"minecraft:diamond_sword":3,"minecraft:dirt":4,"minecraft:anvil":4,"minecraft:bow":5,"minecraft:written_book":14,"minecraft:red_bed":2,"minecraft:grindstone":3,"minecraft:smithing_table":2,"minecraft:coarse_dirt":2,"minecraft:cooked_beef":8},"minecraft:dropped":{"minecraft:netherite_sword":2}},"DataVersion":2586}