{"stats":{"minecraft:used":{"minecraft:redstone_torch":1,"minecraft:water_bucket":5,"minecraft:black_concrete":35,"minecraft:lava_bucket":7,"minecraft:cobblestone_stairs":14,"minecraft:birch_planks":16,"minecraft:flint_and_steel":14,"minecraft:red_concrete":58,"minecraft:redstone":5,"minecraft:grass_block":5,"minecraft:dispenser":2,"minecraft:polished_andesite":352,"minecraft:poppy":4,"minecraft:oak_sign":19,"minecraft:light_gray_carpet":3,"minecraft:spruce_planks":15,"minecraft:chest":2,"minecraft:stone":3,"minecraft:dark_oak_slab":1,"minecraft:gray_concrete_powder":58,"minecraft:birch_trapdoor":1,"minecraft:oak_leaves":42,"minecraft:stone_brick_stairs":2,"minecraft:dirt":1,"minecraft:netherrack":2,"minecraft:polished_blackstone_bricks":2,"minecraft:stone_bricks":11,"minecraft:player_head":3,"minecraft:item_frame":292,"minecraft:cracked_stone_bricks":4,"minecraft:torch":4,"minecraft:sand":3,"minecraft:chiseled_stone_bricks":2,"minecraft:anvil":4,"minecraft:glowstone":64,"minecraft:repeater":4,"minecraft:bow":48,"minecraft:cobblestone":46,"minecraft:potion":3,"minecraft:hopper":1,"minecraft:smooth_stone_slab":19,"minecraft:blue_ice":10,"minecraft:yellow_concrete":14,"minecraft:ice":9,"minecraft:chiseled_quartz_block":4,"minecraft:gray_concrete":3,"minecraft:lingering_potion":494,"minecraft:dandelion":4,"minecraft:splash_potion":1},"minecraft:dropped":{"minecraft:filled_map":5,"minecraft:ice":1,"minecraft:player_head":16,"minecraft:diamond":1,"minecraft:lingering_potion":1,"minecraft:dark_oak_slab":1,"minecraft:cobblestone":1,"minecraft:grass_block":1},"minecraft:picked_up":{"minecraft:salmon":4,"minecraft:torch":1,"minecraft:filled_map":15,"minecraft:gray_concrete_powder":2,"minecraft:item_frame":63,"minecraft:oak_sign":2,"minecraft:redstone_torch":1,"minecraft:player_head":193,"minecraft:light_gray_carpet":1},"minecraft:custom":{"minecraft:time_since_rest":40446,"minecraft:sprint_one_cm":19934,"minecraft:damage_taken":26,"minecraft:walk_one_cm":57318,"minecraft:drop":27,"minecraft:fly_one_cm":1233178,"minecraft:open_barrel":2,"minecraft:open_chest":1,"minecraft:play_one_minute":164836,"minecraft:crouch_one_cm":9202,"minecraft:deaths":1,"minecraft:sneak_time":24924,"minecraft:walk_under_water_one_cm":757,"minecraft:jump":333,"minecraft:time_since_death":40443,"minecraft:leave_game":4,"minecraft:walk_on_water_one_cm":698,"minecraft:climb_one_cm":80,"minecraft:fall_one_cm":5160,"minecraft:inspect_dispenser":2}},"DataVersion":2586}