{"stats":{"minecraft:killed_by":{"minecraft:player":1},"minecraft:used":{"minecraft:zombie_horse_spawn_egg":1,"minecraft:water_bucket":1,"minecraft:netherite_sword":1,"minecraft:cow_spawn_egg":6,"minecraft:iron_bars":27,"minecraft:warped_fungus_on_a_stick":2,"minecraft:dropper":2,"minecraft:flint_and_steel":4,"minecraft:stripped_birch_log":37,"minecraft:lead":8,"minecraft:pufferfish_spawn_egg":84,"minecraft:jungle_fence":7,"minecraft:parrot_spawn_egg":11,"minecraft:player_head":4,"minecraft:rabbit_spawn_egg":1,"minecraft:tnt":5,"minecraft:glass":1,"minecraft:ravager_spawn_egg":1,"minecraft:lever":1,"minecraft:sea_lantern":30,"minecraft:red_wool":2,"minecraft:grass_block":37,"minecraft:panda_spawn_egg":1,"minecraft:pig_spawn_egg":17,"minecraft:oak_pressure_plate":1,"minecraft:stone_axe":7,"minecraft:light_gray_wool":56,"minecraft:glowstone":6,"minecraft:diamond_sword":68,"minecraft:dolphin_spawn_egg":2,"minecraft:bow":1,"minecraft:tropical_fish_bucket":1,"minecraft:turtle_egg":1,"minecraft:enchanted_golden_apple":1,"minecraft:smooth_stone":12},"minecraft:dropped":{"minecraft:player_head":1,"minecraft:pufferfish":1},"minecraft:broken":{"minecraft:netherite_sword":1},"minecraft:killed":{"minecraft:parrot":11,"minecraft:pig":7,"minecraft:rabbit":1,"minecraft:spider":2,"minecraft:strider":1,"minecraft:ravager":1,"minecraft:zombie_horse":1,"minecraft:guardian":1,"minecraft:panda":1,"minecraft:silverfish":2,"minecraft:tropical_fish":1,"minecraft:cow":10},"minecraft:picked_up":{"minecraft:azure_bluet":7,"minecraft:feather":7,"minecraft:prismarine_shard":3,"minecraft:lead":3,"minecraft:leather":5,"minecraft:cornflower":6,"minecraft:string":8,"minecraft:wheat_seeds":103,"minecraft:beef":6,"minecraft:player_head":2,"minecraft:poppy":6,"minecraft:bamboo":1,"minecraft:pig_spawn_egg":1,"minecraft:dandelion":6,"minecraft:porkchop":15,"minecraft:cookie":1,"minecraft:spider_eye":1,"minecraft:prismarine_crystals":2,"minecraft:tropical_fish":1,"minecraft:saddle":1,"minecraft:oxeye_daisy":11},"minecraft:custom":{"minecraft:inspect_dropper":2,"minecraft:interact_with_anvil":1,"minecraft:mob_kills":40,"minecraft:open_barrel":1,"minecraft:play_one_minute":129326,"minecraft:time_since_death":32362,"minecraft:leave_game":6,"minecraft:damage_resisted":3065,"minecraft:climb_one_cm":410,"minecraft:time_since_rest":32382,"minecraft:walk_one_cm":270853,"minecraft:sprint_one_cm":17358,"minecraft:damage_taken":750,"minecraft:damage_absorbed":160,"minecraft:drop":2,"minecraft:damage_dealt":4592,"minecraft:fly_one_cm":484015,"minecraft:open_chest":2,"minecraft:strider_one_cm":141898,"minecraft:crouch_one_cm":4886,"minecraft:sneak_time":3533,"minecraft:deaths":2,"minecraft:walk_under_water_one_cm":8202,"minecraft:jump":308,"minecraft:walk_on_water_one_cm":482,"minecraft:fall_one_cm":12754,"minecraft:horse_one_cm":31538}},"DataVersion":2586}