{"stats":{"minecraft:killed":{"minecraft:villager":3,"minecraft:cow":2},"minecraft:killed_by":{"minecraft:player":32},"minecraft:broken":{"minecraft:chainmail_leggings":1,"minecraft:iron_boots":2,"minecraft:iron_leggings":1,"minecraft:chainmail_helmet":1,"minecraft:chainmail_chestplate":1,"minecraft:iron_axe":1,"minecraft:iron_sword":1,"minecraft:iron_helmet":1,"minecraft:bow":1,"minecraft:netherite_sword":1},"minecraft:picked_up":{"minecraft:fishing_rod":1,"minecraft:splash_potion":1,"minecraft:leather_leggings":1,"minecraft:potion":3,"minecraft:shield":10,"minecraft:elytra":1,"minecraft:iron_axe":6,"minecraft:item_frame":217,"minecraft:iron_leggings":2,"minecraft:quartz_slab":1,"minecraft:experience_bottle":6,"minecraft:oak_sign":3,"minecraft:smooth_stone":1,"minecraft:netherite_sword":1,"minecraft:beef":9,"minecraft:player_head":8,"minecraft:melon_slice":10,"minecraft:iron_boots":10,"minecraft:tipped_arrow":4,"minecraft:stick":1,"minecraft:golden_axe":3,"minecraft:redstone":1,"minecraft:tnt":64,"minecraft:quartz_block":2,"minecraft:arrow":118,"minecraft:diamond_chestplate":8,"minecraft:end_rod":1,"minecraft:snowball":4,"minecraft:rail":15,"minecraft:netherite_boots":1,"minecraft:leather_chestplate":1,"minecraft:cooked_beef":144,"minecraft:tripwire_hook":4,"minecraft:leather":13,"minecraft:filled_map":141,"minecraft:chainmail_chestplate":13,"minecraft:lily_pad":1,"minecraft:gray_concrete_powder":3,"minecraft:apple":10,"minecraft:bow":2,"minecraft:wheat_seeds":23,"minecraft:silverfish_spawn_egg":4,"minecraft:cobweb":12,"minecraft:diamond_helmet":1,"minecraft:powered_rail":3,"minecraft:iron_sword":5,"minecraft:sweet_berries":18,"minecraft:yellow_concrete":1,"minecraft:red_banner":1,"minecraft:grass_block":2,"minecraft:leather_helmet":2,"minecraft:firework_rocket":65,"minecraft:yellow_carpet":11,"minecraft:slime_ball":3,"minecraft:chainmail_leggings":7,"minecraft:honey_block":2,"minecraft:lever":2,"minecraft:polished_blackstone_button":3,"minecraft:iron_helmet":10,"minecraft:crossbow":1,"minecraft:blue_ice":2,"minecraft:white_concrete":1},"minecraft:custom":{"minecraft:interact_with_anvil":9,"minecraft:mob_kills":5,"minecraft:interact_with_crafting_table":1,"minecraft:open_barrel":1,"minecraft:open_shulker_box":203,"minecraft:leave_game":24,"minecraft:time_since_death":24850,"minecraft:climb_one_cm":17949,"minecraft:damage_resisted":2088,"minecraft:sprint_one_cm":1228666,"minecraft:walk_one_cm":1245540,"minecraft:damage_blocked_by_shield":730,"minecraft:drop":205,"minecraft:damage_dealt_absorbed":81,"minecraft:deaths":67,"minecraft:sneak_time":20155,"minecraft:walk_under_water_one_cm":570776,"minecraft:jump":3722,"minecraft:walk_on_water_one_cm":100249,"minecraft:interact_with_furnace":2,"minecraft:tune_noteblock":1,"minecraft:play_one_minute":979446,"minecraft:pot_flower":8,"minecraft:time_since_rest":24870,"minecraft:open_enderchest":2,"minecraft:damage_taken":147367,"minecraft:damage_absorbed":210,"minecraft:trigger_trapped_chest":1,"minecraft:damage_dealt":9213,"minecraft:minecart_one_cm":867321,"minecraft:swim_one_cm":46180,"minecraft:fly_one_cm":4685350,"minecraft:player_kills":27,"minecraft:open_chest":13,"minecraft:crouch_one_cm":16384,"minecraft:aviate_one_cm":14097452,"minecraft:fall_one_cm":112937,"minecraft:inspect_dispenser":4,"minecraft:horse_one_cm":2766},"minecraft:used":{"minecraft:oak_fence":11,"minecraft:trident":2,"minecraft:light_blue_stained_glass_pane":27,"minecraft:netherite_sword":20,"minecraft:jungle_leaves":54,"minecraft:writable_book":4,"minecraft:iron_bars":76,"minecraft:flint_and_steel":18,"minecraft:armor_stand":12,"minecraft:red_concrete":1348,"minecraft:redstone":18,"minecraft:ladder":20,"minecraft:oak_sign":32,"minecraft:white_concrete_powder":9,"minecraft:shield":22,"minecraft:stone":208,"minecraft:ender_chest":1,"minecraft:iron_sword":292,"minecraft:red_nether_brick_stairs":369,"minecraft:quartz_stairs":460,"minecraft:grass":4,"minecraft:player_head":2,"minecraft:spruce_leaves":1,"minecraft:orange_stained_glass":4,"minecraft:torch":8,"minecraft:dragon_egg":2,"minecraft:dirt":54,"minecraft:soul_sand":11,"minecraft:anvil":8,"minecraft:red_nether_brick_slab":51,"minecraft:white_carpet":13,"minecraft:cobblestone_wall":1,"minecraft:stone_stairs":35,"minecraft:yellow_carpet":150,"minecraft:snowball":17,"minecraft:light_blue_stained_glass":12,"minecraft:blue_concrete":780,"minecraft:milk_bucket":3,"minecraft:honey_bottle":12,"minecraft:obsidian":6,"minecraft:birch_door":1,"minecraft:andesite_wall":9,"minecraft:glass":4,"minecraft:stone_brick_slab":42,"minecraft:ravager_spawn_egg":9,"minecraft:sea_lantern":127,"minecraft:lava_bucket":33,"minecraft:bookshelf":4,"minecraft:light_gray_stained_glass":5,"minecraft:quartz_pillar":14,"minecraft:grass_block":467,"minecraft:red_wool":8,"minecraft:quartz_slab":288,"minecraft:black_stained_glass_pane":4,"minecraft:iron_block":141,"minecraft:iron_axe":333,"minecraft:oak_stairs":10,"minecraft:quartz_block":466,"minecraft:jungle_log":20,"minecraft:gray_concrete_powder":1,"minecraft:smooth_quartz":29,"minecraft:hopper_minecart":10,"minecraft:totem_of_undying":2,"minecraft:pink_wool":191,"minecraft:stone_brick_stairs":31,"minecraft:barrel":11,"minecraft:item_frame":1666,"minecraft:blaze_spawn_egg":1,"minecraft:bedrock":133,"minecraft:birch_trapdoor":11,"minecraft:tripwire_hook":7,"minecraft:magma_block":1,"minecraft:bow":29,"minecraft:dark_oak_boat":1,"minecraft:iron_trapdoor":42,"minecraft:written_book":46,"minecraft:scaffolding":2,"minecraft:soul_soil":72,"minecraft:furnace":1,"minecraft:minecart":3,"minecraft:egg":3,"minecraft:pink_concrete_powder":139,"minecraft:cooked_beef":20,"minecraft:green_stained_glass_pane":3,"minecraft:beetroot_soup":1,"minecraft:golden_axe":9,"minecraft:water_bucket":13,"minecraft:end_rod":20,"minecraft:cow_spawn_egg":3,"minecraft:wither_skeleton_skull":6,"minecraft:red_stained_glass":2,"minecraft:powered_rail":35,"minecraft:gray_carpet":3,"minecraft:oak_planks":21,"minecraft:andesite_slab":1,"minecraft:ender_pearl":10,"minecraft:sandstone":1098,"minecraft:diamond_axe":2,"minecraft:cobblestone_slab":1,"minecraft:polished_blackstone_bricks":2,"minecraft:oak_leaves":129,"minecraft:white_wool":14,"minecraft:golden_apple":3,"minecraft:sand":2105,"minecraft:lime_terracotta":55,"minecraft:purpur_stairs":17,"minecraft:rail":92,"minecraft:tnt":44,"minecraft:oak_slab":4,"minecraft:crafting_table":2,"minecraft:blue_ice":9,"minecraft:crossbow":120,"minecraft:yellow_concrete":247,"minecraft:acacia_leaves":3,"minecraft:white_bed":3,"minecraft:campfire":1,"minecraft:note_block":1,"minecraft:lingering_potion":1,"minecraft:spruce_log":20,"minecraft:cyan_stained_glass":2,"minecraft:birch_fence":14,"minecraft:redstone_torch":20,"minecraft:oak_log":23,"minecraft:blue_stained_glass_pane":65,"minecraft:flower_pot":8,"minecraft:ender_eye":36,"minecraft:lever":18,"minecraft:green_concrete":841,"minecraft:black_wool":204,"minecraft:apple":11,"minecraft:black_concrete":103,"minecraft:firework_rocket":77,"minecraft:gray_stained_glass_pane":1,"minecraft:command_block":4,"minecraft:light_gray_concrete":109,"minecraft:melon_slice":15,"minecraft:oak_button":2,"minecraft:barrier":171,"minecraft:string":7,"minecraft:stone_button":2,"minecraft:map":3,"minecraft:cyan_concrete":15,"minecraft:magenta_concrete":1,"minecraft:purpur_slab":28,"minecraft:spruce_trapdoor":1,"minecraft:stone_axe":15,"minecraft:chiseled_stone_bricks":14,"minecraft:diamond_sword":6,"minecraft:fishing_rod":7,"minecraft:cobblestone":95,"minecraft:potion":2,"minecraft:end_crystal":11,"minecraft:white_banner":4,"minecraft:andesite_stairs":67,"minecraft:andesite":6,"minecraft:pumpkin_pie":1,"minecraft:smooth_stone_slab":58,"minecraft:end_portal_frame":44,"minecraft:white_concrete":1923,"minecraft:coarse_dirt":1,"minecraft:purple_carpet":6,"minecraft:smooth_stone":952,"minecraft:bone_meal":2,"minecraft:splash_potion":23,"minecraft:experience_bottle":11,"minecraft:green_stained_glass":3},"minecraft:dropped":{"minecraft:iron_sword":1,"minecraft:wheat_seeds":4,"minecraft:oak_log":1,"minecraft:tnt":4,"minecraft:glass_bottle":1,"minecraft:crafting_table":1,"minecraft:yellow_concrete":1,"minecraft:oak_fence":1,"minecraft:iron_helmet":9,"minecraft:red_wool":1,"minecraft:bedrock":1,"minecraft:polished_blackstone_button":3,"minecraft:elytra":1,"minecraft:grass_block":1,"minecraft:yellow_carpet":5,"minecraft:item_frame":41,"minecraft:end_rod":1,"minecraft:lava_bucket":2,"minecraft:cobweb":6,"minecraft:dirt":1,"minecraft:birch_fence":1,"minecraft:light_blue_stained_glass":1,"minecraft:white_concrete":2,"minecraft:melon_slice":5,"minecraft:light_gray_stained_glass":1,"minecraft:iron_axe":9,"minecraft:chainmail_leggings":9,"minecraft:light_blue_stained_glass_pane":1,"minecraft:fishing_rod":1,"minecraft:red_concrete":1,"minecraft:anvil":1,"minecraft:silverfish_spawn_egg":2,"minecraft:lever":1,"minecraft:player_head":1,"minecraft:bowl":1,"minecraft:netherite_sword":1,"minecraft:red_banner":1,"minecraft:oak_planks":1,"minecraft:iron_boots":11,"minecraft:oak_sign":1,"minecraft:chainmail_chestplate":12,"minecraft:red_nether_brick_stairs":1,"minecraft:filled_map":62,"minecraft:tipped_arrow":1,"minecraft:shield":5,"minecraft:trident":1,"minecraft:spruce_trapdoor":1,"minecraft:diamond_chestplate":4,"minecraft:quartz_block":2,"minecraft:quartz_stairs":1,"minecraft:blue_ice":2,"minecraft:birch_door":1,"minecraft:sandstone":1,"minecraft:slime_ball":3,"minecraft:iron_bars":1,"minecraft:arrow":9,"minecraft:scaffolding":1,"minecraft:stone_brick_stairs":1,"minecraft:firework_rocket":1,"minecraft:pink_concrete_powder":1,"minecraft:quartz_slab":1}},"DataVersion":2586}