{"stats":{"minecraft:used":{"minecraft:redstone_torch":1,"minecraft:diamond_sword":2,"minecraft:soul_sand":3,"minecraft:anvil":2,"minecraft:light_blue_concrete":1,"minecraft:redstone":13,"minecraft:netherite_axe":1,"minecraft:bell":31,"minecraft:honey_bottle":2},"minecraft:dropped":{"minecraft:enchanted_golden_apple":5,"minecraft:honey_bottle":1},"minecraft:killed":{"minecraft:turtle":1},"minecraft:picked_up":{"minecraft:seagrass":2,"minecraft:dispenser":1,"minecraft:enchanted_golden_apple":3},"minecraft:custom":{"minecraft:time_since_rest":2927,"minecraft:play_one_minute":30884,"minecraft:crouch_one_cm":10958,"minecraft:sprint_one_cm":1202,"minecraft:deaths":1,"minecraft:bell_ring":1824,"minecraft:walk_one_cm":31601,"minecraft:sneak_time":5361,"minecraft:interact_with_anvil":3,"minecraft:mob_kills":1,"minecraft:drop":6,"minecraft:jump":60,"minecraft:damage_dealt":140,"minecraft:leave_game":1,"minecraft:walk_on_water_one_cm":1153,"minecraft:time_since_death":2925,"minecraft:fly_one_cm":121541}},"DataVersion":2586}