{"stats":{"minecraft:killed_by":{"minecraft:vindicator":1,"minecraft:silverfish":2,"minecraft:player":28},"minecraft:used":{"minecraft:writable_book":7,"minecraft:light_gray_stained_glass_pane":2,"minecraft:smooth_quartz_slab":1,"minecraft:spruce_slab":2,"minecraft:dispenser":25,"minecraft:polished_blackstone":63,"minecraft:oak_sign":34,"minecraft:chest":13,"minecraft:shield":66,"minecraft:white_terracotta":10,"minecraft:zombie_spawn_egg":1,"minecraft:stone":25,"minecraft:iron_sword":24,"minecraft:warped_sign":2,"minecraft:grass":6,"minecraft:player_head":143,"minecraft:spruce_leaves":12,"minecraft:debug_stick":55,"minecraft:soul_sand":25,"minecraft:orange_wool":2,"minecraft:music_disc_11":14,"minecraft:snowball":11,"minecraft:milk_bucket":16,"minecraft:obsidian":15,"minecraft:honey_bottle":2,"minecraft:glass":14,"minecraft:cyan_terracotta":29,"minecraft:stripped_dark_oak_wood":3,"minecraft:villager_spawn_egg":17,"minecraft:quartz_slab":1,"minecraft:spruce_wood":2,"minecraft:grass_block":495,"minecraft:polished_andesite_stairs":64,"minecraft:netherite_hoe":131,"minecraft:dark_oak_leaves":1,"minecraft:gray_concrete_powder":34,"minecraft:stone_brick_stairs":3,"minecraft:stone_bricks":1,"minecraft:item_frame":164,"minecraft:slime_spawn_egg":2,"minecraft:bedrock":119,"minecraft:repeater":12,"minecraft:magma_block":1,"minecraft:snow":1,"minecraft:bow":36,"minecraft:written_book":360,"minecraft:oak_sapling":3,"minecraft:egg":1,"minecraft:brown_concrete_powder":14,"minecraft:polished_blackstone_stairs":18,"minecraft:chiseled_polished_blackstone":3,"minecraft:diorite":249,"minecraft:end_rod":59,"minecraft:cow_spawn_egg":11,"minecraft:wither_skeleton_skull":10,"minecraft:stripped_birch_log":5,"minecraft:birch_leaves":9,"minecraft:gray_carpet":22,"minecraft:oak_planks":7,"minecraft:prismarine_stairs":2,"minecraft:blackstone":2,"minecraft:ender_pearl":4,"minecraft:fox_spawn_egg":1,"minecraft:diamond_axe":21,"minecraft:white_wool":2,"minecraft:dark_oak_trapdoor":21,"minecraft:sand":20,"minecraft:yellow_terracotta":5,"minecraft:light_blue_concrete":62,"minecraft:yellow_concrete":48,"minecraft:blue_ice":4,"minecraft:gray_concrete":222,"minecraft:note_block":1,"minecraft:lingering_potion":1,"minecraft:stone_brick_wall":123,"minecraft:redstone_torch":32,"minecraft:sticky_piston":14,"minecraft:lever":5,"minecraft:black_concrete":71,"minecraft:melon_slice":3,"minecraft:string":1,"minecraft:barrier":203,"minecraft:lectern":2,"minecraft:iron_door":9,"minecraft:prismarine_wall":5,"minecraft:gravel":29,"minecraft:polished_andesite_slab":20,"minecraft:pufferfish":2,"minecraft:diamond_sword":91,"minecraft:oak_boat":6,"minecraft:white_concrete":248,"minecraft:coarse_dirt":41,"minecraft:warped_button":9,"minecraft:bone_meal":3,"minecraft:cobweb":33,"minecraft:oak_fence":1,"minecraft:petrified_oak_slab":3,"minecraft:trident":8,"minecraft:netherite_sword":11,"minecraft:iron_bars":67,"minecraft:orange_concrete":14,"minecraft:flint_and_steel":145,"minecraft:red_concrete":42,"minecraft:armor_stand":42,"minecraft:redstone":47,"minecraft:light_gray_carpet":1,"minecraft:spruce_planks":1,"minecraft:dirt":95,"minecraft:red_nether_brick_slab":1,"minecraft:anvil":21,"minecraft:spruce_stairs":5,"minecraft:twisting_vines":2,"minecraft:oak_wood":15,"minecraft:stone_brick_slab":1,"minecraft:wooden_axe":3,"minecraft:sea_lantern":142,"minecraft:light_gray_stained_glass":16,"minecraft:yellow_stained_glass":6,"minecraft:iron_axe":73,"minecraft:warped_fence":2,"minecraft:acacia_slab":12,"minecraft:chicken_spawn_egg":42,"minecraft:smooth_quartz":2,"minecraft:pink_stained_glass_pane":22,"minecraft:barrel":4,"minecraft:prismarine_slab":4,"minecraft:blaze_spawn_egg":13,"minecraft:light_gray_wool":4,"minecraft:glowstone":34,"minecraft:warped_stairs":13,"minecraft:tall_grass":6,"minecraft:iron_trapdoor":36,"minecraft:wolf_spawn_egg":1,"minecraft:white_stained_glass_pane":16,"minecraft:podzol":23,"minecraft:minecart":3,"minecraft:trapped_chest":2,"minecraft:cooked_beef":25,"minecraft:orange_stained_glass_pane":4,"minecraft:enchanted_golden_apple":23,"minecraft:golden_axe":32,"minecraft:water_bucket":45,"minecraft:yellow_banner":4,"minecraft:lodestone":8,"minecraft:snow_block":64,"minecraft:polished_andesite":40,"minecraft:cartography_table":8,"minecraft:red_mushroom_block":3,"minecraft:cauldron":1,"minecraft:sheep_spawn_egg":5,"minecraft:stonecutter":1,"minecraft:spruce_fence_gate":30,"minecraft:vindicator_spawn_egg":20,"minecraft:horse_spawn_egg":10,"minecraft:pink_concrete":16,"minecraft:polished_blackstone_pressure_plate":2,"minecraft:rabbit_spawn_egg":18,"minecraft:rail":50,"minecraft:oak_slab":8,"minecraft:tnt":109,"minecraft:crafting_table":3,"minecraft:yellow_stained_glass_pane":1,"minecraft:spruce_log":2,"minecraft:warped_planks":17,"minecraft:mushroom_stem":9,"minecraft:cyan_stained_glass":702,"minecraft:piston":7,"minecraft:netherite_block":116,"minecraft:dark_prismarine":21,"minecraft:wooden_hoe":90,"minecraft:apple":5,"minecraft:netherite_axe":2,"minecraft:pig_spawn_egg":15,"minecraft:map":11,"minecraft:magenta_concrete":57,"minecraft:crimson_nylium":3,"minecraft:yellow_wool":31,"minecraft:crimson_sign":3,"minecraft:stone_axe":78,"minecraft:crimson_fungus":8,"minecraft:fishing_rod":9,"minecraft:cod_spawn_egg":8,"minecraft:cobblestone":8,"minecraft:potion":51,"minecraft:stripped_crimson_hyphae":3,"minecraft:cyan_stained_glass_pane":7,"minecraft:warped_fence_gate":1,"minecraft:polished_blackstone_button":31,"minecraft:kelp":44,"minecraft:jukebox":1,"minecraft:splash_potion":91},"minecraft:dropped":{"minecraft:shulker_spawn_egg":1,"minecraft:crimson_nylium":1,"minecraft:vindicator_spawn_egg":1,"minecraft:soul_sand":1,"minecraft:piston":1,"minecraft:porkchop":64,"minecraft:oak_pressure_plate":5,"minecraft:cooked_beef":17,"minecraft:chorus_fruit":64,"minecraft:glass_bottle":4,"minecraft:nether_star":70,"minecraft:cooked_porkchop":289,"minecraft:bedrock":100,"minecraft:elytra":1,"minecraft:music_disc_13":4,"minecraft:item_frame":29,"minecraft:emerald":117,"minecraft:dirt":1,"minecraft:gray_concrete":5,"minecraft:blaze_spawn_egg":68,"minecraft:snowball":89,"minecraft:writable_book":1,"minecraft:sand":8,"minecraft:black_concrete":1,"minecraft:fishing_rod":1,"minecraft:armor_stand":1,"minecraft:gravel":2,"minecraft:blackstone":1,"minecraft:crimson_fungus":1,"minecraft:stone_axe":2,"minecraft:silverfish_spawn_egg":3,"minecraft:lever":4,"minecraft:polished_andesite_slab":1,"minecraft:golden_chestplate":2,"minecraft:pig_spawn_egg":1,"minecraft:twisting_vines":4,"minecraft:netherite_sword":4,"minecraft:obsidian":1,"minecraft:rotten_flesh":2,"minecraft:enchanted_golden_apple":65,"minecraft:chainmail_chestplate":10,"minecraft:shulker_shell":4,"minecraft:leather_chestplate":2,"minecraft:cod_spawn_egg":133,"minecraft:sea_lantern":6,"minecraft:tipped_arrow":160,"minecraft:trident":1,"minecraft:leather_boots":14,"minecraft:chest":1,"minecraft:leather_leggings":3,"minecraft:spruce_slab":1,"minecraft:iron_bars":1,"minecraft:arrow":78,"minecraft:beef":167,"minecraft:prismarine_wall":1,"minecraft:written_book":96,"minecraft:splash_potion":2,"minecraft:cartography_table":1,"minecraft:water_bucket":2,"minecraft:golden_boots":1,"minecraft:cyan_stained_glass":9,"minecraft:clock":1,"minecraft:tnt":289,"minecraft:yellow_concrete":2,"minecraft:light_gray_stained_glass_pane":3,"minecraft:barrier":1,"minecraft:oak_fence":1,"minecraft:golden_axe":4,"minecraft:iron_helmet":4,"minecraft:lead":1,"minecraft:red_stained_glass":1,"minecraft:polished_blackstone_button":1,"minecraft:chainmail_helmet":4,"minecraft:grass_block":11,"minecraft:polished_blackstone_stairs":1,"minecraft:spruce_fence_gate":1,"minecraft:milk_bucket":4,"minecraft:wooden_hoe":9,"minecraft:lodestone":1,"minecraft:wooden_axe":1,"minecraft:smooth_quartz":1,"minecraft:light_gray_stained_glass":2,"minecraft:iron_leggings":2,"minecraft:potion":3,"minecraft:stripped_birch_log":1,"minecraft:smooth_quartz_slab":1,"minecraft:iron_axe":7,"minecraft:prismarine_slab":1,"minecraft:cactus":92,"minecraft:chainmail_leggings":15,"minecraft:string":9,"minecraft:gray_carpet":1,"minecraft:redstone":25,"minecraft:red_concrete":1,"minecraft:anvil":2,"minecraft:kelp":10,"minecraft:netherite_hoe":9,"minecraft:player_head":1074,"minecraft:netherite_ingot":130,"minecraft:wither_skeleton_skull":1,"minecraft:iron_boots":12,"minecraft:cyan_stained_glass_pane":2,"minecraft:slime_block":3,"minecraft:name_tag":3,"minecraft:debug_stick":3,"minecraft:oak_sign":22,"minecraft:prismarine_stairs":2,"minecraft:flint_and_steel":4,"minecraft:filled_map":68,"minecraft:diamond_sword":11,"minecraft:rabbit_spawn_egg":1,"minecraft:stone":5,"minecraft:shield":6,"minecraft:spruce_planks":1,"minecraft:netherite_block":1,"minecraft:iron_chestplate":4,"minecraft:warped_fence":1,"minecraft:andesite":1,"minecraft:fox_spawn_egg":1,"minecraft:golden_leggings":1,"minecraft:redstone_torch":1,"minecraft:spider_eye":2,"minecraft:cow_spawn_egg":2,"minecraft:warped_button":2,"minecraft:brown_carpet":1,"minecraft:diamond_boots":1,"minecraft:slime_ball":203,"minecraft:stripped_crimson_hyphae":1,"minecraft:bow":10,"minecraft:dark_prismarine":3},"minecraft:crafted":{"minecraft:leather_chestplate":5,"minecraft:trident":1,"minecraft:leather_leggings":4,"minecraft:leather_boots":5},"minecraft:broken":{"minecraft:iron_boots":19,"minecraft:chainmail_chestplate":19,"minecraft:chainmail_leggings":19,"minecraft:trident":1,"minecraft:chainmail_helmet":18,"minecraft:shield":2,"minecraft:golden_axe":2,"minecraft:iron_helmet":1,"minecraft:netherite_sword":2},"minecraft:killed":{"minecraft:spider":21,"minecraft:wither":1,"minecraft:chicken":15,"minecraft:silverfish":9,"minecraft:wolf":3,"minecraft:pig":42,"minecraft:sheep":5,"minecraft:zombie":34,"minecraft:cow":3,"minecraft:vindicator":9,"minecraft:slime":2,"minecraft:horse":5,"minecraft:rabbit":1,"minecraft:wandering_trader":1,"minecraft:villager":14},"minecraft:picked_up":{"minecraft:shulker_shell":4,"minecraft:iron_chestplate":4,"minecraft:ender_chest":2,"minecraft:lead":11,"minecraft:diamond_sword":5,"minecraft:potion":4,"minecraft:stone_brick_stairs":1,"minecraft:string":256,"minecraft:iron_leggings":4,"minecraft:armor_stand":18,"minecraft:netherite_ingot":195,"minecraft:oak_sign":4,"minecraft:redstone_torch":68,"minecraft:written_book":75,"minecraft:iron_boots":11,"minecraft:tipped_arrow":211,"minecraft:stick":1,"minecraft:cyan_stained_glass":1,"minecraft:porkchop":76,"minecraft:golden_axe":3,"minecraft:shulker_spawn_egg":1,"minecraft:music_disc_pigstep":5,"minecraft:warped_button":4,"minecraft:golden_chestplate":4,"minecraft:cactus":92,"minecraft:rotten_flesh":855,"minecraft:honey_bottle":1,"minecraft:netherite_chestplate":1,"minecraft:iron_bars":1,"minecraft:snowball":58,"minecraft:rabbit_spawn_egg":3,"minecraft:barrier":1,"minecraft:leather_chestplate":5,"minecraft:feather":404,"minecraft:cooked_beef":269,"minecraft:iron_door":1,"minecraft:water_bucket":1,"minecraft:cod_spawn_egg":5,"minecraft:golden_leggings":7,"minecraft:potato":4,"minecraft:wither_skeleton_skull":2,"minecraft:netherite_leggings":1,"minecraft:dirt":3,"minecraft:name_tag":199,"minecraft:leather_boots":10,"minecraft:twisting_vines":43,"minecraft:bow":17,"minecraft:netherite_axe":1,"minecraft:bamboo":1,"minecraft:vindicator_spawn_egg":3,"minecraft:debug_stick":1,"minecraft:cooked_porkchop":292,"minecraft:music_disc_13":13,"minecraft:oak_pressure_plate":2,"minecraft:sand":10,"minecraft:grass_block":2,"minecraft:netherite_block":2,"minecraft:spruce_fence_gate":1,"minecraft:diamond":2,"minecraft:slime_block":3,"minecraft:lever":3,"minecraft:writable_book":1,"minecraft:chainmail_helmet":4,"minecraft:emerald":309,"minecraft:chorus_fruit":64,"minecraft:nether_star":14,"minecraft:blaze_spawn_egg":89,"minecraft:fishing_rod":1,"minecraft:splash_potion":1,"minecraft:leather_leggings":5,"minecraft:shield":18,"minecraft:iron_axe":10,"minecraft:flint_and_steel":2,"minecraft:item_frame":157,"minecraft:netherite_sword":1,"minecraft:beef":168,"minecraft:player_head":2384,"minecraft:light_gray_wool":1,"minecraft:chest":1,"minecraft:egg":4,"minecraft:stone":1,"minecraft:music_disc_11":2,"minecraft:carrot":1,"minecraft:trident":1,"minecraft:redstone":26,"minecraft:light_gray_stained_glass_pane":1,"minecraft:tnt":164,"minecraft:arrow":408,"minecraft:diamond_boots":2,"minecraft:mutton":6,"minecraft:rail":2,"minecraft:white_wool":4,"minecraft:netherite_boots":1,"minecraft:clock":1,"minecraft:leather":220,"minecraft:filled_map":259,"minecraft:bedrock":99,"minecraft:chainmail_chestplate":7,"minecraft:golden_boots":6,"minecraft:wooden_hoe":7,"minecraft:white_banner":1,"minecraft:apple":21,"minecraft:kelp":26,"minecraft:rabbit_hide":3,"minecraft:iron_ingot":3,"minecraft:cooked_chicken":494,"minecraft:soul_sand":2,"minecraft:milk_bucket":5,"minecraft:gravel":1,"minecraft:sea_lantern":3,"minecraft:spider_eye":61,"minecraft:slime_ball":11,"minecraft:stone_axe":9,"minecraft:chainmail_leggings":11,"minecraft:iron_helmet":3,"minecraft:terracotta":2,"minecraft:netherite_hoe":8,"minecraft:red_concrete":1},"minecraft:custom":{"minecraft:interact_with_crafting_table":7,"minecraft:open_barrel":15,"minecraft:open_shulker_box":98,"minecraft:leave_game":28,"minecraft:time_since_death":40334,"minecraft:damage_resisted":5529657,"minecraft:sprint_one_cm":866622,"minecraft:damage_blocked_by_shield":313149,"minecraft:drop":645,"minecraft:talked_to_villager":4,"minecraft:deaths":65,"minecraft:jump":5310,"minecraft:walk_on_water_one_cm":47524,"minecraft:interact_with_furnace":1,"minecraft:play_record":14,"minecraft:interact_with_cartography_table":4,"minecraft:play_one_minute":1290413,"minecraft:damage_dealt":501390,"minecraft:player_kills":11,"minecraft:crouch_one_cm":3535378,"minecraft:inspect_dispenser":29,"minecraft:horse_one_cm":8944,"minecraft:inspect_dropper":3,"minecraft:interact_with_anvil":25,"minecraft:mob_kills":170,"minecraft:inspect_hopper":5,"minecraft:damage_dealt_resisted":1035163,"minecraft:climb_one_cm":16834,"minecraft:walk_one_cm":1646823,"minecraft:damage_dealt_absorbed":379,"minecraft:sneak_time":84027,"minecraft:walk_under_water_one_cm":226171,"minecraft:interact_with_lectern":5,"minecraft:boat_one_cm":3644,"minecraft:tune_noteblock":1,"minecraft:interact_with_stonecutter":11,"minecraft:time_since_rest":40354,"minecraft:damage_taken":3358270,"minecraft:damage_absorbed":316,"minecraft:trigger_trapped_chest":7,"minecraft:minecart_one_cm":5388,"minecraft:swim_one_cm":39848,"minecraft:fly_one_cm":12575516,"minecraft:open_chest":136,"minecraft:aviate_one_cm":5654,"minecraft:fall_one_cm":335546}},"DataVersion":2586}