{"stats":{"minecraft:used":{"minecraft:oak_log":128,"minecraft:oak_fence":457,"minecraft:oak_trapdoor":15,"minecraft:glass":1494,"minecraft:petrified_oak_slab":452,"minecraft:water_bucket":11,"minecraft:black_wool":5309,"minecraft:coal_ore":5,"minecraft:bricks":2003,"minecraft:cobblestone_stairs":920,"minecraft:red_wool":61,"minecraft:iron_block":8,"minecraft:grass_block":1517,"minecraft:oak_stairs":245,"minecraft:poppy":19,"minecraft:oak_planks":941,"minecraft:oak_sign":143,"minecraft:chest":31,"minecraft:sandstone":44,"minecraft:stone":10457,"minecraft:grass":140,"minecraft:cobblestone_slab":2025,"minecraft:oak_door":15,"minecraft:oak_leaves":961,"minecraft:white_wool":29922,"minecraft:torch":4,"minecraft:glowstone":228,"minecraft:dirt":358,"minecraft:cobblestone":12735,"minecraft:crafting_table":4,"minecraft:furnace":19,"minecraft:brick_slab":130,"minecraft:light_blue_wool":5,"minecraft:sandstone_slab":107,"minecraft:smooth_stone_slab":14014,"minecraft:dandelion":32},"minecraft:dropped":{"minecraft:cobblestone_stairs":1},"minecraft:picked_up":{"minecraft:filled_map":1},"minecraft:custom":{"minecraft:time_since_rest":446994,"minecraft:interact_with_furnace":2,"minecraft:sprint_one_cm":23365,"minecraft:walk_one_cm":205491,"minecraft:drop":1,"minecraft:fly_one_cm":7417802,"minecraft:play_one_minute":446994,"minecraft:crouch_one_cm":225,"minecraft:sneak_time":3625,"minecraft:walk_under_water_one_cm":282,"minecraft:jump":67,"minecraft:leave_game":14,"minecraft:time_since_death":446994,"minecraft:walk_on_water_one_cm":727}},"DataVersion":2586}