{"stats":{"minecraft:killed_by":{"minecraft:vex":1,"minecraft:player":26,"minecraft:rabbit":1},"minecraft:used":{"minecraft:music_disc_far":1,"minecraft:blue_terracotta":4,"minecraft:light_gray_stained_glass_pane":31,"minecraft:smooth_quartz_slab":2,"minecraft:dispenser":683,"minecraft:spruce_slab":269,"minecraft:polished_blackstone":9,"minecraft:bone_block":4,"minecraft:ladder":24,"minecraft:oak_sign":52,"minecraft:black_carpet":1,"minecraft:white_concrete_powder":29,"minecraft:chest":27,"minecraft:shield":116,"minecraft:stone":196,"minecraft:iron_sword":64,"minecraft:warped_sign":1,"minecraft:quartz_stairs":3,"minecraft:player_head":333,"minecraft:farmland":16,"minecraft:green_terracotta":2,"minecraft:debug_stick":37,"minecraft:spruce_leaves":11,"minecraft:soul_sand":233,"minecraft:blue_stained_glass":66,"minecraft:brick_slab":3,"minecraft:jungle_planks":7,"minecraft:carrot":2,"minecraft:orange_wool":132,"minecraft:acacia_button":4,"minecraft:music_disc_11":1,"minecraft:music_disc_13":43,"minecraft:snowball":219,"minecraft:milk_bucket":5,"minecraft:stripped_spruce_log":140,"minecraft:obsidian":852,"minecraft:honey_bottle":30,"minecraft:glass":184,"minecraft:cyan_terracotta":17,"minecraft:lava_bucket":2109,"minecraft:villager_spawn_egg":310,"minecraft:quartz_pillar":1,"minecraft:music_disc_pigstep":23,"minecraft:red_wool":43,"minecraft:spruce_wood":9,"minecraft:lantern":6,"minecraft:grass_block":1228,"minecraft:panda_spawn_egg":29,"minecraft:music_disc_ward":17,"minecraft:dark_oak_leaves":15,"minecraft:dark_oak_slab":11,"minecraft:mossy_cobblestone_slab":5,"minecraft:gray_concrete_powder":35,"minecraft:tropical_fish_spawn_egg":10,"minecraft:dark_oak_button":5,"minecraft:music_disc_wait":1,"minecraft:stone_brick_stairs":6,"minecraft:stone_bricks":6,"minecraft:item_frame":1428,"minecraft:slime_spawn_egg":23,"minecraft:bedrock":1052,"minecraft:repeater":183,"minecraft:dolphin_spawn_egg":1,"minecraft:redstone_lamp":8,"minecraft:magma_block":36,"minecraft:bow":180,"minecraft:brown_carpet":19,"minecraft:hay_block":32,"minecraft:written_book":47,"minecraft:egg":1028,"minecraft:gray_banner":4,"minecraft:dragon_head":11,"minecraft:seagrass":5,"minecraft:polished_blackstone_stairs":6,"minecraft:stripped_spruce_wood":7,"minecraft:dark_oak_stairs":1,"minecraft:chiseled_polished_blackstone":1,"minecraft:mossy_stone_bricks":2,"minecraft:diorite":1,"minecraft:end_rod":8,"minecraft:damaged_anvil":1,"minecraft:cow_spawn_egg":83,"minecraft:dropper":5,"minecraft:wither_skeleton_skull":34,"minecraft:dark_oak_sign":1,"minecraft:witch_spawn_egg":43,"minecraft:chorus_fruit":14,"minecraft:powered_rail":75,"minecraft:gray_carpet":41,"minecraft:oak_planks":174,"minecraft:ender_pearl":97,"minecraft:cactus":3,"minecraft:lime_concrete_powder":24,"minecraft:fox_spawn_egg":83,"minecraft:sandstone":1,"minecraft:redstone_block":31,"minecraft:diamond_axe":22,"minecraft:smooth_quartz_stairs":4,"minecraft:oak_leaves":134,"minecraft:white_wool":126,"minecraft:golden_apple":4,"minecraft:dark_oak_trapdoor":1,"minecraft:sand":45,"minecraft:purpur_stairs":2,"minecraft:yellow_terracotta":4,"minecraft:light_blue_concrete":16,"minecraft:loom":1,"minecraft:blue_ice":231,"minecraft:yellow_concrete":12,"minecraft:crossbow":811,"minecraft:note_block":15,"minecraft:sponge":23,"minecraft:lingering_potion":149,"minecraft:shulker_spawn_egg":38,"minecraft:stone_brick_wall":26,"minecraft:gray_concrete":412,"minecraft:black_concrete_powder":3,"minecraft:redstone_torch":66,"minecraft:sticky_piston":190,"minecraft:black_terracotta":4,"minecraft:lever":67,"minecraft:green_concrete":12,"minecraft:black_concrete":631,"minecraft:firework_rocket":5,"minecraft:birch_fence_gate":8,"minecraft:dark_oak_log":1,"minecraft:light_gray_concrete":3,"minecraft:lime_carpet":48,"minecraft:barrier":35,"minecraft:string":1,"minecraft:cyan_carpet":10,"minecraft:stone_button":26,"minecraft:oak_pressure_plate":17,"minecraft:iron_door":1,"minecraft:cat_spawn_egg":3,"minecraft:prismarine_wall":12,"minecraft:gravel":9,"minecraft:evoker_spawn_egg":126,"minecraft:diamond_sword":67,"minecraft:white_stained_glass":26,"minecraft:smithing_table":1,"minecraft:ice":1,"minecraft:green_concrete_powder":253,"minecraft:smooth_stone_slab":168,"minecraft:andesite":16,"minecraft:chain":4,"minecraft:pink_stained_glass":9,"minecraft:mossy_cobblestone_wall":2,"minecraft:oak_boat":41,"minecraft:white_concrete":120,"minecraft:coarse_dirt":7,"minecraft:gray_stained_glass":7,"minecraft:oak_trapdoor":7,"minecraft:oak_fence":142,"minecraft:trident":10,"minecraft:petrified_oak_slab":1,"minecraft:polished_blackstone_brick_slab":5,"minecraft:netherite_sword":4,"minecraft:iron_bars":111,"minecraft:flint_and_steel":69,"minecraft:carved_pumpkin":1,"minecraft:red_concrete":140,"minecraft:armor_stand":6,"minecraft:redstone":928,"minecraft:light_gray_carpet":26,"minecraft:light_blue_terracotta":3,"minecraft:spruce_planks":236,"minecraft:wither_skeleton_spawn_egg":47,"minecraft:netherrack":8,"minecraft:oak_door":5,"minecraft:light_gray_shulker_box":2,"minecraft:orange_stained_glass":5,"minecraft:torch":25,"minecraft:dragon_egg":1,"minecraft:dirt":680,"minecraft:anvil":42,"minecraft:target":8,"minecraft:hopper":1,"minecraft:prismarine_bricks":112,"minecraft:spruce_stairs":152,"minecraft:cobblestone_wall":34,"minecraft:nether_brick_slab":1,"minecraft:oak_wood":5,"minecraft:blue_concrete":13,"minecraft:light_blue_stained_glass":10,"minecraft:spruce_fence":220,"minecraft:dead_brain_coral_block":3,"minecraft:oak_fence_gate":18,"minecraft:andesite_wall":2,"minecraft:wooden_axe":3,"minecraft:ravager_spawn_egg":1,"minecraft:stone_brick_slab":21,"minecraft:brown_terracotta":8,"minecraft:red_shulker_box":2,"minecraft:dark_oak_planks":3,"minecraft:sea_lantern":511,"minecraft:light_gray_stained_glass":37,"minecraft:iron_block":213,"minecraft:yellow_stained_glass":2,"minecraft:oak_stairs":23,"minecraft:iron_axe":24,"minecraft:slime_block":135,"minecraft:chicken_spawn_egg":15,"minecraft:smooth_quartz":489,"minecraft:piglin_brute_spawn_egg":2,"minecraft:crimson_planks":3,"minecraft:barrel":23,"minecraft:bamboo":6,"minecraft:blaze_spawn_egg":1,"minecraft:light_gray_wool":11,"minecraft:glowstone":3,"minecraft:beef":5,"minecraft:lime_concrete":5,"minecraft:warped_stairs":5,"minecraft:black_stained_glass":4,"minecraft:emerald_block":3,"minecraft:iron_trapdoor":16,"minecraft:wolf_spawn_egg":20,"minecraft:lime_stained_glass":5,"minecraft:white_stained_glass_pane":11,"minecraft:podzol":8,"minecraft:minecart":227,"minecraft:stone_pressure_plate":15,"minecraft:cooked_beef":42,"minecraft:observer":51,"minecraft:acacia_planks":33,"minecraft:mossy_stone_brick_wall":4,"minecraft:orange_terracotta":4,"minecraft:enchanted_golden_apple":18,"minecraft:pumpkin":2,"minecraft:turtle_spawn_egg":4,"minecraft:quartz_bricks":10,"minecraft:wheat_seeds":5,"minecraft:water_bucket":629,"minecraft:birch_planks":44,"minecraft:polished_andesite":166,"minecraft:blue_wool":64,"minecraft:andesite_slab":2,"minecraft:cut_sandstone":1,"minecraft:cauldron":6,"minecraft:magenta_stained_glass":3,"minecraft:sheep_spawn_egg":5,"minecraft:vindicator_spawn_egg":15,"minecraft:spruce_fence_gate":20,"minecraft:horse_spawn_egg":3,"minecraft:polished_blackstone_bricks":2,"minecraft:mossy_cobblestone":13,"minecraft:stripped_dark_oak_log":1,"minecraft:rabbit_spawn_egg":6,"minecraft:rail":111,"minecraft:dark_prismarine_slab":288,"minecraft:tnt":135,"minecraft:oak_slab":102,"minecraft:crafting_table":13,"minecraft:birch_sign":1,"minecraft:campfire":2,"minecraft:white_bed":4,"minecraft:light_gray_concrete_powder":4,"minecraft:spruce_log":117,"minecraft:cake":3,"minecraft:warped_planks":8,"minecraft:cyan_stained_glass":27,"minecraft:nether_gold_ore":2,"minecraft:wooden_hoe":170,"minecraft:oak_log":196,"minecraft:dark_prismarine":36,"minecraft:netherite_block":242,"minecraft:blue_stained_glass_pane":4,"minecraft:gray_terracotta":1,"minecraft:piston":35,"minecraft:ender_eye":12,"minecraft:flower_pot":3,"minecraft:activator_rail":3,"minecraft:black_wool":49,"minecraft:apple":16,"minecraft:oak_button":3,"minecraft:pig_spawn_egg":1439,"minecraft:map":6,"minecraft:tnt_minecart":2,"minecraft:magenta_concrete":108,"minecraft:stone_slab":3,"minecraft:spruce_trapdoor":70,"minecraft:yellow_wool":3,"minecraft:stone_axe":93,"minecraft:green_carpet":57,"minecraft:cod_spawn_egg":2,"minecraft:cobblestone":6,"minecraft:potion":4,"minecraft:end_crystal":9,"minecraft:cyan_stained_glass_pane":11,"minecraft:red_concrete_powder":8,"minecraft:andesite_stairs":2,"minecraft:glass_pane":82,"minecraft:magenta_glazed_terracotta":48,"minecraft:end_portal_frame":12,"minecraft:polished_blackstone_button":5,"minecraft:stripped_oak_log":117,"minecraft:splash_potion":2895,"minecraft:brown_mushroom_block":3,"minecraft:kelp":406,"minecraft:purple_carpet":1,"minecraft:gray_wool":90,"minecraft:green_stained_glass":3,"minecraft:jukebox":137,"minecraft:smooth_stone":33,"minecraft:pillager_spawn_egg":27},"minecraft:dropped":{"minecraft:diamond_axe":1,"minecraft:cooked_beef":155,"minecraft:chorus_fruit":64,"minecraft:crossbow":2,"minecraft:lime_terracotta":1,"minecraft:saddle":12,"minecraft:bedrock":2,"minecraft:leather_helmet":3,"minecraft:elytra":1,"minecraft:item_frame":38,"minecraft:gray_concrete":2,"minecraft:snowball":146,"minecraft:black_concrete":2,"minecraft:fishing_rod":2,"minecraft:gravel":2,"minecraft:stone_axe":14,"minecraft:golden_chestplate":3,"minecraft:netherite_sword":1,"minecraft:rotten_flesh":64,"minecraft:enchanted_golden_apple":62,"minecraft:netherite_shovel":1,"minecraft:honey_bottle":2,"minecraft:chainmail_chestplate":10,"minecraft:leather_chestplate":7,"minecraft:cod_spawn_egg":5,"minecraft:sea_lantern":2,"minecraft:oak_wood":2,"minecraft:jungle_log":1,"minecraft:leather_boots":5,"minecraft:leather_leggings":3,"minecraft:arrow":494,"minecraft:beef":256,"minecraft:written_book":1,"minecraft:splash_potion":5,"minecraft:firework_rocket":163,"minecraft:iron_ingot":57,"minecraft:egg":1,"minecraft:water_bucket":1,"minecraft:golden_boots":1,"minecraft:cyan_stained_glass":1,"minecraft:wheat_seeds":1,"minecraft:clock":15,"minecraft:tnt":1884,"minecraft:barrier":66,"minecraft:dark_prismarine_slab":1,"minecraft:golden_axe":2,"minecraft:iron_helmet":3,"minecraft:cobblestone":1,"minecraft:command_block":1,"minecraft:chainmail_helmet":6,"minecraft:grass_block":1,"minecraft:stick":60,"minecraft:cobweb":6,"minecraft:milk_bucket":2,"minecraft:wooden_hoe":3,"minecraft:melon_slice":1,"minecraft:lime_carpet":1,"minecraft:iron_leggings":5,"minecraft:green_carpet":2,"minecraft:magenta_glazed_terracotta":1,"minecraft:cactus":16,"minecraft:chainmail_leggings":8,"minecraft:string":6,"minecraft:redstone":2,"minecraft:kelp":12,"minecraft:sweet_berries":3,"minecraft:player_head":21520,"minecraft:netherite_ingot":128,"minecraft:iron_boots":15,"minecraft:name_tag":2,"minecraft:spruce_fence":1,"minecraft:diamond_sword":1,"minecraft:filled_map":155,"minecraft:shield":2,"minecraft:diamond_chestplate":3,"minecraft:golden_leggings":2,"minecraft:redstone_torch":1,"minecraft:stone_pressure_plate":1,"minecraft:spider_eye":192,"minecraft:bamboo":2324,"minecraft:diamond_boots":2,"minecraft:bow":8,"minecraft:white_stained_glass":1},"minecraft:crafted":{"minecraft:iron_hoe":3,"minecraft:firework_star":3,"minecraft:snowball":64,"minecraft:oak_boat":2,"minecraft:firework_rocket":6},"minecraft:broken":{"minecraft:iron_boots":1,"minecraft:chainmail_chestplate":1,"minecraft:netherite_helmet":1,"minecraft:chainmail_leggings":1,"minecraft:netherite_boots":1,"minecraft:netherite_sword":4},"minecraft:killed":{"minecraft:witch":43,"minecraft:spider":22,"minecraft:wither":8,"minecraft:shulker":35,"minecraft:fox":99,"minecraft:chicken":10,"minecraft:silverfish":15,"minecraft:wolf":17,"minecraft:pig":1404,"minecraft:ender_dragon":3,"minecraft:sheep":1,"minecraft:pillager":27,"minecraft:zombie":5,"minecraft:cow":6,"minecraft:evoker":84,"minecraft:vindicator":18,"minecraft:slime":18,"minecraft:horse":4,"minecraft:panda":47,"minecraft:rabbit":1,"minecraft:ravager":5,"minecraft:wither_skeleton":47,"minecraft:villager":422},"minecraft:mined":{"minecraft:player_wall_head":1},"minecraft:picked_up":{"minecraft:shulker_shell":103,"minecraft:iron_chestplate":3,"minecraft:redstone_block":1,"minecraft:anvil":2,"minecraft:lead":33,"minecraft:diamond_sword":28,"minecraft:potion":3,"minecraft:string":163,"minecraft:iron_leggings":6,"minecraft:sticky_piston":1,"minecraft:netherite_ingot":128,"minecraft:experience_bottle":24769,"minecraft:oak_sign":8,"minecraft:activator_rail":3,"minecraft:bucket":1,"minecraft:redstone_torch":21,"minecraft:written_book":38,"minecraft:smooth_quartz":1,"minecraft:enchanted_golden_apple":258,"minecraft:melon_slice":62,"minecraft:iron_boots":53,"minecraft:blue_wool":1,"minecraft:tipped_arrow":64,"minecraft:stick":2437,"minecraft:oak_fence":2,"minecraft:torch":7,"minecraft:porkchop":3272,"minecraft:netherite_shovel":1,"minecraft:shulker_spawn_egg":12,"minecraft:music_disc_pigstep":18,"minecraft:golden_chestplate":8,"minecraft:brown_carpet":1,"minecraft:honey_bottle":5,"minecraft:lime_carpet":2,"minecraft:stone_sword":47,"minecraft:cactus":26,"minecraft:command_block":1,"minecraft:rotten_flesh":1068,"minecraft:music_disc_ward":16,"minecraft:cow_spawn_egg":1,"minecraft:iron_block":1,"minecraft:end_rod":7,"minecraft:netherite_chestplate":3,"minecraft:music_disc_wait":1,"minecraft:blaze_rod":1,"minecraft:obsidian":2,"minecraft:snowball":417,"minecraft:barrier":65,"minecraft:leather_chestplate":25,"minecraft:feather":15,"minecraft:cooked_beef":810,"minecraft:repeater":25,"minecraft:water_bucket":2,"minecraft:jungle_log":1,"minecraft:cod_spawn_egg":20,"minecraft:golden_leggings":8,"minecraft:green_concrete_powder":12,"minecraft:potato":4,"minecraft:prismarine_bricks":1,"minecraft:wither_skeleton_skull":48,"minecraft:gray_concrete":1,"minecraft:netherite_leggings":3,"minecraft:green_shulker_box":217,"minecraft:map":1,"minecraft:dirt":4,"minecraft:gray_concrete_powder":1,"minecraft:name_tag":5,"minecraft:leather_boots":25,"minecraft:glass":26,"minecraft:bone":4579,"minecraft:bow":84,"minecraft:wheat_seeds":8,"minecraft:powered_rail":7,"minecraft:netherite_axe":1,"minecraft:diamond_helmet":1,"minecraft:bamboo":39,"minecraft:glowstone_dust":1489,"minecraft:oak_planks":124,"minecraft:debug_stick":1,"minecraft:cooked_porkchop":310,"minecraft:music_disc_13":29,"minecraft:pig_spawn_egg":65,"minecraft:lime_terracotta":1,"minecraft:oak_pressure_plate":4,"minecraft:sand":1,"minecraft:grass_block":18,"minecraft:orange_wool":1,"minecraft:dark_prismarine_slab":1,"minecraft:dispenser":5,"minecraft:sugar":356,"minecraft:yellow_carpet":9,"minecraft:black_concrete":4,"minecraft:slime_block":1,"minecraft:lever":28,"minecraft:polished_blackstone_button":3,"minecraft:crossbow":32,"minecraft:golden_apple":2,"minecraft:emerald":12336,"minecraft:chainmail_helmet":39,"minecraft:light_gray_carpet":1,"minecraft:oak_sapling":1,"minecraft:nether_star":9,"minecraft:magenta_glazed_terracotta":1,"minecraft:fishing_rod":3,"minecraft:splash_potion":13,"minecraft:chicken":3,"minecraft:ladder":2,"minecraft:leather_leggings":13,"minecraft:stone_brick_wall":3,"minecraft:dragon_head":11,"minecraft:shield":54,"minecraft:elytra":6,"minecraft:iron_axe":19,"minecraft:item_frame":272,"minecraft:netherite_sword":5,"minecraft:beef":276,"minecraft:oak_boat":36,"minecraft:player_head":22777,"minecraft:jungle_sapling":1,"minecraft:spruce_slab":14,"minecraft:chest":576,"minecraft:spruce_trapdoor":6,"minecraft:egg":12,"minecraft:stone":5,"minecraft:spruce_fence":1,"minecraft:stone_button":6,"minecraft:cookie":7,"minecraft:music_disc_11":12,"minecraft:carrot":2,"minecraft:redstone":1011,"minecraft:stone_pressure_plate":11,"minecraft:tnt":88667,"minecraft:arrow":4291,"minecraft:diamond_chestplate":3,"minecraft:diamond_boots":9,"minecraft:saddle":9,"minecraft:totem_of_undying":116,"minecraft:rail":15,"minecraft:netherite_boots":1,"minecraft:clock":21,"minecraft:dark_oak_button":2,"minecraft:salmon":2,"minecraft:fox_spawn_egg":1,"minecraft:leather":129,"minecraft:filled_map":380,"minecraft:bedrock":3,"minecraft:chainmail_chestplate":44,"minecraft:golden_boots":8,"minecraft:gunpowder":1416,"minecraft:wooden_hoe":12,"minecraft:white_banner":12,"minecraft:cooked_mutton":203,"minecraft:gray_carpet":6,"minecraft:apple":15,"minecraft:kelp":334,"minecraft:iron_ingot":59,"minecraft:cooked_chicken":14,"minecraft:cobweb":6,"minecraft:glass_bottle":1048,"minecraft:iron_sword":5,"minecraft:oak_slab":1,"minecraft:milk_bucket":1,"minecraft:sweet_berries":3,"minecraft:gravel":2,"minecraft:lava_bucket":1,"minecraft:white_bed":4,"minecraft:green_carpet":2,"minecraft:sea_lantern":3,"minecraft:spider_eye":2991,"minecraft:dragon_egg":3,"minecraft:leather_helmet":26,"minecraft:oak_wood":1,"minecraft:firework_rocket":1144,"minecraft:white_concrete_powder":3,"minecraft:slime_ball":66,"minecraft:stone_axe":69,"minecraft:chainmail_leggings":40,"minecraft:iron_helmet":6,"minecraft:diamond_axe":1,"minecraft:netherite_hoe":3,"minecraft:coal":6135,"minecraft:wooden_axe":2,"minecraft:ender_pearl":148},"minecraft:custom":{"minecraft:animals_bred":2,"minecraft:interact_with_crafting_table":23,"minecraft:open_barrel":63,"minecraft:open_shulker_box":156,"minecraft:bell_ring":1,"minecraft:eat_cake_slice":81,"minecraft:leave_game":34,"minecraft:time_since_death":11687,"minecraft:damage_resisted":45630,"minecraft:sprint_one_cm":1891146,"minecraft:damage_blocked_by_shield":4035,"minecraft:drop":896,"minecraft:talked_to_villager":26,"minecraft:deaths":126,"minecraft:jump":8965,"minecraft:walk_on_water_one_cm":193158,"minecraft:interact_with_furnace":1,"minecraft:play_record":86,"minecraft:interact_with_cartography_table":1,"minecraft:play_one_minute":2960336,"minecraft:interact_with_loom":11,"minecraft:open_enderchest":1,"minecraft:damage_dealt":114352,"minecraft:player_kills":51,"minecraft:crouch_one_cm":1070682,"minecraft:inspect_dispenser":172,"minecraft:horse_one_cm":109738,"minecraft:interact_with_smithing_table":1,"minecraft:inspect_dropper":12,"minecraft:mob_kills":2355,"minecraft:interact_with_anvil":13,"minecraft:inspect_hopper":14,"minecraft:damage_dealt_resisted":413299,"minecraft:climb_one_cm":48182,"minecraft:walk_one_cm":3021102,"minecraft:damage_dealt_absorbed":220,"minecraft:target_hit":27,"minecraft:sneak_time":174894,"minecraft:walk_under_water_one_cm":447340,"minecraft:interact_with_lectern":6,"minecraft:boat_one_cm":157276,"minecraft:tune_noteblock":164,"minecraft:pot_flower":3,"minecraft:interact_with_stonecutter":4,"minecraft:time_since_rest":11693,"minecraft:damage_absorbed":1326,"minecraft:damage_taken":241056,"minecraft:minecart_one_cm":8128609,"minecraft:fly_one_cm":19806392,"minecraft:swim_one_cm":56992,"minecraft:open_chest":129,"minecraft:pig_one_cm":886,"minecraft:aviate_one_cm":12071870,"minecraft:fall_one_cm":546952}},"DataVersion":2586}