{"stats":{"minecraft:custom":{"minecraft:jump":52,"minecraft:damage_dealt":10,"minecraft:time_since_rest":18084,"minecraft:crouch_one_cm":663,"minecraft:play_one_minute":18084,"minecraft:sprint_one_cm":16318,"minecraft:time_since_death":18084,"minecraft:walk_one_cm":20385,"minecraft:sneak_time":1804,"minecraft:fly_one_cm":342806,"minecraft:leave_game":1},"minecraft:used":{"minecraft:bedrock":1,"minecraft:smooth_sandstone":3,"minecraft:lapis_block":2,"minecraft:lapis_ore":1,"minecraft:smooth_sandstone_slab":19,"minecraft:rail":8,"minecraft:grass_block":11,"minecraft:smooth_sandstone_stairs":10}},"DataVersion":2586}