{"stats":{"minecraft:killed_by":{"minecraft:player":28},"minecraft:used":{"minecraft:crimson_stem":8,"minecraft:chiseled_polished_blackstone":11,"minecraft:trident":6,"minecraft:nether_brick_fence":15,"minecraft:water_bucket":18,"minecraft:polished_blackstone_brick_slab":5,"minecraft:writable_book":5,"minecraft:light_blue_glazed_terracotta":4,"minecraft:dropper":3,"minecraft:carved_pumpkin":2,"minecraft:redstone":55,"minecraft:polished_blackstone":58,"minecraft:red_stained_glass":11,"minecraft:dispenser":35,"minecraft:powered_rail":16,"minecraft:cartography_table":1,"minecraft:prismarine_stairs":3,"minecraft:oak_sign":8,"minecraft:ender_pearl":6,"minecraft:blackstone":3,"minecraft:polished_basalt":46,"minecraft:chest":6,"minecraft:shield":35,"minecraft:stone":41,"minecraft:iron_sword":11,"minecraft:redstone_block":17,"minecraft:spruce_sign":1,"minecraft:diamond_axe":17,"minecraft:spruce_fence_gate":1,"minecraft:stripped_crimson_stem":15,"minecraft:polished_blackstone_bricks":127,"minecraft:torch":6,"minecraft:dragon_egg":1,"minecraft:anvil":9,"minecraft:rail":1,"minecraft:comparator":6,"minecraft:tnt":19,"minecraft:hopper":21,"minecraft:cyan_glazed_terracotta":4,"minecraft:crossbow":2,"minecraft:warped_door":1,"minecraft:honey_block":25,"minecraft:snowball":4,"minecraft:cyan_stained_glass":2,"minecraft:honey_bottle":4,"minecraft:obsidian":13,"minecraft:shroomlight":5,"minecraft:redstone_torch":17,"minecraft:sticky_piston":22,"minecraft:glass":1,"minecraft:stone_brick_slab":1,"minecraft:piston":21,"minecraft:dark_prismarine":11,"minecraft:lever":7,"minecraft:sea_lantern":64,"minecraft:black_wool":24,"minecraft:apple":7,"minecraft:netherite_axe":16,"minecraft:iron_block":9,"minecraft:iron_axe":103,"minecraft:grass_block":2,"minecraft:melon_slice":8,"minecraft:warped_slab":1,"minecraft:slime_block":11,"minecraft:warped_fence":3,"minecraft:stone_button":1,"minecraft:map":2,"minecraft:crimson_slab":2,"minecraft:lectern":1,"minecraft:hopper_minecart":2,"minecraft:totem_of_undying":2,"minecraft:prismarine_wall":5,"minecraft:bedrock":21,"minecraft:prismarine_slab":1,"minecraft:soul_lantern":1,"minecraft:item_frame":65,"minecraft:crimson_sign":1,"minecraft:stone_axe":5,"minecraft:golden_sword":1,"minecraft:glowstone":3,"minecraft:repeater":21,"minecraft:redstone_lamp":29,"minecraft:potion":4,"minecraft:bow":2,"minecraft:written_book":2,"minecraft:dead_horn_coral_fan":1,"minecraft:iron_trapdoor":4,"minecraft:crimson_stairs":1,"minecraft:lime_stained_glass":9,"minecraft:polished_blackstone_button":5,"minecraft:egg":4,"minecraft:cooked_beef":21,"minecraft:observer":66,"minecraft:enchanted_golden_apple":1,"minecraft:golden_axe":1,"minecraft:polished_blackstone_stairs":7,"minecraft:splash_potion":18},"minecraft:dropped":{"minecraft:glass_bottle":1,"minecraft:tnt":3,"minecraft:tipped_arrow":2,"minecraft:filled_map":1,"minecraft:pumpkin_pie":3},"minecraft:broken":{"minecraft:golden_sword":1,"minecraft:iron_sword":1,"minecraft:bow":1},"minecraft:killed":{"minecraft:spider":1,"minecraft:iron_golem":2},"minecraft:picked_up":{"minecraft:fishing_rod":2,"minecraft:cooked_beef":8,"minecraft:splash_potion":2,"minecraft:anvil":2,"minecraft:filled_map":8,"minecraft:potion":2,"minecraft:chainmail_chestplate":1,"minecraft:shield":1,"minecraft:item_frame":7,"minecraft:bow":1,"minecraft:wheat_seeds":1,"minecraft:comparator":1,"minecraft:iron_ingot":4,"minecraft:redstone_torch":3,"minecraft:player_head":1,"minecraft:diamond_helmet":1,"minecraft:melon_slice":7,"minecraft:egg":1,"minecraft:iron_boots":1,"minecraft:tipped_arrow":2,"minecraft:sweet_berries":5,"minecraft:poisonous_potato":2,"minecraft:golden_axe":1,"minecraft:redstone":11,"minecraft:tnt":4608,"minecraft:honey_bottle":4,"minecraft:arrow":36,"minecraft:chainmail_leggings":1,"minecraft:lever":3,"minecraft:polished_blackstone_button":1,"minecraft:crossbow":1,"minecraft:snowball":1,"minecraft:ender_pearl":7},"minecraft:custom":{"minecraft:inspect_dropper":3,"minecraft:mob_kills":3,"minecraft:interact_with_cartography_table":3,"minecraft:play_one_minute":210712,"minecraft:open_shulker_box":86,"minecraft:leave_game":11,"minecraft:time_since_death":25038,"minecraft:climb_one_cm":2942,"minecraft:damage_resisted":1422,"minecraft:time_since_rest":25043,"minecraft:damage_absorbed":185,"minecraft:sprint_one_cm":376616,"minecraft:damage_taken":11401,"minecraft:walk_one_cm":256307,"minecraft:damage_blocked_by_shield":2698,"minecraft:drop":10,"minecraft:damage_dealt":5959,"minecraft:damage_dealt_absorbed":53,"minecraft:swim_one_cm":4585,"minecraft:fly_one_cm":1406105,"minecraft:player_kills":10,"minecraft:open_chest":9,"minecraft:crouch_one_cm":21972,"minecraft:deaths":33,"minecraft:sneak_time":11560,"minecraft:walk_under_water_one_cm":4975,"minecraft:interact_with_lectern":28,"minecraft:jump":1379,"minecraft:walk_on_water_one_cm":3975,"minecraft:fall_one_cm":69022,"minecraft:inspect_dispenser":8}},"DataVersion":2586}