{
	"credit": "Made By DerpDerpling",
	"textures": {
		"1": "worldswap/hcsmp",
		"particle": "worldswap/hcsmp"
	},
	"elements": [
		{
			"from": [0, 0, 0],
			"to": [16, 0, 16],
			"faces": {
				"north": {"uv": [0, 0, 16, 1], "texture": "#missing"},
				"east": {"uv": [0, 0, 16, 1], "texture": "#missing"},
				"south": {"uv": [0, 0, 16, 1], "texture": "#missing"},
				"west": {"uv": [0, 0, 16, 1], "texture": "#missing"},
				"up": {"uv": [0, 0, 16, 16], "texture": "#1"},
				"down": {"uv": [0, 0, 16, 16], "texture": "#missing"}
			}
		}
	],
	"gui_light": "front",
	"display": {
		"thirdperson_righthand": {
			"rotation": [0, -180, 0],
			"translation": [1.5, 4.25, 0.75],
			"scale": [0.5, 0.5, 0.5]
		},
		"thirdperson_lefthand": {
			"rotation": [0, -180, 0],
			"translation": [1.5, 4.5, 0.75],
			"scale": [0.5, 0.5, 0.5]
		},
		"firstperson_righthand": {
			"rotation": [90, 0, 0],
			"translation": [5.25, 2.5, 0],
			"scale": [0.75, 0.75, 0.75]
		},
		"firstperson_lefthand": {
			"rotation": [90, 0, 0],
			"translation": [3.5, 3, 0.5],
			"scale": [0.75, 0.75, 0.75]
		},
		"ground": {
			"translation": [0, 6.25, 0]
		},
		"gui": {
			"rotation": [90, 0, 0]
		},
		"head": {
			"rotation": [90, 0, -180],
			"translation": [0, 0, -14.5]
		},
		"fixed": {
			"rotation": [90, 0, -180],
			"translation": [0, 0, -10.77],
			"scale": [2, 1.35, 2]
		}
	}
}