{
	"credit": "Made with Blockbench",
	"textures": {
		"0": "custom_items/textures/relic_textures/hammer_head",
		"1": "custom_items/textures/relic_textures/handle",
		"particle": "custom_items/textures/relic_textures/hammer_head"
	},
	"elements": [
		{
			"name": "Handle",
			"from": [7, 6, 7],
			"to": [9, 22, 9],
			"faces": {
				"north": {"uv": [0, 0, 2, 16], "texture": "#1"},
				"east": {"uv": [2, 0, 4, 16], "texture": "#1"},
				"south": {"uv": [4, 0, 6, 16], "texture": "#1"},
				"west": {"uv": [6, 0, 8, 16], "texture": "#1"},
				"up": {"uv": [10, 2, 8, 0], "texture": "#1"},
				"down": {"uv": [10, 2, 8, 4], "texture": "#1"}
			}
		},
		{
			"name": "core",
			"from": [6, 1, 0],
			"to": [10, 5, 16],
			"faces": {
				"north": {"uv": [5, 4, 6, 5], "texture": "#0"},
				"east": {"uv": [0, 0, 4, 1], "texture": "#0"},
				"south": {"uv": [5, 5, 6, 6], "texture": "#0"},
				"west": {"uv": [0, 1, 4, 2], "texture": "#0"},
				"up": {"uv": [1, 6, 0, 2], "texture": "#0"},
				"down": {"uv": [2, 2, 1, 6], "texture": "#0"}
			}
		},
		{
			"name": "top layer",
			"from": [6, 0, 0.25],
			"to": [10, 1, 15.75],
			"faces": {
				"north": {"uv": [6.25, 5.5, 7.25, 5.75], "texture": "#0"},
				"east": {"uv": [0, 6, 4, 6.25], "texture": "#0"},
				"south": {"uv": [6.25, 5.75, 7.25, 6], "texture": "#0"},
				"west": {"uv": [6, 4, 10, 4.25], "texture": "#0"},
				"up": {"uv": [3, 6, 2, 2], "texture": "#0"},
				"down": {"uv": [4, 2, 3, 6], "texture": "#0"}
			}
		},
		{
			"name": "bottom layer",
			"from": [6, 5, 0.25],
			"to": [10, 6, 15.75],
			"faces": {
				"north": {"uv": [6.25, 6, 7.25, 6.25], "texture": "#0"},
				"east": {"uv": [6, 4.25, 10, 4.5], "texture": "#0"},
				"south": {"uv": [6.25, 6.25, 7.25, 6.5], "texture": "#0"},
				"west": {"uv": [6, 4.5, 10, 4.75], "texture": "#0"},
				"up": {"uv": [5, 4, 4, 0], "texture": "#0"},
				"down": {"uv": [5, 4, 4, 8], "texture": "#0"}
			}
		},
		{
			"name": "side layer 1",
			"from": [5, 1, 0.25],
			"to": [6, 5, 15.75],
			"faces": {
				"north": {"uv": [5.75, 6, 6, 7], "texture": "#0"},
				"east": {"uv": [5, 0, 9, 1], "texture": "#0"},
				"south": {"uv": [6.25, 6.5, 6.5, 7.5], "texture": "#0"},
				"west": {"uv": [5, 1, 9, 2], "texture": "#0"},
				"up": {"uv": [6.25, 8.75, 6, 4.75], "texture": "#0"},
				"down": {"uv": [5.25, 6, 5, 10], "texture": "#0"}
			}
		},
		{
			"name": "side layer 2",
			"from": [10, 1, 0.25],
			"to": [11, 5, 15.75],
			"faces": {
				"north": {"uv": [6.5, 6.5, 6.75, 7.5], "texture": "#0"},
				"east": {"uv": [5, 2, 9, 3], "texture": "#0"},
				"south": {"uv": [0, 6.75, 0.25, 7.75], "texture": "#0"},
				"west": {"uv": [5, 3, 9, 4], "texture": "#0"},
				"up": {"uv": [5.5, 10, 5.25, 6], "texture": "#0"},
				"down": {"uv": [5.75, 6, 5.5, 10], "texture": "#0"}
			}
		},
		{
			"name": "bump 6",
			"from": [4.5, 3, 2],
			"to": [5.5, 4, 3],
			"faces": {
				"north": {"uv": [7.5, 6.25, 7.75, 6.5], "texture": "#0"},
				"east": {"uv": [6.5, 7.5, 6.75, 7.75], "texture": "#0"},
				"south": {"uv": [7.5, 6.5, 7.75, 6.75], "texture": "#0"},
				"west": {"uv": [7.5, 6.75, 7.75, 7], "texture": "#0"},
				"up": {"uv": [7.75, 7.25, 7.5, 7], "texture": "#0"},
				"down": {"uv": [7.75, 7.25, 7.5, 7.5], "texture": "#0"}
			}
		},
		{
			"name": "large stump",
			"from": [11, 2, 4],
			"to": [13, 4, 7],
			"rotation": {"angle": -45, "axis": "y", "origin": [0, 0, 0]},
			"faces": {
				"north": {"uv": [0.25, 6.75, 0.75, 7.25], "texture": "#0"},
				"east": {"uv": [0, 6.25, 0.75, 6.75], "texture": "#0"},
				"south": {"uv": [0.75, 6.75, 1.25, 7.25], "texture": "#0"},
				"west": {"uv": [0.75, 6.25, 1.5, 6.75], "texture": "#0"},
				"up": {"uv": [2, 7, 1.5, 6.25], "texture": "#0"},
				"down": {"uv": [2.5, 6.25, 2, 7], "texture": "#0"}
			}
		},
		{
			"name": "small stump",
			"from": [8, 6, -1.7],
			"to": [9, 7, 1.3],
			"rotation": {"angle": 22.5, "axis": "x", "origin": [0, 0, 0]},
			"faces": {
				"north": {"uv": [0.25, 7.5, 0.5, 7.75], "texture": "#0"},
				"east": {"uv": [6.75, 4.75, 7.5, 5], "texture": "#0"},
				"south": {"uv": [0.5, 7.5, 0.75, 7.75], "texture": "#0"},
				"west": {"uv": [6.75, 5, 7.5, 5.25], "texture": "#0"},
				"up": {"uv": [1.5, 7.5, 1.25, 6.75], "texture": "#0"},
				"down": {"uv": [7, 6.5, 6.75, 7.25], "texture": "#0"}
			}
		},
		{
			"name": "bump 1",
			"from": [8, 2, 7],
			"to": [9, 3, 9],
			"rotation": {"angle": 22.5, "axis": "y", "origin": [0, 0, 0]},
			"faces": {
				"north": {"uv": [0.75, 7.5, 1, 7.75], "texture": "#0"},
				"east": {"uv": [6.75, 5.25, 7.25, 5.5], "texture": "#0"},
				"south": {"uv": [1, 7.5, 1.25, 7.75], "texture": "#0"},
				"west": {"uv": [2.5, 7, 3, 7.25], "texture": "#0"},
				"up": {"uv": [3.25, 7.5, 3, 7], "texture": "#0"},
				"down": {"uv": [3.5, 7, 3.25, 7.5], "texture": "#0"}
			}
		},
		{
			"name": "bump 2",
			"from": [7, 10, 10],
			"to": [8, 11, 12],
			"rotation": {"angle": 22.5, "axis": "x", "origin": [0, 0, 0]},
			"faces": {
				"north": {"uv": [1.25, 7.5, 1.5, 7.75], "texture": "#0"},
				"east": {"uv": [3.5, 7, 4, 7.25], "texture": "#0"},
				"south": {"uv": [3, 7.5, 3.25, 7.75], "texture": "#0"},
				"west": {"uv": [7, 6.5, 7.5, 6.75], "texture": "#0"},
				"up": {"uv": [6, 7.5, 5.75, 7], "texture": "#0"},
				"down": {"uv": [7.25, 6.75, 7, 7.25], "texture": "#0"}
			}
		},
		{
			"name": "bump 3",
			"from": [10.5, 3, 12],
			"to": [11.5, 4, 13],
			"faces": {
				"north": {"uv": [3.25, 7.5, 3.5, 7.75], "texture": "#0"},
				"east": {"uv": [3.5, 7.5, 3.75, 7.75], "texture": "#0"},
				"south": {"uv": [3.75, 7.5, 4, 7.75], "texture": "#0"},
				"west": {"uv": [7.5, 4.75, 7.75, 5], "texture": "#0"},
				"up": {"uv": [7.75, 5.25, 7.5, 5], "texture": "#0"},
				"down": {"uv": [7.75, 5.5, 7.5, 5.75], "texture": "#0"}
			}
		},
		{
			"name": "bump 4",
			"from": [7, -0.5, 3],
			"to": [8, 0.5, 5],
			"faces": {
				"north": {"uv": [5.75, 7.5, 6, 7.75], "texture": "#0"},
				"east": {"uv": [0.25, 7.25, 0.75, 7.5], "texture": "#0"},
				"south": {"uv": [7.5, 5.75, 7.75, 6], "texture": "#0"},
				"west": {"uv": [0.75, 7.25, 1.25, 7.5], "texture": "#0"},
				"up": {"uv": [2.75, 7.75, 2.5, 7.25], "texture": "#0"},
				"down": {"uv": [3, 7.25, 2.75, 7.75], "texture": "#0"}
			}
		},
		{
			"name": "bump 5",
			"from": [8, -4.5, 9],
			"to": [9, -3.5, 11],
			"rotation": {"angle": -22.5, "axis": "x", "origin": [0, 0, 0]},
			"faces": {
				"north": {"uv": [7.5, 6, 7.75, 6.25], "texture": "#0"},
				"east": {"uv": [3.5, 7.25, 4, 7.5], "texture": "#0"},
				"south": {"uv": [6.25, 7.5, 6.5, 7.75], "texture": "#0"},
				"west": {"uv": [7.25, 5.25, 7.75, 5.5], "texture": "#0"},
				"up": {"uv": [7.5, 6, 7.25, 5.5], "texture": "#0"},
				"down": {"uv": [7.5, 6, 7.25, 6.5], "texture": "#0"}
			}
		},
		{
			"name": "eye 1",
			"from": [4.5, 1.5, 6.5],
			"to": [5.5, 4.5, 9.5],
			"faces": {
				"north": {"uv": [3, 8, 4, 11], "texture": "#0"},
				"east": {"uv": [0, 8, 3, 11], "texture": "#0"},
				"south": {"uv": [4, 8, 5, 11], "texture": "#0"},
				"west": {"uv": [8, 5, 11, 8], "texture": "#0"},
				"up": {"uv": [7, 12, 6, 9], "texture": "#0"},
				"down": {"uv": [6, 10, 5, 13], "texture": "#0"}
			}
		},
		{
			"name": "eye 2",
			"from": [10.5, 1.5, 6.5],
			"to": [11.5, 4.5, 9.5],
			"faces": {
				"north": {"uv": [10, 8, 11, 11], "texture": "#0"},
				"east": {"uv": [7, 8, 10, 11], "texture": "#0"},
				"south": {"uv": [0, 11, 1, 14], "texture": "#0"},
				"west": {"uv": [9, 0, 12, 3], "texture": "#0"},
				"up": {"uv": [2, 14, 1, 11], "texture": "#0"},
				"down": {"uv": [3, 11, 2, 14], "texture": "#0"}
			}
		}
	],
	"display": {
		"thirdperson_righthand": {
			"rotation": [-180, 0, 0],
			"translation": [0, 7.25, 0]
		},
		"thirdperson_lefthand": {
			"rotation": [-180, 0, 0],
			"translation": [0, 7.25, 0]
		},
		"firstperson_righthand": {
			"rotation": [164.5, 0, 0],
			"translation": [3, 4, -2.75]
		},
		"firstperson_lefthand": {
			"rotation": [164.5, 0, 0],
			"translation": [3, 4, -2.75]
		},
		"ground": {
			"rotation": [116, 0, 0],
			"translation": [0, 4, 0]
		},
		"gui": {
			"rotation": [-90, -45, 90],
			"scale": [0, 0.7, 0.7]
		},
		"head": {
			"rotation": [0, 90, 0],
			"translation": [0, 14, -1.25]
		},
		"fixed": {
			"rotation": [180, -90, 0],
			"translation": [0, 2.25, 0]
		}
	},
	"groups": [
		0,
		{
			"name": "Hammer Head",
			"origin": [0, 0, 0],
			"color": 8,
			"children": [
				{
					"name": "Log",
					"origin": [0, 0, 0],
					"color": 0,
					"children": [1, 2, 3, 4, 5]
				},
				{
					"name": "Details",
					"origin": [0, 0, 0],
					"color": 0,
					"children": [6, 7, 8, 9, 10, 11, 12, 13]
				},
				{
					"name": "Eyes",
					"origin": [0, 0, 0],
					"color": 0,
					"children": [14, 15]
				}
			]
		}
	]
}