{
  "parent": "minecraft:block/orientable",
  "textures": {
    "top": "minecraft:block/pumpkin_top",
    "front": "minecraft:block/carved_pumpkin",
    "side": "minecraft:block/pumpkin_side"
  },
    "overrides": [
    {"predicate": {"custom_model_data": 1}, "model": "item/partyhat"},
    {"predicate": {"custom_model_data": 6}, "model": "custom:item/ozzy_haloanim"},
    {"predicate": {"custom_model_data": 43}, "model": "custom:item/toptophat"},
    {"predicate": {"custom_model_data": 66}, "model": "custom:item/penguin_hat"},
    {"predicate": {"custom_model_data": 72}, "model": "custom:item/bigdious_animated_head"}
    ]
}