{
	"credit": "Made with Blockbench",
	"textures": {
		"0": "item/longsword",
		"particle": "item/longsword"
	},
	"elements": [
		{
			"from": [-16, -16, 7.5],
			"to": [32, 32, 8.5],
			"faces": {
				"north": {"uv": [0, 0, 16, 16], "texture": "#0"},
				"east": {"uv": [8.375, 15.75, 16, 16], "texture": "#0"},
				"south": {"uv": [16, 0, 0, 16], "texture": "#0"},
				"west": {"uv": [0, 0, 1.625, 10.875], "texture": "#0"},
				"up": {"uv": [0, 0, 12, 0.875], "texture": "#0"},
				"down": {"uv": [0, 0, 11.75, 1.875], "texture": "#0"}
			}
		}
	],
	"display": {
		"thirdperson_righthand": {
			"rotation": [-15.25, 90, 0],
			"translation": [-0.25, 80, 48],
			"scale": [2.85, 2.85, 2.85]
		},
		"thirdperson_lefthand": {
			"rotation": [75.5, 90, 0],
			"translation": [-0.25, 80, 48],
			"scale": [2.85, 2.85, 2.85]
		},
		"firstperson_righthand": {
			"rotation": [-40, -99, -80],
			"translation": [-2.75, 68, -6],
			"scale": [2.13, 2.13, 2.13]
		},
		"firstperson_lefthand": {
			"rotation": [0, -68.5, 0]
		},
		"ground": {
			"translation": [0, 0.5, 0],
			"scale": [0.22266, 0.22266, 0.22266]
		},
		"gui": {
			"scale": [0.32813, 0.32813, 0.32813]
		},
		"head": {
			"rotation": [0, 0, -135]
		},
		"fixed": {
			"scale": [0.40039, 0.40039, 0.40039]
		}
	}
}