{
	"credit": "Made with Blockbench",
	"texture_size": [64, 64],
	"textures": {
		"0": "block/relics/marshdiamond",
		"particle": "block/relics/marshdiamond"
	},
	"elements": [
		{
			"from": [7.54222, 0, 10.28773],
			"to": [9.54222, 1.5, 13.28773],
			"rotation": {"angle": -22.5, "axis": "y", "origin": [9.54222, 1, 11.78773]},
			"faces": {
				"north": {"uv": [0, 0, 1.75, 1], "texture": "#0"},
				"east": {"uv": [0, 0, 1.75, 1], "texture": "#0"},
				"south": {"uv": [0, 0, 1.75, 1], "texture": "#0"},
				"west": {"uv": [0, 0, 1.75, 1], "texture": "#0"},
				"up": {"uv": [0, 0, 1.75, 1], "rotation": 90, "texture": "#0"},
				"down": {"uv": [0, 0, 1.75, 1], "rotation": 270, "texture": "#0"}
			}
		},
		{
			"from": [10.54222, 0, 6.28773],
			"to": [12.54222, 2.5, 9.28773],
			"rotation": {"angle": 0, "axis": "y", "origin": [9.54222, -2, 1.78773]},
			"faces": {
				"north": {"uv": [0, 0, 1.75, 1], "texture": "#0"},
				"east": {"uv": [0, 0, 1.75, 1], "texture": "#0"},
				"south": {"uv": [0, 0, 1.75, 1], "texture": "#0"},
				"west": {"uv": [0, 0, 1.75, 1], "texture": "#0"},
				"up": {"uv": [0, 0, 1.75, 1], "rotation": 90, "texture": "#0"},
				"down": {"uv": [0, 0, 1.75, 1], "rotation": 270, "texture": "#0"}
			}
		},
		{
			"from": [9.54222, 0, 3.28773],
			"to": [11.54222, 1.75, 6.28773],
			"rotation": {"angle": 0, "axis": "y", "origin": [9.54222, -2, 1.78773]},
			"faces": {
				"north": {"uv": [0, 0, 1.75, 1], "texture": "#0"},
				"east": {"uv": [0, 0, 1.75, 1], "texture": "#0"},
				"south": {"uv": [0, 0, 1.75, 1], "texture": "#0"},
				"west": {"uv": [0, 0, 1.75, 1], "texture": "#0"},
				"up": {"uv": [0, 0, 1.75, 1], "rotation": 90, "texture": "#0"},
				"down": {"uv": [0, 0, 1.75, 1], "rotation": 270, "texture": "#0"}
			}
		},
		{
			"from": [5, 0, 2],
			"to": [8, 1.5, 4],
			"rotation": {"angle": -22.5, "axis": "y", "origin": [0, 0, 0]},
			"faces": {
				"north": {"uv": [0, 0, 1.75, 1], "texture": "#0"},
				"east": {"uv": [0, 0, 1.75, 1], "texture": "#0"},
				"south": {"uv": [0, 0, 1.75, 1], "texture": "#0"},
				"west": {"uv": [0, 0, 1.75, 1], "texture": "#0"},
				"up": {"uv": [0, 0, 1.75, 1], "texture": "#0"},
				"down": {"uv": [0, 0, 1.75, 1], "texture": "#0"}
			}
		},
		{
			"from": [3, 0, 8],
			"to": [6, 2, 10],
			"faces": {
				"north": {"uv": [0, 0, 1.75, 1], "texture": "#0"},
				"east": {"uv": [0, 0, 1.75, 1], "texture": "#0"},
				"south": {"uv": [0, 0, 1.75, 1], "texture": "#0"},
				"west": {"uv": [0, 0, 1.75, 1], "texture": "#0"},
				"up": {"uv": [0, 0, 1.75, 1], "texture": "#0"},
				"down": {"uv": [0, 0, 1.75, 1], "texture": "#0"}
			}
		},
		{
			"from": [5, 0.01, 5],
			"to": [11, 9.01, 11],
			"faces": {
				"north": {"uv": [0, 4.25, 2.75, 7.5], "texture": "#0"},
				"east": {"uv": [0, 0, 3.75, 2.5], "texture": "#0"},
				"south": {"uv": [0, 0, 3.75, 2.5], "texture": "#0"},
				"west": {"uv": [0, 0, 3.75, 2.5], "texture": "#0"},
				"up": {"uv": [3.75, 12, 7.75, 16], "texture": "#0"},
				"down": {"uv": [0, 12, 4, 16], "texture": "#0"}
			}
		},
		{
			"from": [7, 11, 7.5],
			"to": [9, 15, 8.5],
			"rotation": {"angle": 0, "axis": "y", "origin": [8, 15.25, 7.5]},
			"faces": {
				"north": {"uv": [4.75, 0.5, 5.25, 1.5], "texture": "#0"},
				"east": {"uv": [4.25, 0.25, 4.5, 1.25], "texture": "#0"},
				"south": {"uv": [4.75, 0, 5.25, 1], "texture": "#0"},
				"west": {"uv": [4.25, 0.25, 4.5, 1.25], "texture": "#0"},
				"up": {"uv": [4.25, 0.25, 4.75, 0.5], "texture": "#0"},
				"down": {"uv": [4.75, 0.5, 5.25, 0.75], "texture": "#0"}
			}
		},
		{
			"from": [6, 12, 7.5],
			"to": [7, 15, 8.5],
			"rotation": {"angle": 0, "axis": "y", "origin": [8, 15.25, 7.5]},
			"faces": {
				"north": {"uv": [4.75, 0.5, 5, 1.25], "texture": "#0"},
				"east": {"uv": [4.25, 0.25, 4.5, 1], "texture": "#0"},
				"south": {"uv": [4.75, 0, 5, 0.75], "texture": "#0"},
				"west": {"uv": [4.25, 0.25, 4.5, 1], "texture": "#0"},
				"up": {"uv": [4.25, 0.25, 4.5, 0.5], "texture": "#0"},
				"down": {"uv": [4.75, 0.5, 5, 0.75], "texture": "#0"}
			}
		},
		{
			"from": [9, 12, 7.5],
			"to": [10, 15, 8.5],
			"rotation": {"angle": 0, "axis": "y", "origin": [8, 15.25, 7.5]},
			"faces": {
				"north": {"uv": [4.75, 0.5, 5, 1.25], "texture": "#0"},
				"east": {"uv": [4.25, 0.25, 4.5, 1], "texture": "#0"},
				"south": {"uv": [4.75, 0, 5, 0.75], "texture": "#0"},
				"west": {"uv": [4.25, 0.25, 4.5, 1], "texture": "#0"},
				"up": {"uv": [4.25, 0.25, 4.5, 0.5], "texture": "#0"},
				"down": {"uv": [4.75, 0.5, 5, 0.75], "texture": "#0"}
			}
		},
		{
			"from": [9, 13, 7],
			"to": [10, 15.5, 9],
			"rotation": {"angle": 0, "axis": "y", "origin": [8, 15.25, 7.5]},
			"faces": {
				"north": {"uv": [4.75, 0.5, 5, 1.125], "texture": "#0"},
				"east": {"uv": [4.25, 0.25, 4.75, 0.875], "texture": "#0"},
				"south": {"uv": [4.75, 0, 5, 0.625], "texture": "#0"},
				"west": {"uv": [4.25, 0.25, 4.75, 0.875], "texture": "#0"},
				"up": {"uv": [4.25, 0.25, 4.5, 0.75], "texture": "#0"},
				"down": {"uv": [4.75, 0.5, 5, 1], "texture": "#0"}
			}
		},
		{
			"from": [6, 13, 7],
			"to": [7, 15.5, 9],
			"rotation": {"angle": 0, "axis": "y", "origin": [8, 15.25, 7.5]},
			"faces": {
				"north": {"uv": [4.75, 0.5, 5, 1.125], "texture": "#0"},
				"east": {"uv": [4.25, 0.25, 4.75, 0.875], "texture": "#0"},
				"south": {"uv": [4.75, 0, 5, 0.625], "texture": "#0"},
				"west": {"uv": [4.25, 0.25, 4.75, 0.875], "texture": "#0"},
				"up": {"uv": [4.25, 0.25, 4.5, 0.75], "texture": "#0"},
				"down": {"uv": [4.75, 0.5, 5, 1], "texture": "#0"}
			}
		},
		{
			"from": [7, 12, 7],
			"to": [9, 14.5, 9],
			"rotation": {"angle": 0, "axis": "y", "origin": [8, 15.25, 7.5]},
			"faces": {
				"north": {"uv": [4.75, 0.5, 5.25, 1.125], "texture": "#0"},
				"east": {"uv": [4.25, 0.25, 4.75, 0.875], "texture": "#0"},
				"south": {"uv": [4.75, 0, 5.25, 0.625], "texture": "#0"},
				"west": {"uv": [4.25, 0.25, 4.75, 0.875], "texture": "#0"},
				"up": {"uv": [4.25, 0.25, 4.75, 0.75], "texture": "#0"},
				"down": {"uv": [4.75, 0.5, 5.25, 1], "texture": "#0"}
			}
		},
		{
			"from": [10, 13, 7.5],
			"to": [11, 15, 8.5],
			"rotation": {"angle": 0, "axis": "y", "origin": [8, 15.25, 7.5]},
			"faces": {
				"north": {"uv": [4.75, 0.5, 5, 1], "texture": "#0"},
				"east": {"uv": [4.25, 0.25, 4.5, 0.75], "texture": "#0"},
				"south": {"uv": [4.75, 0, 5, 0.5], "texture": "#0"},
				"west": {"uv": [4.25, 0.25, 4.5, 0.75], "texture": "#0"},
				"up": {"uv": [4.25, 0.25, 4.5, 0.5], "texture": "#0"},
				"down": {"uv": [4.75, 0.5, 5, 0.75], "texture": "#0"}
			}
		},
		{
			"from": [5, 13, 7.5],
			"to": [6, 15, 8.5],
			"rotation": {"angle": 0, "axis": "y", "origin": [8, 15.25, 7.5]},
			"faces": {
				"north": {"uv": [4.75, 0.5, 5, 1], "texture": "#0"},
				"east": {"uv": [4.25, 0.25, 4.5, 0.75], "texture": "#0"},
				"south": {"uv": [4.75, 0, 5, 0.5], "texture": "#0"},
				"west": {"uv": [4.25, 0.25, 4.5, 0.75], "texture": "#0"},
				"up": {"uv": [4.25, 0.25, 4.5, 0.5], "texture": "#0"},
				"down": {"uv": [4.75, 0.5, 5, 0.75], "texture": "#0"}
			}
		},
		{
			"from": [8.5, 15, 7.5],
			"to": [10.5, 16, 8.5],
			"rotation": {"angle": 0, "axis": "y", "origin": [8, 15.25, 7.5]},
			"faces": {
				"north": {"uv": [4.75, 0.5, 5.25, 0.75], "texture": "#0"},
				"east": {"uv": [4.25, 0.25, 4.5, 0.5], "texture": "#0"},
				"south": {"uv": [4.75, 0, 5.25, 0.25], "texture": "#0"},
				"west": {"uv": [4.25, 0.25, 4.5, 0.5], "texture": "#0"},
				"up": {"uv": [4.25, 0.25, 4.75, 0.5], "texture": "#0"},
				"down": {"uv": [4.75, 0.5, 5.25, 0.75], "texture": "#0"}
			}
		},
		{
			"from": [5.5, 15, 7.5],
			"to": [7.5, 16, 8.5],
			"rotation": {"angle": 0, "axis": "y", "origin": [8, 15.25, 7.5]},
			"faces": {
				"north": {"uv": [4.75, 0.5, 5.25, 0.75], "texture": "#0"},
				"east": {"uv": [4.25, 0.25, 4.5, 0.5], "texture": "#0"},
				"south": {"uv": [4.75, 0, 5.25, 0.25], "texture": "#0"},
				"west": {"uv": [4.25, 0.25, 4.5, 0.5], "texture": "#0"},
				"up": {"uv": [4.25, 0.25, 4.75, 0.5], "texture": "#0"},
				"down": {"uv": [4.75, 0.5, 5.25, 0.75], "texture": "#0"}
			}
		},
		{
			"from": [7, 11, 7.5],
			"to": [9, 15, 8.5],
			"rotation": {"angle": -22.5, "axis": "y", "origin": [8, 14.25, 8]},
			"faces": {
				"north": {"uv": [6.5, 0.5, 7, 1.5], "texture": "#0"},
				"east": {"uv": [6, 0.25, 6.25, 1.25], "texture": "#0"},
				"south": {"uv": [6.5, 0, 7, 1], "texture": "#0"},
				"west": {"uv": [6, 0.25, 6.25, 1.25], "texture": "#0"},
				"up": {"uv": [6, 0.25, 6.5, 0.5], "texture": "#0"},
				"down": {"uv": [6.5, 0.5, 7, 0.75], "texture": "#0"}
			}
		},
		{
			"from": [6, 12, 7.5],
			"to": [7, 15, 8.5],
			"rotation": {"angle": -22.5, "axis": "y", "origin": [8, 14.25, 8]},
			"faces": {
				"north": {"uv": [6.5, 0.5, 6.75, 1.25], "texture": "#0"},
				"east": {"uv": [6, 0.25, 6.25, 1], "texture": "#0"},
				"south": {"uv": [6.5, 0, 6.75, 0.75], "texture": "#0"},
				"west": {"uv": [6, 0.25, 6.25, 1], "texture": "#0"},
				"up": {"uv": [6, 0.25, 6.25, 0.5], "texture": "#0"},
				"down": {"uv": [6.5, 0.5, 6.75, 0.75], "texture": "#0"}
			}
		},
		{
			"from": [9, 12, 7.5],
			"to": [10, 15, 8.5],
			"rotation": {"angle": -22.5, "axis": "y", "origin": [8, 14.25, 8]},
			"faces": {
				"north": {"uv": [6.5, 0.5, 6.75, 1.25], "texture": "#0"},
				"east": {"uv": [6, 0.25, 6.25, 1], "texture": "#0"},
				"south": {"uv": [6.5, 0, 6.75, 0.75], "texture": "#0"},
				"west": {"uv": [6, 0.25, 6.25, 1], "texture": "#0"},
				"up": {"uv": [6, 0.25, 6.25, 0.5], "texture": "#0"},
				"down": {"uv": [6.5, 0.5, 6.75, 0.75], "texture": "#0"}
			}
		},
		{
			"from": [9, 13, 7],
			"to": [10, 15.5, 9],
			"rotation": {"angle": -22.5, "axis": "y", "origin": [8, 14.25, 8]},
			"faces": {
				"north": {"uv": [6.5, 0.5, 6.75, 1.125], "texture": "#0"},
				"east": {"uv": [6, 0.25, 6.5, 0.875], "texture": "#0"},
				"south": {"uv": [6.5, 0, 6.75, 0.625], "texture": "#0"},
				"west": {"uv": [6, 0.25, 6.5, 0.875], "texture": "#0"},
				"up": {"uv": [6, 0.25, 6.25, 0.75], "texture": "#0"},
				"down": {"uv": [6.5, 0.5, 6.75, 1], "texture": "#0"}
			}
		},
		{
			"from": [6, 13, 7],
			"to": [7, 15.5, 9],
			"rotation": {"angle": -22.5, "axis": "y", "origin": [8, 14.25, 8]},
			"faces": {
				"north": {"uv": [6.5, 0.5, 6.75, 1.125], "texture": "#0"},
				"east": {"uv": [6, 0.25, 6.5, 0.875], "texture": "#0"},
				"south": {"uv": [6.5, 0, 6.75, 0.625], "texture": "#0"},
				"west": {"uv": [6, 0.25, 6.5, 0.875], "texture": "#0"},
				"up": {"uv": [6, 0.25, 6.25, 0.75], "texture": "#0"},
				"down": {"uv": [6.5, 0.5, 6.75, 1], "texture": "#0"}
			}
		},
		{
			"from": [7, 12, 7],
			"to": [9, 14.5, 9],
			"rotation": {"angle": -22.5, "axis": "y", "origin": [8, 14.25, 8]},
			"faces": {
				"north": {"uv": [6.5, 0.5, 7, 1.125], "texture": "#0"},
				"east": {"uv": [6, 0.25, 6.5, 0.875], "texture": "#0"},
				"south": {"uv": [6.5, 0, 7, 0.625], "texture": "#0"},
				"west": {"uv": [6, 0.25, 6.5, 0.875], "texture": "#0"},
				"up": {"uv": [6, 0.25, 6.5, 0.75], "texture": "#0"},
				"down": {"uv": [6.5, 0.5, 7, 1], "texture": "#0"}
			}
		},
		{
			"from": [10, 13, 7.5],
			"to": [11, 15, 8.5],
			"rotation": {"angle": -22.5, "axis": "y", "origin": [8, 14.25, 8]},
			"faces": {
				"north": {"uv": [6.5, 0.5, 6.75, 1], "texture": "#0"},
				"east": {"uv": [6, 0.25, 6.25, 0.75], "texture": "#0"},
				"south": {"uv": [6.5, 0, 6.75, 0.5], "texture": "#0"},
				"west": {"uv": [6, 0.25, 6.25, 0.75], "texture": "#0"},
				"up": {"uv": [6, 0.25, 6.25, 0.5], "texture": "#0"},
				"down": {"uv": [6.5, 0.5, 6.75, 0.75], "texture": "#0"}
			}
		},
		{
			"from": [5, 13, 7.5],
			"to": [6, 15, 8.5],
			"rotation": {"angle": -22.5, "axis": "y", "origin": [8, 14.25, 8]},
			"faces": {
				"north": {"uv": [6.5, 0.5, 6.75, 1], "texture": "#0"},
				"east": {"uv": [6, 0.25, 6.25, 0.75], "texture": "#0"},
				"south": {"uv": [6.5, 0, 6.75, 0.5], "texture": "#0"},
				"west": {"uv": [6, 0.25, 6.25, 0.75], "texture": "#0"},
				"up": {"uv": [6, 0.25, 6.25, 0.5], "texture": "#0"},
				"down": {"uv": [6.5, 0.5, 6.75, 0.75], "texture": "#0"}
			}
		},
		{
			"from": [8.5, 15, 7.5],
			"to": [10.5, 16, 8.5],
			"rotation": {"angle": -22.5, "axis": "y", "origin": [8, 14.25, 8]},
			"faces": {
				"north": {"uv": [6.5, 0.5, 7, 0.75], "texture": "#0"},
				"east": {"uv": [6, 0.25, 6.25, 0.5], "texture": "#0"},
				"south": {"uv": [6.5, 0, 7, 0.25], "texture": "#0"},
				"west": {"uv": [6, 0.25, 6.25, 0.5], "texture": "#0"},
				"up": {"uv": [6, 0.25, 6.5, 0.5], "texture": "#0"},
				"down": {"uv": [6.5, 0.5, 7, 0.75], "texture": "#0"}
			}
		},
		{
			"from": [5.5, 15, 7.5],
			"to": [7.5, 16, 8.5],
			"rotation": {"angle": -22.5, "axis": "y", "origin": [8, 14.25, 8]},
			"faces": {
				"north": {"uv": [6.5, 0.5, 7, 0.75], "texture": "#0"},
				"east": {"uv": [6, 0.25, 6.25, 0.5], "texture": "#0"},
				"south": {"uv": [6.5, 0, 7, 0.25], "texture": "#0"},
				"west": {"uv": [6, 0.25, 6.25, 0.5], "texture": "#0"},
				"up": {"uv": [6, 0.25, 6.5, 0.5], "texture": "#0"},
				"down": {"uv": [6.5, 0.5, 7, 0.75], "texture": "#0"}
			}
		},
		{
			"from": [7, 11, 7.5],
			"to": [9, 15, 8.5],
			"rotation": {"angle": -45, "axis": "y", "origin": [8, 14.25, 8]},
			"faces": {
				"north": {"uv": [8.25, 0.5, 8.75, 1.5], "texture": "#0"},
				"east": {"uv": [7.75, 0.25, 8, 1.25], "texture": "#0"},
				"south": {"uv": [8.25, 0, 8.75, 1], "texture": "#0"},
				"west": {"uv": [7.75, 0.25, 8, 1.25], "texture": "#0"},
				"up": {"uv": [7.75, 0.25, 8.25, 0.5], "texture": "#0"},
				"down": {"uv": [8.25, 0.5, 8.75, 0.75], "texture": "#0"}
			}
		},
		{
			"from": [6, 12, 7.5],
			"to": [7, 15, 8.5],
			"rotation": {"angle": -45, "axis": "y", "origin": [8, 14.25, 8]},
			"faces": {
				"north": {"uv": [8.25, 0.5, 8.5, 1.25], "texture": "#0"},
				"east": {"uv": [7.75, 0.25, 8, 1], "texture": "#0"},
				"south": {"uv": [8.25, 0, 8.5, 0.75], "texture": "#0"},
				"west": {"uv": [7.75, 0.25, 8, 1], "texture": "#0"},
				"up": {"uv": [7.75, 0.25, 8, 0.5], "texture": "#0"},
				"down": {"uv": [8.25, 0.5, 8.5, 0.75], "texture": "#0"}
			}
		},
		{
			"from": [9, 12, 7.5],
			"to": [10, 15, 8.5],
			"rotation": {"angle": -45, "axis": "y", "origin": [8, 14.25, 8]},
			"faces": {
				"north": {"uv": [8.25, 0.5, 8.5, 1.25], "texture": "#0"},
				"east": {"uv": [7.75, 0.25, 8, 1], "texture": "#0"},
				"south": {"uv": [8.25, 0, 8.5, 0.75], "texture": "#0"},
				"west": {"uv": [7.75, 0.25, 8, 1], "texture": "#0"},
				"up": {"uv": [7.75, 0.25, 8, 0.5], "texture": "#0"},
				"down": {"uv": [8.25, 0.5, 8.5, 0.75], "texture": "#0"}
			}
		},
		{
			"from": [9, 13, 7],
			"to": [10, 15.5, 9],
			"rotation": {"angle": -45, "axis": "y", "origin": [8, 14.25, 8]},
			"faces": {
				"north": {"uv": [8.25, 0.5, 8.5, 1.125], "texture": "#0"},
				"east": {"uv": [7.75, 0.25, 8.25, 0.875], "texture": "#0"},
				"south": {"uv": [8.25, 0, 8.5, 0.625], "texture": "#0"},
				"west": {"uv": [7.75, 0.25, 8.25, 0.875], "texture": "#0"},
				"up": {"uv": [7.75, 0.25, 8, 0.75], "texture": "#0"},
				"down": {"uv": [8.25, 0.5, 8.5, 1], "texture": "#0"}
			}
		},
		{
			"from": [6, 13, 7],
			"to": [7, 15.5, 9],
			"rotation": {"angle": -45, "axis": "y", "origin": [8, 14.25, 8]},
			"faces": {
				"north": {"uv": [8.25, 0.5, 8.5, 1.125], "texture": "#0"},
				"east": {"uv": [7.75, 0.25, 8.25, 0.875], "texture": "#0"},
				"south": {"uv": [8.25, 0, 8.5, 0.625], "texture": "#0"},
				"west": {"uv": [7.75, 0.25, 8.25, 0.875], "texture": "#0"},
				"up": {"uv": [7.75, 0.25, 8, 0.75], "texture": "#0"},
				"down": {"uv": [8.25, 0.5, 8.5, 1], "texture": "#0"}
			}
		},
		{
			"from": [7, 12, 7],
			"to": [9, 14.5, 9],
			"rotation": {"angle": -45, "axis": "y", "origin": [8, 14.25, 8]},
			"faces": {
				"north": {"uv": [8.25, 0.5, 8.75, 1.125], "texture": "#0"},
				"east": {"uv": [7.75, 0.25, 8.25, 0.875], "texture": "#0"},
				"south": {"uv": [8.25, 0, 8.75, 0.625], "texture": "#0"},
				"west": {"uv": [7.75, 0.25, 8.25, 0.875], "texture": "#0"},
				"up": {"uv": [7.75, 0.25, 8.25, 0.75], "texture": "#0"},
				"down": {"uv": [8.25, 0.5, 8.75, 1], "texture": "#0"}
			}
		},
		{
			"from": [10, 13, 7.5],
			"to": [11, 15, 8.5],
			"rotation": {"angle": -45, "axis": "y", "origin": [8, 14.25, 8]},
			"faces": {
				"north": {"uv": [8.25, 0.5, 8.5, 1], "texture": "#0"},
				"east": {"uv": [7.75, 0.25, 8, 0.75], "texture": "#0"},
				"south": {"uv": [8.25, 0, 8.5, 0.5], "texture": "#0"},
				"west": {"uv": [7.75, 0.25, 8, 0.75], "texture": "#0"},
				"up": {"uv": [7.75, 0.25, 8, 0.5], "texture": "#0"},
				"down": {"uv": [8.25, 0.5, 8.5, 0.75], "texture": "#0"}
			}
		},
		{
			"from": [5, 13, 7.5],
			"to": [6, 15, 8.5],
			"rotation": {"angle": -45, "axis": "y", "origin": [8, 14.25, 8]},
			"faces": {
				"north": {"uv": [8.25, 0.5, 8.5, 1], "texture": "#0"},
				"east": {"uv": [7.75, 0.25, 8, 0.75], "texture": "#0"},
				"south": {"uv": [8.25, 0, 8.5, 0.5], "texture": "#0"},
				"west": {"uv": [7.75, 0.25, 8, 0.75], "texture": "#0"},
				"up": {"uv": [7.75, 0.25, 8, 0.5], "texture": "#0"},
				"down": {"uv": [8.25, 0.5, 8.5, 0.75], "texture": "#0"}
			}
		},
		{
			"from": [8.5, 15, 7.5],
			"to": [10.5, 16, 8.5],
			"rotation": {"angle": -45, "axis": "y", "origin": [8, 14.25, 8]},
			"faces": {
				"north": {"uv": [8.25, 0.5, 8.75, 0.75], "texture": "#0"},
				"east": {"uv": [7.75, 0.25, 8, 0.5], "texture": "#0"},
				"south": {"uv": [8.25, 0, 8.75, 0.25], "texture": "#0"},
				"west": {"uv": [7.75, 0.25, 8, 0.5], "texture": "#0"},
				"up": {"uv": [7.75, 0.25, 8.25, 0.5], "texture": "#0"},
				"down": {"uv": [8.25, 0.5, 8.75, 0.75], "texture": "#0"}
			}
		},
		{
			"from": [5.5, 15, 7.5],
			"to": [7.5, 16, 8.5],
			"rotation": {"angle": -45, "axis": "y", "origin": [8, 14.25, 8]},
			"faces": {
				"north": {"uv": [8.25, 0.5, 8.75, 0.75], "texture": "#0"},
				"east": {"uv": [7.75, 0.25, 8, 0.5], "texture": "#0"},
				"south": {"uv": [8.25, 0, 8.75, 0.25], "texture": "#0"},
				"west": {"uv": [7.75, 0.25, 8, 0.5], "texture": "#0"},
				"up": {"uv": [7.75, 0.25, 8.25, 0.5], "texture": "#0"},
				"down": {"uv": [8.25, 0.5, 8.75, 0.75], "texture": "#0"}
			}
		},
		{
			"from": [7.5, 11, 7],
			"to": [8.5, 15, 9],
			"rotation": {"angle": 22.5, "axis": "y", "origin": [8, 14.25, 8]},
			"faces": {
				"north": {"uv": [9.5, 0.25, 9.75, 1.25], "texture": "#0"},
				"east": {"uv": [10, 0.5, 10.5, 1.5], "texture": "#0"},
				"south": {"uv": [9.5, 0.25, 9.75, 1.25], "texture": "#0"},
				"west": {"uv": [10, 0, 10.5, 1], "texture": "#0"},
				"up": {"uv": [9.5, 0.25, 10, 0.5], "rotation": 90, "texture": "#0"},
				"down": {"uv": [10, 0.5, 10.5, 0.75], "rotation": 270, "texture": "#0"}
			}
		},
		{
			"from": [7.5, 12, 6],
			"to": [8.5, 15, 7],
			"rotation": {"angle": 22.5, "axis": "y", "origin": [8, 14.25, 8]},
			"faces": {
				"north": {"uv": [9.5, 0.25, 9.75, 1], "texture": "#0"},
				"east": {"uv": [10, 0.5, 10.25, 1.25], "texture": "#0"},
				"south": {"uv": [9.5, 0.25, 9.75, 1], "texture": "#0"},
				"west": {"uv": [10, 0, 10.25, 0.75], "texture": "#0"},
				"up": {"uv": [9.5, 0.25, 9.75, 0.5], "rotation": 90, "texture": "#0"},
				"down": {"uv": [10, 0.5, 10.25, 0.75], "rotation": 270, "texture": "#0"}
			}
		},
		{
			"from": [7.5, 12, 9],
			"to": [8.5, 15, 10],
			"rotation": {"angle": 22.5, "axis": "y", "origin": [8, 14.25, 8]},
			"faces": {
				"north": {"uv": [9.5, 0.25, 9.75, 1], "texture": "#0"},
				"east": {"uv": [10, 0.5, 10.25, 1.25], "texture": "#0"},
				"south": {"uv": [9.5, 0.25, 9.75, 1], "texture": "#0"},
				"west": {"uv": [10, 0, 10.25, 0.75], "texture": "#0"},
				"up": {"uv": [9.5, 0.25, 9.75, 0.5], "rotation": 90, "texture": "#0"},
				"down": {"uv": [10, 0.5, 10.25, 0.75], "rotation": 270, "texture": "#0"}
			}
		},
		{
			"from": [7, 13, 9],
			"to": [9, 15.5, 10],
			"rotation": {"angle": 22.5, "axis": "y", "origin": [8, 14.25, 8]},
			"faces": {
				"north": {"uv": [9.5, 0.25, 10, 0.875], "texture": "#0"},
				"east": {"uv": [10, 0.5, 10.25, 1.125], "texture": "#0"},
				"south": {"uv": [9.5, 0.25, 10, 0.875], "texture": "#0"},
				"west": {"uv": [10, 0, 10.25, 0.625], "texture": "#0"},
				"up": {"uv": [9.5, 0.25, 9.75, 0.75], "rotation": 90, "texture": "#0"},
				"down": {"uv": [10, 0.5, 10.25, 1], "rotation": 270, "texture": "#0"}
			}
		},
		{
			"from": [7, 13, 6],
			"to": [9, 15.5, 7],
			"rotation": {"angle": 22.5, "axis": "y", "origin": [8, 14.25, 8]},
			"faces": {
				"north": {"uv": [9.5, 0.25, 10, 0.875], "texture": "#0"},
				"east": {"uv": [10, 0.5, 10.25, 1.125], "texture": "#0"},
				"south": {"uv": [9.5, 0.25, 10, 0.875], "texture": "#0"},
				"west": {"uv": [10, 0, 10.25, 0.625], "texture": "#0"},
				"up": {"uv": [9.5, 0.25, 9.75, 0.75], "rotation": 90, "texture": "#0"},
				"down": {"uv": [10, 0.5, 10.25, 1], "rotation": 270, "texture": "#0"}
			}
		},
		{
			"from": [7, 12, 7],
			"to": [9, 14.5, 9],
			"rotation": {"angle": 22.5, "axis": "y", "origin": [8, 14.25, 8]},
			"faces": {
				"north": {"uv": [9.5, 0.25, 10, 0.875], "texture": "#0"},
				"east": {"uv": [10, 0.5, 10.5, 1.125], "texture": "#0"},
				"south": {"uv": [9.5, 0.25, 10, 0.875], "texture": "#0"},
				"west": {"uv": [10, 0, 10.5, 0.625], "texture": "#0"},
				"up": {"uv": [9.5, 0.25, 10, 0.75], "rotation": 90, "texture": "#0"},
				"down": {"uv": [10, 0.5, 10.5, 1], "rotation": 270, "texture": "#0"}
			}
		},
		{
			"from": [7.5, 13, 10],
			"to": [8.5, 15, 11],
			"rotation": {"angle": 22.5, "axis": "y", "origin": [8, 14.25, 8]},
			"faces": {
				"north": {"uv": [9.5, 0.25, 9.75, 0.75], "texture": "#0"},
				"east": {"uv": [10, 0.5, 10.25, 1], "texture": "#0"},
				"south": {"uv": [9.5, 0.25, 9.75, 0.75], "texture": "#0"},
				"west": {"uv": [10, 0, 10.25, 0.5], "texture": "#0"},
				"up": {"uv": [9.5, 0.25, 9.75, 0.5], "rotation": 90, "texture": "#0"},
				"down": {"uv": [10, 0.5, 10.25, 0.75], "rotation": 270, "texture": "#0"}
			}
		},
		{
			"from": [7.5, 13, 5],
			"to": [8.5, 15, 6],
			"rotation": {"angle": 22.5, "axis": "y", "origin": [8, 14.25, 8]},
			"faces": {
				"north": {"uv": [9.5, 0.25, 9.75, 0.75], "texture": "#0"},
				"east": {"uv": [10, 0.5, 10.25, 1], "texture": "#0"},
				"south": {"uv": [9.5, 0.25, 9.75, 0.75], "texture": "#0"},
				"west": {"uv": [10, 0, 10.25, 0.5], "texture": "#0"},
				"up": {"uv": [9.5, 0.25, 9.75, 0.5], "rotation": 90, "texture": "#0"},
				"down": {"uv": [10, 0.5, 10.25, 0.75], "rotation": 270, "texture": "#0"}
			}
		},
		{
			"from": [7.5, 15, 8.5],
			"to": [8.5, 16, 10.5],
			"rotation": {"angle": 22.5, "axis": "y", "origin": [8, 14.25, 8]},
			"faces": {
				"north": {"uv": [9.5, 0.25, 9.75, 0.5], "texture": "#0"},
				"east": {"uv": [10, 0.5, 10.5, 0.75], "texture": "#0"},
				"south": {"uv": [9.5, 0.25, 9.75, 0.5], "texture": "#0"},
				"west": {"uv": [10, 0, 10.5, 0.25], "texture": "#0"},
				"up": {"uv": [9.5, 0.25, 10, 0.5], "rotation": 90, "texture": "#0"},
				"down": {"uv": [10, 0.5, 10.5, 0.75], "rotation": 270, "texture": "#0"}
			}
		},
		{
			"from": [7.5, 15, 5.5],
			"to": [8.5, 16, 7.5],
			"rotation": {"angle": 22.5, "axis": "y", "origin": [8, 14.25, 8]},
			"faces": {
				"north": {"uv": [9.5, 0.25, 9.75, 0.5], "texture": "#0"},
				"east": {"uv": [10, 0.5, 10.5, 0.75], "texture": "#0"},
				"south": {"uv": [9.5, 0.25, 9.75, 0.5], "texture": "#0"},
				"west": {"uv": [10, 0, 10.5, 0.25], "texture": "#0"},
				"up": {"uv": [9.5, 0.25, 10, 0.5], "rotation": 90, "texture": "#0"},
				"down": {"uv": [10, 0.5, 10.5, 0.75], "rotation": 270, "texture": "#0"}
			}
		},
		{
			"from": [7.5, 11, 7],
			"to": [8.5, 15, 9],
			"rotation": {"angle": 0, "axis": "y", "origin": [8, 14.25, 8]},
			"faces": {
				"north": {"uv": [11.25, 0.25, 11.5, 1.25], "texture": "#0"},
				"east": {"uv": [11.75, 0.5, 12.25, 1.5], "texture": "#0"},
				"south": {"uv": [11.25, 0.25, 11.5, 1.25], "texture": "#0"},
				"west": {"uv": [11.75, 0, 12.25, 1], "texture": "#0"},
				"up": {"uv": [11.25, 0.25, 11.75, 0.5], "rotation": 90, "texture": "#0"},
				"down": {"uv": [11.75, 0.5, 12.25, 0.75], "rotation": 270, "texture": "#0"}
			}
		},
		{
			"from": [7.5, 12, 6],
			"to": [8.5, 15, 7],
			"rotation": {"angle": 0, "axis": "y", "origin": [8, 14.25, 8]},
			"faces": {
				"north": {"uv": [11.25, 0.25, 11.5, 1], "texture": "#0"},
				"east": {"uv": [11.75, 0.5, 12, 1.25], "texture": "#0"},
				"south": {"uv": [11.25, 0.25, 11.5, 1], "texture": "#0"},
				"west": {"uv": [11.75, 0, 12, 0.75], "texture": "#0"},
				"up": {"uv": [11.25, 0.25, 11.5, 0.5], "rotation": 90, "texture": "#0"},
				"down": {"uv": [11.75, 0.5, 12, 0.75], "rotation": 270, "texture": "#0"}
			}
		},
		{
			"from": [7.5, 12, 9],
			"to": [8.5, 15, 10],
			"rotation": {"angle": 0, "axis": "y", "origin": [8, 14.25, 8]},
			"faces": {
				"north": {"uv": [11.25, 0.25, 11.5, 1], "texture": "#0"},
				"east": {"uv": [11.75, 0.5, 12, 1.25], "texture": "#0"},
				"south": {"uv": [11.25, 0.25, 11.5, 1], "texture": "#0"},
				"west": {"uv": [11.75, 0, 12, 0.75], "texture": "#0"},
				"up": {"uv": [11.25, 0.25, 11.5, 0.5], "rotation": 90, "texture": "#0"},
				"down": {"uv": [11.75, 0.5, 12, 0.75], "rotation": 270, "texture": "#0"}
			}
		},
		{
			"from": [7, 13, 9],
			"to": [9, 15.5, 10],
			"rotation": {"angle": 0, "axis": "y", "origin": [8, 14.25, 8]},
			"faces": {
				"north": {"uv": [11.25, 0.25, 11.75, 0.875], "texture": "#0"},
				"east": {"uv": [11.75, 0.5, 12, 1.125], "texture": "#0"},
				"south": {"uv": [11.25, 0.25, 11.75, 0.875], "texture": "#0"},
				"west": {"uv": [11.75, 0, 12, 0.625], "texture": "#0"},
				"up": {"uv": [11.25, 0.25, 11.5, 0.75], "rotation": 90, "texture": "#0"},
				"down": {"uv": [11.75, 0.5, 12, 1], "rotation": 270, "texture": "#0"}
			}
		},
		{
			"from": [7, 13, 6],
			"to": [9, 15.5, 7],
			"rotation": {"angle": 0, "axis": "y", "origin": [8, 14.25, 8]},
			"faces": {
				"north": {"uv": [11.25, 0.25, 11.75, 0.875], "texture": "#0"},
				"east": {"uv": [11.75, 0.5, 12, 1.125], "texture": "#0"},
				"south": {"uv": [11.25, 0.25, 11.75, 0.875], "texture": "#0"},
				"west": {"uv": [11.75, 0, 12, 0.625], "texture": "#0"},
				"up": {"uv": [11.25, 0.25, 11.5, 0.75], "rotation": 90, "texture": "#0"},
				"down": {"uv": [11.75, 0.5, 12, 1], "rotation": 270, "texture": "#0"}
			}
		},
		{
			"from": [7, 12, 7],
			"to": [9, 14.5, 9],
			"rotation": {"angle": 0, "axis": "y", "origin": [8, 14.25, 8]},
			"faces": {
				"north": {"uv": [11.25, 0.25, 11.75, 0.875], "texture": "#0"},
				"east": {"uv": [11.75, 0.5, 12.25, 1.125], "texture": "#0"},
				"south": {"uv": [11.25, 0.25, 11.75, 0.875], "texture": "#0"},
				"west": {"uv": [11.75, 0, 12.25, 0.625], "texture": "#0"},
				"up": {"uv": [11.25, 0.25, 11.75, 0.75], "rotation": 90, "texture": "#0"},
				"down": {"uv": [11.75, 0.5, 12.25, 1], "rotation": 270, "texture": "#0"}
			}
		},
		{
			"from": [7.5, 13, 10],
			"to": [8.5, 15, 11],
			"rotation": {"angle": 0, "axis": "y", "origin": [8, 14.25, 8]},
			"faces": {
				"north": {"uv": [11.25, 0.25, 11.5, 0.75], "texture": "#0"},
				"east": {"uv": [11.75, 0.5, 12, 1], "texture": "#0"},
				"south": {"uv": [11.25, 0.25, 11.5, 0.75], "texture": "#0"},
				"west": {"uv": [11.75, 0, 12, 0.5], "texture": "#0"},
				"up": {"uv": [11.25, 0.25, 11.5, 0.5], "rotation": 90, "texture": "#0"},
				"down": {"uv": [11.75, 0.5, 12, 0.75], "rotation": 270, "texture": "#0"}
			}
		},
		{
			"from": [7.5, 13, 5],
			"to": [8.5, 15, 6],
			"rotation": {"angle": 0, "axis": "y", "origin": [8, 14.25, 8]},
			"faces": {
				"north": {"uv": [11.25, 0.25, 11.5, 0.75], "texture": "#0"},
				"east": {"uv": [11.75, 0.5, 12, 1], "texture": "#0"},
				"south": {"uv": [11.25, 0.25, 11.5, 0.75], "texture": "#0"},
				"west": {"uv": [11.75, 0, 12, 0.5], "texture": "#0"},
				"up": {"uv": [11.25, 0.25, 11.5, 0.5], "rotation": 90, "texture": "#0"},
				"down": {"uv": [11.75, 0.5, 12, 0.75], "rotation": 270, "texture": "#0"}
			}
		},
		{
			"from": [7.5, 15, 8.5],
			"to": [8.5, 16, 10.5],
			"rotation": {"angle": 0, "axis": "y", "origin": [8, 14.25, 8]},
			"faces": {
				"north": {"uv": [11.25, 0.25, 11.5, 0.5], "texture": "#0"},
				"east": {"uv": [11.75, 0.5, 12.25, 0.75], "texture": "#0"},
				"south": {"uv": [11.25, 0.25, 11.5, 0.5], "texture": "#0"},
				"west": {"uv": [11.75, 0, 12.25, 0.25], "texture": "#0"},
				"up": {"uv": [11.25, 0.25, 11.75, 0.5], "rotation": 90, "texture": "#0"},
				"down": {"uv": [11.75, 0.5, 12.25, 0.75], "rotation": 270, "texture": "#0"}
			}
		},
		{
			"from": [7.5, 15, 5.5],
			"to": [8.5, 16, 7.5],
			"rotation": {"angle": 0, "axis": "y", "origin": [8, 14.25, 8]},
			"faces": {
				"north": {"uv": [11.25, 0.25, 11.5, 0.5], "texture": "#0"},
				"east": {"uv": [11.75, 0.5, 12.25, 0.75], "texture": "#0"},
				"south": {"uv": [11.25, 0.25, 11.5, 0.5], "texture": "#0"},
				"west": {"uv": [11.75, 0, 12.25, 0.25], "texture": "#0"},
				"up": {"uv": [11.25, 0.25, 11.75, 0.5], "rotation": 90, "texture": "#0"},
				"down": {"uv": [11.75, 0.5, 12.25, 0.75], "rotation": 270, "texture": "#0"}
			}
		},
		{
			"from": [7.5, 11, 7],
			"to": [8.5, 15, 9],
			"rotation": {"angle": -22.5, "axis": "y", "origin": [8, 14.25, 8]},
			"faces": {
				"north": {"uv": [4.25, 2, 4.5, 3], "texture": "#0"},
				"east": {"uv": [4.75, 2.25, 5.25, 3.25], "texture": "#0"},
				"south": {"uv": [4.25, 2, 4.5, 3], "texture": "#0"},
				"west": {"uv": [4.75, 1.75, 5.25, 2.75], "texture": "#0"},
				"up": {"uv": [4.25, 2, 4.75, 2.25], "rotation": 90, "texture": "#0"},
				"down": {"uv": [4.75, 2.25, 5.25, 2.5], "rotation": 270, "texture": "#0"}
			}
		},
		{
			"from": [7.5, 12, 6],
			"to": [8.5, 15, 7],
			"rotation": {"angle": -22.5, "axis": "y", "origin": [8, 14.25, 8]},
			"faces": {
				"north": {"uv": [4.25, 2, 4.5, 2.75], "texture": "#0"},
				"east": {"uv": [4.75, 2.25, 5, 3], "texture": "#0"},
				"south": {"uv": [4.25, 2, 4.5, 2.75], "texture": "#0"},
				"west": {"uv": [4.75, 1.75, 5, 2.5], "texture": "#0"},
				"up": {"uv": [4.25, 2, 4.5, 2.25], "rotation": 90, "texture": "#0"},
				"down": {"uv": [4.75, 2.25, 5, 2.5], "rotation": 270, "texture": "#0"}
			}
		},
		{
			"from": [7.5, 12, 9],
			"to": [8.5, 15, 10],
			"rotation": {"angle": -22.5, "axis": "y", "origin": [8, 14.25, 8]},
			"faces": {
				"north": {"uv": [4.25, 2, 4.5, 2.75], "texture": "#0"},
				"east": {"uv": [4.75, 2.25, 5, 3], "texture": "#0"},
				"south": {"uv": [4.25, 2, 4.5, 2.75], "texture": "#0"},
				"west": {"uv": [4.75, 1.75, 5, 2.5], "texture": "#0"},
				"up": {"uv": [4.25, 2, 4.5, 2.25], "rotation": 90, "texture": "#0"},
				"down": {"uv": [4.75, 2.25, 5, 2.5], "rotation": 270, "texture": "#0"}
			}
		},
		{
			"from": [7, 13, 9],
			"to": [9, 15.5, 10],
			"rotation": {"angle": -22.5, "axis": "y", "origin": [8, 14.25, 8]},
			"faces": {
				"north": {"uv": [4.25, 2, 4.75, 2.625], "texture": "#0"},
				"east": {"uv": [4.75, 2.25, 5, 2.875], "texture": "#0"},
				"south": {"uv": [4.25, 2, 4.75, 2.625], "texture": "#0"},
				"west": {"uv": [4.75, 1.75, 5, 2.375], "texture": "#0"},
				"up": {"uv": [4.25, 2, 4.5, 2.5], "rotation": 90, "texture": "#0"},
				"down": {"uv": [4.75, 2.25, 5, 2.75], "rotation": 270, "texture": "#0"}
			}
		},
		{
			"from": [7, 13, 6],
			"to": [9, 15.5, 7],
			"rotation": {"angle": -22.5, "axis": "y", "origin": [8, 14.25, 8]},
			"faces": {
				"north": {"uv": [4.25, 2, 4.75, 2.625], "texture": "#0"},
				"east": {"uv": [4.75, 2.25, 5, 2.875], "texture": "#0"},
				"south": {"uv": [4.25, 2, 4.75, 2.625], "texture": "#0"},
				"west": {"uv": [4.75, 1.75, 5, 2.375], "texture": "#0"},
				"up": {"uv": [4.25, 2, 4.5, 2.5], "rotation": 90, "texture": "#0"},
				"down": {"uv": [4.75, 2.25, 5, 2.75], "rotation": 270, "texture": "#0"}
			}
		},
		{
			"from": [7, 12, 7],
			"to": [9, 14.5, 9],
			"rotation": {"angle": -22.5, "axis": "y", "origin": [8, 14.25, 8]},
			"faces": {
				"north": {"uv": [4.25, 2, 4.75, 2.625], "texture": "#0"},
				"east": {"uv": [4.75, 2.25, 5.25, 2.875], "texture": "#0"},
				"south": {"uv": [4.25, 2, 4.75, 2.625], "texture": "#0"},
				"west": {"uv": [4.75, 1.75, 5.25, 2.375], "texture": "#0"},
				"up": {"uv": [4.25, 2, 4.75, 2.5], "rotation": 90, "texture": "#0"},
				"down": {"uv": [4.75, 2.25, 5.25, 2.75], "rotation": 270, "texture": "#0"}
			}
		},
		{
			"from": [7.5, 13, 10],
			"to": [8.5, 15, 11],
			"rotation": {"angle": -22.5, "axis": "y", "origin": [8, 14.25, 8]},
			"faces": {
				"north": {"uv": [4.25, 2, 4.5, 2.5], "texture": "#0"},
				"east": {"uv": [4.75, 2.25, 5, 2.75], "texture": "#0"},
				"south": {"uv": [4.25, 2, 4.5, 2.5], "texture": "#0"},
				"west": {"uv": [4.75, 1.75, 5, 2.25], "texture": "#0"},
				"up": {"uv": [4.25, 2, 4.5, 2.25], "rotation": 90, "texture": "#0"},
				"down": {"uv": [4.75, 2.25, 5, 2.5], "rotation": 270, "texture": "#0"}
			}
		},
		{
			"from": [7.5, 13, 5],
			"to": [8.5, 15, 6],
			"rotation": {"angle": -22.5, "axis": "y", "origin": [8, 14.25, 8]},
			"faces": {
				"north": {"uv": [4.25, 2, 4.5, 2.5], "texture": "#0"},
				"east": {"uv": [4.75, 2.25, 5, 2.75], "texture": "#0"},
				"south": {"uv": [4.25, 2, 4.5, 2.5], "texture": "#0"},
				"west": {"uv": [4.75, 1.75, 5, 2.25], "texture": "#0"},
				"up": {"uv": [4.25, 2, 4.5, 2.25], "rotation": 90, "texture": "#0"},
				"down": {"uv": [4.75, 2.25, 5, 2.5], "rotation": 270, "texture": "#0"}
			}
		},
		{
			"from": [7.5, 15, 8.5],
			"to": [8.5, 16, 10.5],
			"rotation": {"angle": -22.5, "axis": "y", "origin": [8, 14.25, 8]},
			"faces": {
				"north": {"uv": [4.25, 2, 4.5, 2.25], "texture": "#0"},
				"east": {"uv": [4.75, 2.25, 5.25, 2.5], "texture": "#0"},
				"south": {"uv": [4.25, 2, 4.5, 2.25], "texture": "#0"},
				"west": {"uv": [4.75, 1.75, 5.25, 2], "texture": "#0"},
				"up": {"uv": [4.25, 2, 4.75, 2.25], "rotation": 90, "texture": "#0"},
				"down": {"uv": [4.75, 2.25, 5.25, 2.5], "rotation": 270, "texture": "#0"}
			}
		},
		{
			"from": [7.5, 15, 5.5],
			"to": [8.5, 16, 7.5],
			"rotation": {"angle": -22.5, "axis": "y", "origin": [8, 14.25, 8]},
			"faces": {
				"north": {"uv": [4.25, 2, 4.5, 2.25], "texture": "#0"},
				"east": {"uv": [4.75, 2.25, 5.25, 2.5], "texture": "#0"},
				"south": {"uv": [4.25, 2, 4.5, 2.25], "texture": "#0"},
				"west": {"uv": [4.75, 1.75, 5.25, 2], "texture": "#0"},
				"up": {"uv": [4.25, 2, 4.75, 2.25], "rotation": 90, "texture": "#0"},
				"down": {"uv": [4.75, 2.25, 5.25, 2.5], "rotation": 270, "texture": "#0"}
			}
		},
		{
			"from": [7.5, 11, 7],
			"to": [8.5, 15, 9],
			"rotation": {"angle": -45, "axis": "y", "origin": [8, 14.25, 8]},
			"faces": {
				"north": {"uv": [6, 2, 6.25, 3], "texture": "#0"},
				"east": {"uv": [6.5, 2.25, 7, 3.25], "texture": "#0"},
				"south": {"uv": [6, 2, 6.25, 3], "texture": "#0"},
				"west": {"uv": [6.5, 1.75, 7, 2.75], "texture": "#0"},
				"up": {"uv": [6, 2, 6.5, 2.25], "rotation": 90, "texture": "#0"},
				"down": {"uv": [6.5, 2.25, 7, 2.5], "rotation": 270, "texture": "#0"}
			}
		},
		{
			"from": [7.5, 12, 6],
			"to": [8.5, 15, 7],
			"rotation": {"angle": -45, "axis": "y", "origin": [8, 14.25, 8]},
			"faces": {
				"north": {"uv": [6, 2, 6.25, 2.75], "texture": "#0"},
				"east": {"uv": [6.5, 2.25, 6.75, 3], "texture": "#0"},
				"south": {"uv": [6, 2, 6.25, 2.75], "texture": "#0"},
				"west": {"uv": [6.5, 1.75, 6.75, 2.5], "texture": "#0"},
				"up": {"uv": [6, 2, 6.25, 2.25], "rotation": 90, "texture": "#0"},
				"down": {"uv": [6.5, 2.25, 6.75, 2.5], "rotation": 270, "texture": "#0"}
			}
		},
		{
			"from": [7.5, 12, 9],
			"to": [8.5, 15, 10],
			"rotation": {"angle": -45, "axis": "y", "origin": [8, 14.25, 8]},
			"faces": {
				"north": {"uv": [6, 2, 6.25, 2.75], "texture": "#0"},
				"east": {"uv": [6.5, 2.25, 6.75, 3], "texture": "#0"},
				"south": {"uv": [6, 2, 6.25, 2.75], "texture": "#0"},
				"west": {"uv": [6.5, 1.75, 6.75, 2.5], "texture": "#0"},
				"up": {"uv": [6, 2, 6.25, 2.25], "rotation": 90, "texture": "#0"},
				"down": {"uv": [6.5, 2.25, 6.75, 2.5], "rotation": 270, "texture": "#0"}
			}
		},
		{
			"from": [7, 13, 9],
			"to": [9, 15.5, 10],
			"rotation": {"angle": -45, "axis": "y", "origin": [8, 14.25, 8]},
			"faces": {
				"north": {"uv": [6, 2, 6.5, 2.625], "texture": "#0"},
				"east": {"uv": [6.5, 2.25, 6.75, 2.875], "texture": "#0"},
				"south": {"uv": [6, 2, 6.5, 2.625], "texture": "#0"},
				"west": {"uv": [6.5, 1.75, 6.75, 2.375], "texture": "#0"},
				"up": {"uv": [6, 2, 6.25, 2.5], "rotation": 90, "texture": "#0"},
				"down": {"uv": [6.5, 2.25, 6.75, 2.75], "rotation": 270, "texture": "#0"}
			}
		},
		{
			"from": [7, 13, 6],
			"to": [9, 15.5, 7],
			"rotation": {"angle": -45, "axis": "y", "origin": [8, 14.25, 8]},
			"faces": {
				"north": {"uv": [6, 2, 6.5, 2.625], "texture": "#0"},
				"east": {"uv": [6.5, 2.25, 6.75, 2.875], "texture": "#0"},
				"south": {"uv": [6, 2, 6.5, 2.625], "texture": "#0"},
				"west": {"uv": [6.5, 1.75, 6.75, 2.375], "texture": "#0"},
				"up": {"uv": [6, 2, 6.25, 2.5], "rotation": 90, "texture": "#0"},
				"down": {"uv": [6.5, 2.25, 6.75, 2.75], "rotation": 270, "texture": "#0"}
			}
		},
		{
			"from": [7, 12, 7],
			"to": [9, 14.5, 9],
			"rotation": {"angle": -45, "axis": "y", "origin": [8, 14.25, 8]},
			"faces": {
				"north": {"uv": [6, 2, 6.5, 2.625], "texture": "#0"},
				"east": {"uv": [6.5, 2.25, 7, 2.875], "texture": "#0"},
				"south": {"uv": [6, 2, 6.5, 2.625], "texture": "#0"},
				"west": {"uv": [6.5, 1.75, 7, 2.375], "texture": "#0"},
				"up": {"uv": [6, 2, 6.5, 2.5], "rotation": 90, "texture": "#0"},
				"down": {"uv": [6.5, 2.25, 7, 2.75], "rotation": 270, "texture": "#0"}
			}
		},
		{
			"from": [7.5, 13, 10],
			"to": [8.5, 15, 11],
			"rotation": {"angle": -45, "axis": "y", "origin": [8, 14.25, 8]},
			"faces": {
				"north": {"uv": [6, 2, 6.25, 2.5], "texture": "#0"},
				"east": {"uv": [6.5, 2.25, 6.75, 2.75], "texture": "#0"},
				"south": {"uv": [6, 2, 6.25, 2.5], "texture": "#0"},
				"west": {"uv": [6.5, 1.75, 6.75, 2.25], "texture": "#0"},
				"up": {"uv": [6, 2, 6.25, 2.25], "rotation": 90, "texture": "#0"},
				"down": {"uv": [6.5, 2.25, 6.75, 2.5], "rotation": 270, "texture": "#0"}
			}
		},
		{
			"from": [7.5, 13, 5],
			"to": [8.5, 15, 6],
			"rotation": {"angle": -45, "axis": "y", "origin": [8, 14.25, 8]},
			"faces": {
				"north": {"uv": [6, 2, 6.25, 2.5], "texture": "#0"},
				"east": {"uv": [6.5, 2.25, 6.75, 2.75], "texture": "#0"},
				"south": {"uv": [6, 2, 6.25, 2.5], "texture": "#0"},
				"west": {"uv": [6.5, 1.75, 6.75, 2.25], "texture": "#0"},
				"up": {"uv": [6, 2, 6.25, 2.25], "rotation": 90, "texture": "#0"},
				"down": {"uv": [6.5, 2.25, 6.75, 2.5], "rotation": 270, "texture": "#0"}
			}
		},
		{
			"from": [7.5, 15, 8.5],
			"to": [8.5, 16, 10.5],
			"rotation": {"angle": -45, "axis": "y", "origin": [8, 14.25, 8]},
			"faces": {
				"north": {"uv": [6, 2, 6.25, 2.25], "texture": "#0"},
				"east": {"uv": [6.5, 2.25, 7, 2.5], "texture": "#0"},
				"south": {"uv": [6, 2, 6.25, 2.25], "texture": "#0"},
				"west": {"uv": [6.5, 1.75, 7, 2], "texture": "#0"},
				"up": {"uv": [6, 2, 6.5, 2.25], "rotation": 90, "texture": "#0"},
				"down": {"uv": [6.5, 2.25, 7, 2.5], "rotation": 270, "texture": "#0"}
			}
		},
		{
			"from": [7.5, 15, 5.5],
			"to": [8.5, 16, 7.5],
			"rotation": {"angle": -45, "axis": "y", "origin": [8, 14.25, 8]},
			"faces": {
				"north": {"uv": [6, 2, 6.25, 2.25], "texture": "#0"},
				"east": {"uv": [6.5, 2.25, 7, 2.5], "texture": "#0"},
				"south": {"uv": [6, 2, 6.25, 2.25], "texture": "#0"},
				"west": {"uv": [6.5, 1.75, 7, 2], "texture": "#0"},
				"up": {"uv": [6, 2, 6.5, 2.25], "rotation": 90, "texture": "#0"},
				"down": {"uv": [6.5, 2.25, 7, 2.5], "rotation": 270, "texture": "#0"}
			}
		},
		{
			"from": [7, 11, 7.5],
			"to": [9, 15, 8.5],
			"rotation": {"angle": 22.5, "axis": "y", "origin": [8, 14.25, 8]},
			"faces": {
				"north": {"uv": [8.25, 1.75, 8.75, 2.75], "texture": "#0"},
				"east": {"uv": [7.75, 2, 8, 3], "texture": "#0"},
				"south": {"uv": [8.25, 2.25, 8.75, 3.25], "texture": "#0"},
				"west": {"uv": [7.75, 2, 8, 3], "texture": "#0"},
				"up": {"uv": [7.75, 2, 8.25, 2.25], "rotation": 180, "texture": "#0"},
				"down": {"uv": [8.25, 2.25, 8.75, 2.5], "rotation": 180, "texture": "#0"}
			}
		},
		{
			"from": [9, 12, 7.5],
			"to": [10, 15, 8.5],
			"rotation": {"angle": 22.5, "axis": "y", "origin": [8, 14.25, 8]},
			"faces": {
				"north": {"uv": [8.25, 1.75, 8.5, 2.5], "texture": "#0"},
				"east": {"uv": [7.75, 2, 8, 2.75], "texture": "#0"},
				"south": {"uv": [8.25, 2.25, 8.5, 3], "texture": "#0"},
				"west": {"uv": [7.75, 2, 8, 2.75], "texture": "#0"},
				"up": {"uv": [7.75, 2, 8, 2.25], "rotation": 180, "texture": "#0"},
				"down": {"uv": [8.25, 2.25, 8.5, 2.5], "rotation": 180, "texture": "#0"}
			}
		},
		{
			"from": [6, 12, 7.5],
			"to": [7, 15, 8.5],
			"rotation": {"angle": 22.5, "axis": "y", "origin": [8, 14.25, 8]},
			"faces": {
				"north": {"uv": [8.25, 1.75, 8.5, 2.5], "texture": "#0"},
				"east": {"uv": [7.75, 2, 8, 2.75], "texture": "#0"},
				"south": {"uv": [8.25, 2.25, 8.5, 3], "texture": "#0"},
				"west": {"uv": [7.75, 2, 8, 2.75], "texture": "#0"},
				"up": {"uv": [7.75, 2, 8, 2.25], "rotation": 180, "texture": "#0"},
				"down": {"uv": [8.25, 2.25, 8.5, 2.5], "rotation": 180, "texture": "#0"}
			}
		},
		{
			"from": [6, 13, 7],
			"to": [7, 15.5, 9],
			"rotation": {"angle": 22.5, "axis": "y", "origin": [8, 14.25, 8]},
			"faces": {
				"north": {"uv": [8.25, 1.75, 8.5, 2.375], "texture": "#0"},
				"east": {"uv": [7.75, 2, 8.25, 2.625], "texture": "#0"},
				"south": {"uv": [8.25, 2.25, 8.5, 2.875], "texture": "#0"},
				"west": {"uv": [7.75, 2, 8.25, 2.625], "texture": "#0"},
				"up": {"uv": [7.75, 2, 8, 2.5], "rotation": 180, "texture": "#0"},
				"down": {"uv": [8.25, 2.25, 8.5, 2.75], "rotation": 180, "texture": "#0"}
			}
		},
		{
			"from": [9, 13, 7],
			"to": [10, 15.5, 9],
			"rotation": {"angle": 22.5, "axis": "y", "origin": [8, 14.25, 8]},
			"faces": {
				"north": {"uv": [8.25, 1.75, 8.5, 2.375], "texture": "#0"},
				"east": {"uv": [7.75, 2, 8.25, 2.625], "texture": "#0"},
				"south": {"uv": [8.25, 2.25, 8.5, 2.875], "texture": "#0"},
				"west": {"uv": [7.75, 2, 8.25, 2.625], "texture": "#0"},
				"up": {"uv": [7.75, 2, 8, 2.5], "rotation": 180, "texture": "#0"},
				"down": {"uv": [8.25, 2.25, 8.5, 2.75], "rotation": 180, "texture": "#0"}
			}
		},
		{
			"from": [7, 12, 7],
			"to": [9, 14.5, 9],
			"rotation": {"angle": 22.5, "axis": "y", "origin": [8, 14.25, 8]},
			"faces": {
				"north": {"uv": [8.25, 1.75, 8.75, 2.375], "texture": "#0"},
				"east": {"uv": [7.75, 2, 8.25, 2.625], "texture": "#0"},
				"south": {"uv": [8.25, 2.25, 8.75, 2.875], "texture": "#0"},
				"west": {"uv": [7.75, 2, 8.25, 2.625], "texture": "#0"},
				"up": {"uv": [7.75, 2, 8.25, 2.5], "rotation": 180, "texture": "#0"},
				"down": {"uv": [8.25, 2.25, 8.75, 2.75], "rotation": 180, "texture": "#0"}
			}
		},
		{
			"from": [5, 13, 7.5],
			"to": [6, 15, 8.5],
			"rotation": {"angle": 22.5, "axis": "y", "origin": [8, 14.25, 8]},
			"faces": {
				"north": {"uv": [8.25, 1.75, 8.5, 2.25], "texture": "#0"},
				"east": {"uv": [7.75, 2, 8, 2.5], "texture": "#0"},
				"south": {"uv": [8.25, 2.25, 8.5, 2.75], "texture": "#0"},
				"west": {"uv": [7.75, 2, 8, 2.5], "texture": "#0"},
				"up": {"uv": [7.75, 2, 8, 2.25], "rotation": 180, "texture": "#0"},
				"down": {"uv": [8.25, 2.25, 8.5, 2.5], "rotation": 180, "texture": "#0"}
			}
		},
		{
			"from": [10, 13, 7.5],
			"to": [11, 15, 8.5],
			"rotation": {"angle": 22.5, "axis": "y", "origin": [8, 14.25, 8]},
			"faces": {
				"north": {"uv": [8.25, 1.75, 8.5, 2.25], "texture": "#0"},
				"east": {"uv": [7.75, 2, 8, 2.5], "texture": "#0"},
				"south": {"uv": [8.25, 2.25, 8.5, 2.75], "texture": "#0"},
				"west": {"uv": [7.75, 2, 8, 2.5], "texture": "#0"},
				"up": {"uv": [7.75, 2, 8, 2.25], "rotation": 180, "texture": "#0"},
				"down": {"uv": [8.25, 2.25, 8.5, 2.5], "rotation": 180, "texture": "#0"}
			}
		},
		{
			"from": [5.5, 15, 7.5],
			"to": [7.5, 16, 8.5],
			"rotation": {"angle": 22.5, "axis": "y", "origin": [8, 14.25, 8]},
			"faces": {
				"north": {"uv": [8.25, 1.75, 8.75, 2], "texture": "#0"},
				"east": {"uv": [7.75, 2, 8, 2.25], "texture": "#0"},
				"south": {"uv": [8.25, 2.25, 8.75, 2.5], "texture": "#0"},
				"west": {"uv": [7.75, 2, 8, 2.25], "texture": "#0"},
				"up": {"uv": [7.75, 2, 8.25, 2.25], "rotation": 180, "texture": "#0"},
				"down": {"uv": [8.25, 2.25, 8.75, 2.5], "rotation": 180, "texture": "#0"}
			}
		},
		{
			"from": [8.5, 15, 7.5],
			"to": [10.5, 16, 8.5],
			"rotation": {"angle": 22.5, "axis": "y", "origin": [8, 14.25, 8]},
			"faces": {
				"north": {"uv": [8.25, 1.75, 8.75, 2], "texture": "#0"},
				"east": {"uv": [7.75, 2, 8, 2.25], "texture": "#0"},
				"south": {"uv": [8.25, 2.25, 8.75, 2.5], "texture": "#0"},
				"west": {"uv": [7.75, 2, 8, 2.25], "texture": "#0"},
				"up": {"uv": [7.75, 2, 8.25, 2.25], "rotation": 180, "texture": "#0"},
				"down": {"uv": [8.25, 2.25, 8.75, 2.5], "rotation": 180, "texture": "#0"}
			}
		},
		{
			"from": [6, 8, 10],
			"to": [8, 14, 12],
			"rotation": {"angle": 22.5, "axis": "x", "origin": [7.5, 9, 12]},
			"faces": {
				"north": {"uv": [3, 0, 3.75, 3], "texture": "#0"},
				"east": {"uv": [2.25, 0, 3, 3.25], "texture": "#0"},
				"south": {"uv": [1, 0, 1.75, 3.25], "texture": "#0"},
				"west": {"uv": [0, 0, 0.75, 3.25], "texture": "#0"},
				"up": {"uv": [0, 0, 1.5, 1.5], "texture": "#0"},
				"down": {"uv": [0, 0, 1.75, 1], "texture": "#0"}
			}
		},
		{
			"from": [0.75, 7.37849, 6.06985],
			"to": [2.5, 12.87849, 8.06985],
			"rotation": {"angle": 45, "axis": "z", "origin": [3, 12.37849, 9.06985]},
			"faces": {
				"north": {"uv": [3, 0, 3.75, 3], "texture": "#0"},
				"east": {"uv": [2.25, 0, 3, 3.25], "texture": "#0"},
				"south": {"uv": [1, 0, 1.75, 3.25], "texture": "#0"},
				"west": {"uv": [0, 0, 0.75, 3.25], "texture": "#0"},
				"up": {"uv": [0, 0, 1.5, 1.5], "texture": "#0"},
				"down": {"uv": [0, 0, 1.75, 1], "texture": "#0"}
			}
		},
		{
			"from": [1, 12.37849, 6.06985],
			"to": [2.75, 17.37849, 7.81985],
			"rotation": {"angle": -22.5, "axis": "x", "origin": [3, 12.37849, 9.06985]},
			"faces": {
				"north": {"uv": [3, 0, 3.75, 3], "texture": "#0"},
				"east": {"uv": [2.25, 0, 3, 3.25], "texture": "#0"},
				"south": {"uv": [1, 0, 1.75, 3.25], "texture": "#0"},
				"west": {"uv": [0, 0, 0.75, 3.25], "texture": "#0"},
				"up": {"uv": [0, 0, 1.5, 1.5], "texture": "#0"},
				"down": {"uv": [0, 0, 1.75, 1], "texture": "#0"}
			}
		},
		{
			"from": [2, 10.37849, 8.06985],
			"to": [3.5, 15.37849, 9.56985],
			"rotation": {"angle": 45, "axis": "x", "origin": [3, 12.37849, 9.06985]},
			"faces": {
				"north": {"uv": [3, 0, 3.5, 1.75], "texture": "#0"},
				"east": {"uv": [2.25, 0, 1.75, 2], "texture": "#0"},
				"south": {"uv": [1, 0, 1.5, 2], "texture": "#0"},
				"west": {"uv": [0, 0, 0.5, 1.75], "texture": "#0"},
				"up": {"uv": [0, 0, 1.5, 1.5], "texture": "#0"},
				"down": {"uv": [0, 0, 1.75, 1], "texture": "#0"}
			}
		},
		{
			"from": [6, 10.40882, 12.49663],
			"to": [7.5, 15.40882, 13.99663],
			"rotation": {"angle": -45, "axis": "x", "origin": [7.75, 12.90882, 9.24663]},
			"faces": {
				"north": {"uv": [3, 0, 3.5, 1.75], "texture": "#0"},
				"east": {"uv": [2.25, 0, 1.75, 2], "texture": "#0"},
				"south": {"uv": [1, 0, 1.5, 2], "texture": "#0"},
				"west": {"uv": [0, 0, 0.5, 1.75], "texture": "#0"},
				"up": {"uv": [0, 0, 1.5, 1.5], "texture": "#0"},
				"down": {"uv": [0, 0, 1.75, 1], "texture": "#0"}
			}
		},
		{
			"from": [13, 10.40882, 6.49663],
			"to": [14.5, 15.40882, 7.99663],
			"rotation": {"angle": -45, "axis": "x", "origin": [7.75, 12.90882, 9.24663]},
			"faces": {
				"north": {"uv": [3, 0, 3.5, 1.75], "texture": "#0"},
				"east": {"uv": [2.25, 0, 1.75, 2], "texture": "#0"},
				"south": {"uv": [1, 0, 1.5, 2], "texture": "#0"},
				"west": {"uv": [0, 0, 0.5, 1.75], "texture": "#0"},
				"up": {"uv": [0, 0, 1.5, 1.5], "texture": "#0"},
				"down": {"uv": [0, 0, 1.75, 1], "texture": "#0"}
			}
		},
		{
			"from": [13, 10.40882, 5.49663],
			"to": [14.25, 14.40882, 6.74663],
			"rotation": {"angle": 22.5, "axis": "z", "origin": [7.75, 12.90882, 9.24663]},
			"faces": {
				"north": {"uv": [3, 0, 3.5, 1.75], "texture": "#0"},
				"east": {"uv": [2.25, 0, 1.75, 2], "texture": "#0"},
				"south": {"uv": [1, 0, 1.5, 2], "texture": "#0"},
				"west": {"uv": [0, 0, 0.5, 1.75], "texture": "#0"},
				"up": {"uv": [0, 0, 1.5, 1.5], "texture": "#0"},
				"down": {"uv": [0, 0, 1.75, 1], "texture": "#0"}
			}
		},
		{
			"from": [12.74413, 10.69515, 9.49663],
			"to": [13.99413, 14.69515, 10.74663],
			"rotation": {"angle": 22.5, "axis": "x", "origin": [13.36913, 14.69515, 9.12163]},
			"faces": {
				"north": {"uv": [3, 0, 3.5, 1.75], "texture": "#0"},
				"east": {"uv": [2.25, 0, 1.75, 2], "texture": "#0"},
				"south": {"uv": [1, 0, 1.5, 2], "texture": "#0"},
				"west": {"uv": [0, 0, 0.5, 1.75], "texture": "#0"},
				"up": {"uv": [0, 0, 1.5, 1.5], "texture": "#0"},
				"down": {"uv": [0, 0, 1.75, 1], "texture": "#0"}
			}
		},
		{
			"from": [3.74413, 6.75453, 2.11605],
			"to": [4.99413, 10.75453, 3.36605],
			"rotation": {"angle": -45, "axis": "x", "origin": [4.36913, 12.75453, 0.74105]},
			"faces": {
				"north": {"uv": [3, 0, 3.5, 1.75], "texture": "#0"},
				"east": {"uv": [2.25, 0, 1.75, 2], "texture": "#0"},
				"south": {"uv": [1, 0, 1.5, 2], "texture": "#0"},
				"west": {"uv": [0, 0, 0.5, 1.75], "texture": "#0"},
				"up": {"uv": [0, 0, 1.5, 1.5], "texture": "#0"},
				"down": {"uv": [0, 0, 1.75, 1], "texture": "#0"}
			}
		},
		{
			"from": [8, 4.37849, 8.06985],
			"to": [12, 6.37849, 10.06985],
			"rotation": {"angle": 22.5, "axis": "z", "origin": [3, 12.37849, 9.06985]},
			"faces": {
				"north": {"uv": [3, 0, 3.75, 2], "rotation": 270, "texture": "#0"},
				"east": {"uv": [0, 0, 1.5, 1.5], "rotation": 90, "texture": "#0"},
				"south": {"uv": [1, 0, 1.75, 2.25], "rotation": 90, "texture": "#0"},
				"west": {"uv": [0, 0, 1.75, 1], "rotation": 90, "texture": "#0"},
				"up": {"uv": [0, 0, 0.75, 2], "rotation": 90, "texture": "#0"},
				"down": {"uv": [2.25, 0, 3, 2.25], "rotation": 90, "texture": "#0"}
			}
		},
		{
			"from": [10.31371, 5.37849, 5.06985],
			"to": [14.31371, 6.37849, 6.06985],
			"rotation": {"angle": 22.5, "axis": "y", "origin": [14.31371, 12.37849, 7.06985]},
			"faces": {
				"north": {"uv": [3.25, 0, 3.75, 1.75], "rotation": 90, "texture": "#0"},
				"east": {"uv": [0, 0, 1.75, 1], "rotation": 270, "texture": "#0"},
				"south": {"uv": [1.25, 0, 1.75, 1.75], "rotation": 270, "texture": "#0"},
				"west": {"uv": [0, 0, 1.5, 1.5], "rotation": 270, "texture": "#0"},
				"up": {"uv": [2.5, 0, 3, 1.75], "rotation": 270, "texture": "#0"},
				"down": {"uv": [0.25, 0, 0.75, 1.5], "rotation": 270, "texture": "#0"}
			}
		},
		{
			"from": [9.31371, 6.95567, 2.19553],
			"to": [10.31371, 7.95567, 5.19553],
			"rotation": {"angle": 22.5, "axis": "x", "origin": [9.81371, 7.45567, 7.19553]},
			"faces": {
				"north": {"uv": [0, 0, 1.75, 1], "rotation": 270, "texture": "#0"},
				"east": {"uv": [1.25, 0, 1.75, 1.75], "rotation": 270, "texture": "#0"},
				"south": {"uv": [0, 0, 1.5, 1.5], "rotation": 270, "texture": "#0"},
				"west": {"uv": [3.25, 0, 3.75, 1.75], "rotation": 90, "texture": "#0"},
				"up": {"uv": [2.5, 0, 3, 1.75], "rotation": 180, "texture": "#0"},
				"down": {"uv": [0.25, 0, 0.75, 1.5], "texture": "#0"}
			}
		},
		{
			"from": [8.31371, 11.08135, 11.61836],
			"to": [11.31371, 12.08135, 12.61836],
			"rotation": {"angle": 22.5, "axis": "z", "origin": [9.81371, 7.58135, 12.11836]},
			"faces": {
				"north": {"uv": [2.5, 0, 3, 1.75], "rotation": 270, "texture": "#0"},
				"east": {"uv": [0, 0, 1.5, 1.5], "texture": "#0"},
				"south": {"uv": [0.25, 0, 0.75, 1.5], "rotation": 90, "texture": "#0"},
				"west": {"uv": [0, 0, 1.75, 1], "rotation": 180, "texture": "#0"},
				"up": {"uv": [3.25, 0, 3.75, 1.75], "rotation": 90, "texture": "#0"},
				"down": {"uv": [1.25, 0, 1.75, 1.75], "rotation": 90, "texture": "#0"}
			}
		},
		{
			"from": [7, 3.75, 3.06985],
			"to": [8.5, 5.25, 8.06985],
			"rotation": {"angle": 0, "axis": "y", "origin": [14.31371, 12.37849, 7.06985]},
			"faces": {
				"north": {"uv": [0, 0, 0.75, 0.75], "rotation": 270, "texture": "#0"},
				"east": {"uv": [1.25, 0, 1.75, 1.75], "rotation": 270, "texture": "#0"},
				"south": {"uv": [0, 0, 1.5, 1.5], "rotation": 270, "texture": "#0"},
				"west": {"uv": [3.25, 0, 3.75, 1.75], "rotation": 90, "texture": "#0"},
				"up": {"uv": [2.5, 0, 3, 1.75], "rotation": 180, "texture": "#0"},
				"down": {"uv": [0.25, 0, 0.75, 1.5], "texture": "#0"}
			}
		},
		{
			"from": [7.31371, 7.37849, 12.06985],
			"to": [8.31371, 8.37849, 16.06985],
			"rotation": {"angle": -22.5, "axis": "y", "origin": [14.31371, 12.37849, 7.06985]},
			"faces": {
				"north": {"uv": [0, 0, 1.75, 1], "rotation": 270, "texture": "#0"},
				"east": {"uv": [1.25, 0, 1.75, 1.75], "rotation": 270, "texture": "#0"},
				"south": {"uv": [0, 0, 1.5, 1.5], "rotation": 270, "texture": "#0"},
				"west": {"uv": [3.25, 0, 3.75, 1.75], "rotation": 90, "texture": "#0"},
				"up": {"uv": [2.5, 0, 3, 1.75], "rotation": 180, "texture": "#0"},
				"down": {"uv": [0.25, 0, 0.75, 1.5], "texture": "#0"}
			}
		},
		{
			"from": [7.8, 5, 3.5],
			"to": [8.05, 5.5, 3.75],
			"rotation": {"angle": 0, "axis": "y", "origin": [7.725, 5.825, 3.55]},
			"faces": {
				"north": {"uv": [1.5, 9.25, 1.5625, 9.375], "texture": "#0"},
				"east": {"uv": [1.5, 9.25, 1.5625, 9.375], "texture": "#0"},
				"south": {"uv": [1.5, 9.25, 1.5625, 9.375], "texture": "#0"},
				"west": {"uv": [1.5, 9.25, 1.5625, 9.375], "texture": "#0"},
				"up": {"uv": [1.5, 9.25, 1.5625, 9.3125], "texture": "#0"},
				"down": {"uv": [1.5, 9.25, 1.5625, 9.3125], "texture": "#0"}
			}
		},
		{
			"from": [7.4, 5, 3.5],
			"to": [7.65, 5.5, 3.75],
			"rotation": {"angle": 0, "axis": "y", "origin": [7.725, 5.825, 3.55]},
			"faces": {
				"north": {"uv": [1.5, 9.25, 1.5625, 9.375], "texture": "#0"},
				"east": {"uv": [1.5, 9.25, 1.5625, 9.375], "texture": "#0"},
				"south": {"uv": [1.5, 9.25, 1.5625, 9.375], "texture": "#0"},
				"west": {"uv": [1.5, 9.25, 1.5625, 9.375], "texture": "#0"},
				"up": {"uv": [1.5, 9.25, 1.5625, 9.3125], "texture": "#0"},
				"down": {"uv": [1.5, 9.25, 1.5625, 9.3125], "texture": "#0"}
			}
		},
		{
			"from": [7.325, 5.5, 3.2],
			"to": [8.125, 6.1, 3.95],
			"rotation": {"angle": 0, "axis": "y", "origin": [7.725, 5.825, 3.55]},
			"faces": {
				"north": {"uv": [0.5, 9.75, 0.7, 9.9], "texture": "#0"},
				"east": {"uv": [0.5, 9.75, 0.6875, 9.9], "texture": "#0"},
				"south": {"uv": [0.5, 9.75, 0.7, 9.9], "texture": "#0"},
				"west": {"uv": [0.5, 9.75, 0.6875, 9.9], "texture": "#0"},
				"up": {"uv": [0.5, 9.75, 0.7, 9.9375], "texture": "#0"},
				"down": {"uv": [0.5, 9.75, 0.7, 9.9375], "texture": "#0"}
			}
		},
		{
			"from": [7.475, 6, 3],
			"to": [7.975, 6.4, 3.5],
			"rotation": {"angle": 0, "axis": "y", "origin": [7.725, 5.825, 3.55]},
			"faces": {
				"north": {"uv": [0.5, 9.75, 0.7, 9.9], "texture": "#0"},
				"east": {"uv": [0.5, 9.75, 0.6875, 9.9], "texture": "#0"},
				"south": {"uv": [0.5, 9.75, 0.7, 9.9], "texture": "#0"},
				"west": {"uv": [0.5, 9.75, 0.6875, 9.9], "texture": "#0"},
				"up": {"uv": [0.5, 9.75, 0.7, 9.9375], "texture": "#0"},
				"down": {"uv": [0.5, 9.75, 0.7, 9.9375], "texture": "#0"}
			}
		},
		{
			"from": [7.575, 6.3, 3.3],
			"to": [7.875, 6.5, 3.6],
			"rotation": {"angle": 0, "axis": "y", "origin": [7.725, 5.825, 3.55]},
			"faces": {
				"north": {"uv": [0.5, 9.75, 0.7, 9.9], "texture": "#0"},
				"east": {"uv": [0.5, 9.75, 0.6875, 9.9], "texture": "#0"},
				"south": {"uv": [0.5, 9.75, 0.7, 9.9], "texture": "#0"},
				"west": {"uv": [0.5, 9.75, 0.6875, 9.9], "texture": "#0"},
				"up": {"uv": [0.5, 9.75, 0.7, 9.9375], "texture": "#0"},
				"down": {"uv": [0.5, 9.75, 0.7, 9.9375], "texture": "#0"}
			}
		},
		{
			"from": [7.675, 6.1, 2.8],
			"to": [7.775, 6.2, 3],
			"rotation": {"angle": 0, "axis": "y", "origin": [7.725, 5.825, 3.55]},
			"faces": {
				"north": {"uv": [2, 9, 2.2, 9.15], "texture": "#0"},
				"east": {"uv": [2, 9, 2.1875, 9.15], "texture": "#0"},
				"south": {"uv": [2, 9, 2.2, 9.15], "texture": "#0"},
				"west": {"uv": [2, 9, 2.1875, 9.15], "texture": "#0"},
				"up": {"uv": [2, 9, 2.2, 9.1875], "texture": "#0"},
				"down": {"uv": [2, 9, 2.2, 9.1875], "texture": "#0"}
			}
		},
		{
			"from": [7.425, 5.45, 3.15],
			"to": [8.025, 6, 3.8],
			"rotation": {"angle": 0, "axis": "y", "origin": [7.725, 5.825, 3.55]},
			"faces": {
				"north": {"uv": [1.5, 9.75, 1.7, 9.9], "texture": "#0"},
				"east": {"uv": [1.5, 9.75, 1.6875, 9.9], "texture": "#0"},
				"south": {"uv": [1.5, 9.75, 1.7, 9.9], "texture": "#0"},
				"west": {"uv": [1.5, 9.75, 1.6875, 9.9], "texture": "#0"},
				"up": {"uv": [1.5, 9.75, 1.7, 9.9375], "texture": "#0"},
				"down": {"uv": [1.5, 9.75, 1.7, 9.9375], "texture": "#0"}
			}
		},
		{
			"from": [7.425, 5.5, 3.9],
			"to": [8.025, 5.7, 4.5],
			"rotation": {"angle": 0, "axis": "y", "origin": [7.725, 5.825, 3.55]},
			"faces": {
				"north": {"uv": [0.5, 9.75, 0.7, 9.9], "texture": "#0"},
				"east": {"uv": [0.5, 9.75, 0.6875, 9.9], "texture": "#0"},
				"south": {"uv": [0.5, 9.75, 0.7, 9.9], "texture": "#0"},
				"west": {"uv": [0.5, 9.75, 0.6875, 9.9], "texture": "#0"},
				"up": {"uv": [0.5, 9.75, 0.7, 9.9375], "texture": "#0"},
				"down": {"uv": [0.5, 9.75, 0.7, 9.9375], "texture": "#0"}
			}
		},
		{
			"from": [7.525, 5, 3.625],
			"to": [7.775, 5.5, 3.875],
			"rotation": {"angle": 0, "axis": "y", "origin": [7.725, 5.825, 3.55]},
			"faces": {
				"north": {"uv": [4.25, 9.25, 4.3125, 9.375], "texture": "#0"},
				"east": {"uv": [4.25, 9.25, 4.3125, 9.375], "texture": "#0"},
				"south": {"uv": [4.25, 9.25, 4.3125, 9.375], "texture": "#0"},
				"west": {"uv": [4.25, 9.25, 4.3125, 9.375], "texture": "#0"},
				"up": {"uv": [4.25, 9.25, 4.3125, 9.3125], "rotation": 90, "texture": "#0"},
				"down": {"uv": [4.25, 9.25, 4.3125, 9.3125], "rotation": 270, "texture": "#0"}
			}
		},
		{
			"from": [7.525, 5, 3.225],
			"to": [7.775, 5.5, 3.475],
			"rotation": {"angle": 0, "axis": "y", "origin": [7.725, 5.825, 3.55]},
			"faces": {
				"north": {"uv": [4.25, 9.25, 4.3125, 9.375], "texture": "#0"},
				"east": {"uv": [4.25, 9.25, 4.3125, 9.375], "texture": "#0"},
				"south": {"uv": [4.25, 9.25, 4.3125, 9.375], "texture": "#0"},
				"west": {"uv": [4.25, 9.25, 4.3125, 9.375], "texture": "#0"},
				"up": {"uv": [4.25, 9.25, 4.3125, 9.3125], "rotation": 90, "texture": "#0"},
				"down": {"uv": [4.25, 9.25, 4.3125, 9.3125], "rotation": 270, "texture": "#0"}
			}
		},
		{
			"from": [7.325, 5.5, 3.15],
			"to": [8.075, 6.1, 3.95],
			"rotation": {"angle": 0, "axis": "y", "origin": [7.725, 5.825, 3.55]},
			"faces": {
				"north": {"uv": [3.25, 9.75, 3.4375, 9.9], "texture": "#0"},
				"east": {"uv": [3.25, 9.75, 3.45, 9.9], "texture": "#0"},
				"south": {"uv": [3.25, 9.75, 3.4375, 9.9], "texture": "#0"},
				"west": {"uv": [3.25, 9.75, 3.45, 9.9], "texture": "#0"},
				"up": {"uv": [3.25, 9.75, 3.45, 9.9375], "rotation": 90, "texture": "#0"},
				"down": {"uv": [3.25, 9.75, 3.45, 9.9375], "rotation": 270, "texture": "#0"}
			}
		},
		{
			"from": [7.775, 6, 3.3],
			"to": [8.275, 6.4, 3.8],
			"rotation": {"angle": 0, "axis": "y", "origin": [7.725, 5.825, 3.55]},
			"faces": {
				"north": {"uv": [3.25, 9.75, 3.4375, 9.9], "texture": "#0"},
				"east": {"uv": [3.25, 9.75, 3.45, 9.9], "texture": "#0"},
				"south": {"uv": [3.25, 9.75, 3.4375, 9.9], "texture": "#0"},
				"west": {"uv": [3.25, 9.75, 3.45, 9.9], "texture": "#0"},
				"up": {"uv": [3.25, 9.75, 3.45, 9.9375], "rotation": 90, "texture": "#0"},
				"down": {"uv": [3.25, 9.75, 3.45, 9.9375], "rotation": 270, "texture": "#0"}
			}
		},
		{
			"from": [7.675, 6.3, 3.4],
			"to": [7.975, 6.5, 3.7],
			"rotation": {"angle": 0, "axis": "y", "origin": [7.725, 5.825, 3.55]},
			"faces": {
				"north": {"uv": [3.25, 9.75, 3.4375, 9.9], "texture": "#0"},
				"east": {"uv": [3.25, 9.75, 3.45, 9.9], "texture": "#0"},
				"south": {"uv": [3.25, 9.75, 3.4375, 9.9], "texture": "#0"},
				"west": {"uv": [3.25, 9.75, 3.45, 9.9], "texture": "#0"},
				"up": {"uv": [3.25, 9.75, 3.45, 9.9375], "rotation": 90, "texture": "#0"},
				"down": {"uv": [3.25, 9.75, 3.45, 9.9375], "rotation": 270, "texture": "#0"}
			}
		},
		{
			"from": [8.275, 6.1, 3.5],
			"to": [8.475, 6.2, 3.6],
			"rotation": {"angle": 0, "axis": "y", "origin": [7.725, 5.825, 3.55]},
			"faces": {
				"north": {"uv": [4.75, 9, 4.9375, 9.15], "texture": "#0"},
				"east": {"uv": [4.75, 9, 4.95, 9.15], "texture": "#0"},
				"south": {"uv": [4.75, 9, 4.9375, 9.15], "texture": "#0"},
				"west": {"uv": [4.75, 9, 4.95, 9.15], "texture": "#0"},
				"up": {"uv": [4.75, 9, 4.95, 9.1875], "rotation": 90, "texture": "#0"},
				"down": {"uv": [4.75, 9, 4.95, 9.1875], "rotation": 270, "texture": "#0"}
			}
		},
		{
			"from": [7.475, 5.45, 3.25],
			"to": [8.125, 6, 3.85],
			"rotation": {"angle": 0, "axis": "y", "origin": [7.725, 5.825, 3.55]},
			"faces": {
				"north": {"uv": [4.25, 9.75, 4.4375, 9.9], "texture": "#0"},
				"east": {"uv": [4.25, 9.75, 4.45, 9.9], "texture": "#0"},
				"south": {"uv": [4.25, 9.75, 4.4375, 9.9], "texture": "#0"},
				"west": {"uv": [4.25, 9.75, 4.45, 9.9], "texture": "#0"},
				"up": {"uv": [4.25, 9.75, 4.45, 9.9375], "rotation": 90, "texture": "#0"},
				"down": {"uv": [4.25, 9.75, 4.45, 9.9375], "rotation": 270, "texture": "#0"}
			}
		},
		{
			"from": [6.775, 5.5, 3.25],
			"to": [7.375, 5.7, 3.85],
			"rotation": {"angle": 0, "axis": "y", "origin": [7.725, 5.825, 3.55]},
			"faces": {
				"north": {"uv": [3.25, 9.75, 3.4375, 9.9], "texture": "#0"},
				"east": {"uv": [3.25, 9.75, 3.45, 9.9], "texture": "#0"},
				"south": {"uv": [3.25, 9.75, 3.4375, 9.9], "texture": "#0"},
				"west": {"uv": [3.25, 9.75, 3.45, 9.9], "texture": "#0"},
				"up": {"uv": [3.25, 9.75, 3.45, 9.9375], "rotation": 90, "texture": "#0"},
				"down": {"uv": [3.25, 9.75, 3.45, 9.9375], "rotation": 270, "texture": "#0"}
			}
		},
		{
			"from": [7.4, 5, 3.35],
			"to": [7.65, 5.5, 3.6],
			"rotation": {"angle": 0, "axis": "y", "origin": [7.725, 5.825, 3.55]},
			"faces": {
				"north": {"uv": [7, 9.25, 7.0625, 9.375], "texture": "#0"},
				"east": {"uv": [7, 9.25, 7.0625, 9.375], "texture": "#0"},
				"south": {"uv": [7, 9.25, 7.0625, 9.375], "texture": "#0"},
				"west": {"uv": [7, 9.25, 7.0625, 9.375], "texture": "#0"},
				"up": {"uv": [7, 9.25, 7.0625, 9.3125], "rotation": 180, "texture": "#0"},
				"down": {"uv": [7, 9.25, 7.0625, 9.3125], "rotation": 180, "texture": "#0"}
			}
		},
		{
			"from": [7.8, 5, 3.35],
			"to": [8.05, 5.5, 3.6],
			"rotation": {"angle": 0, "axis": "y", "origin": [7.725, 5.825, 3.55]},
			"faces": {
				"north": {"uv": [7, 9.25, 7.0625, 9.375], "texture": "#0"},
				"east": {"uv": [7, 9.25, 7.0625, 9.375], "texture": "#0"},
				"south": {"uv": [7, 9.25, 7.0625, 9.375], "texture": "#0"},
				"west": {"uv": [7, 9.25, 7.0625, 9.375], "texture": "#0"},
				"up": {"uv": [7, 9.25, 7.0625, 9.3125], "rotation": 180, "texture": "#0"},
				"down": {"uv": [7, 9.25, 7.0625, 9.3125], "rotation": 180, "texture": "#0"}
			}
		},
		{
			"from": [7.325, 5.5, 3.15],
			"to": [8.125, 6.1, 3.9],
			"rotation": {"angle": 0, "axis": "y", "origin": [7.725, 5.825, 3.55]},
			"faces": {
				"north": {"uv": [6, 9.75, 6.2, 9.9], "texture": "#0"},
				"east": {"uv": [6, 9.75, 6.1875, 9.9], "texture": "#0"},
				"south": {"uv": [6, 9.75, 6.2, 9.9], "texture": "#0"},
				"west": {"uv": [6, 9.75, 6.1875, 9.9], "texture": "#0"},
				"up": {"uv": [6, 9.75, 6.2, 9.9375], "rotation": 180, "texture": "#0"},
				"down": {"uv": [6, 9.75, 6.2, 9.9375], "rotation": 180, "texture": "#0"}
			}
		},
		{
			"from": [7.475, 6, 3.6],
			"to": [7.975, 6.4, 4.1],
			"rotation": {"angle": 0, "axis": "y", "origin": [7.725, 5.825, 3.55]},
			"faces": {
				"north": {"uv": [6, 9.75, 6.2, 9.9], "texture": "#0"},
				"east": {"uv": [6, 9.75, 6.1875, 9.9], "texture": "#0"},
				"south": {"uv": [6, 9.75, 6.2, 9.9], "texture": "#0"},
				"west": {"uv": [6, 9.75, 6.1875, 9.9], "texture": "#0"},
				"up": {"uv": [6, 9.75, 6.2, 9.9375], "rotation": 180, "texture": "#0"},
				"down": {"uv": [6, 9.75, 6.2, 9.9375], "rotation": 180, "texture": "#0"}
			}
		},
		{
			"from": [7.575, 6.3, 3.5],
			"to": [7.875, 6.5, 3.8],
			"rotation": {"angle": 0, "axis": "y", "origin": [7.725, 5.825, 3.55]},
			"faces": {
				"north": {"uv": [6, 9.75, 6.2, 9.9], "texture": "#0"},
				"east": {"uv": [6, 9.75, 6.1875, 9.9], "texture": "#0"},
				"south": {"uv": [6, 9.75, 6.2, 9.9], "texture": "#0"},
				"west": {"uv": [6, 9.75, 6.1875, 9.9], "texture": "#0"},
				"up": {"uv": [6, 9.75, 6.2, 9.9375], "rotation": 180, "texture": "#0"},
				"down": {"uv": [6, 9.75, 6.2, 9.9375], "rotation": 180, "texture": "#0"}
			}
		},
		{
			"from": [7.675, 6.1, 4.1],
			"to": [7.775, 6.2, 4.3],
			"rotation": {"angle": 0, "axis": "y", "origin": [7.725, 5.825, 3.55]},
			"faces": {
				"north": {"uv": [7.5, 9, 7.7, 9.15], "texture": "#0"},
				"east": {"uv": [7.5, 9, 7.6875, 9.15], "texture": "#0"},
				"south": {"uv": [7.5, 9, 7.7, 9.15], "texture": "#0"},
				"west": {"uv": [7.5, 9, 7.6875, 9.15], "texture": "#0"},
				"up": {"uv": [7.5, 9, 7.7, 9.1875], "rotation": 180, "texture": "#0"},
				"down": {"uv": [7.5, 9, 7.7, 9.1875], "rotation": 180, "texture": "#0"}
			}
		},
		{
			"from": [7.425, 5.45, 3.3],
			"to": [8.025, 6, 3.95],
			"rotation": {"angle": 0, "axis": "y", "origin": [7.725, 5.825, 3.55]},
			"faces": {
				"north": {"uv": [7, 9.75, 7.2, 9.9], "texture": "#0"},
				"east": {"uv": [7, 9.75, 7.1875, 9.9], "texture": "#0"},
				"south": {"uv": [7, 9.75, 7.2, 9.9], "texture": "#0"},
				"west": {"uv": [7, 9.75, 7.1875, 9.9], "texture": "#0"},
				"up": {"uv": [7, 9.75, 7.2, 9.9375], "rotation": 180, "texture": "#0"},
				"down": {"uv": [7, 9.75, 7.2, 9.9375], "rotation": 180, "texture": "#0"}
			}
		},
		{
			"from": [7.425, 5.5, 2.6],
			"to": [8.025, 5.7, 3.2],
			"rotation": {"angle": 0, "axis": "y", "origin": [7.725, 5.825, 3.55]},
			"faces": {
				"north": {"uv": [6, 9.75, 6.2, 9.9], "texture": "#0"},
				"east": {"uv": [6, 9.75, 6.1875, 9.9], "texture": "#0"},
				"south": {"uv": [6, 9.75, 6.2, 9.9], "texture": "#0"},
				"west": {"uv": [6, 9.75, 6.1875, 9.9], "texture": "#0"},
				"up": {"uv": [6, 9.75, 6.2, 9.9375], "rotation": 180, "texture": "#0"},
				"down": {"uv": [6, 9.75, 6.2, 9.9375], "rotation": 180, "texture": "#0"}
			}
		},
		{
			"from": [7.4, 5, 4.35],
			"to": [7.65, 5.5, 4.6],
			"rotation": {"angle": 0, "axis": "y", "origin": [7.725, 5.825, 3.55]},
			"faces": {
				"north": {"uv": [9.75, 9.25, 9.8125, 9.375], "texture": "#0"},
				"east": {"uv": [9.75, 9.25, 9.8125, 9.375], "texture": "#0"},
				"south": {"uv": [9.75, 9.25, 9.8125, 9.375], "texture": "#0"},
				"west": {"uv": [9.75, 9.25, 9.8125, 9.375], "texture": "#0"},
				"up": {"uv": [9.75, 9.25, 9.8125, 9.3125], "rotation": 180, "texture": "#0"},
				"down": {"uv": [9.75, 9.25, 9.8125, 9.3125], "rotation": 180, "texture": "#0"}
			}
		},
		{
			"from": [7.8, 5, 4.35],
			"to": [8.05, 5.5, 4.6],
			"rotation": {"angle": 0, "axis": "y", "origin": [7.725, 5.825, 3.55]},
			"faces": {
				"north": {"uv": [9.75, 9.25, 9.8125, 9.375], "texture": "#0"},
				"east": {"uv": [9.75, 9.25, 9.8125, 9.375], "texture": "#0"},
				"south": {"uv": [9.75, 9.25, 9.8125, 9.375], "texture": "#0"},
				"west": {"uv": [9.75, 9.25, 9.8125, 9.375], "texture": "#0"},
				"up": {"uv": [9.75, 9.25, 9.8125, 9.3125], "rotation": 180, "texture": "#0"},
				"down": {"uv": [9.75, 9.25, 9.8125, 9.3125], "rotation": 180, "texture": "#0"}
			}
		},
		{
			"from": [7.325, 5.5, 4.15],
			"to": [8.125, 6.1, 4.9],
			"rotation": {"angle": 0, "axis": "y", "origin": [7.725, 5.825, 3.55]},
			"faces": {
				"north": {"uv": [8.75, 9.75, 8.95, 9.9], "texture": "#0"},
				"east": {"uv": [8.75, 9.75, 8.9375, 9.9], "texture": "#0"},
				"south": {"uv": [8.75, 9.75, 8.95, 9.9], "texture": "#0"},
				"west": {"uv": [8.75, 9.75, 8.9375, 9.9], "texture": "#0"},
				"up": {"uv": [8.75, 9.75, 8.95, 9.9375], "rotation": 180, "texture": "#0"},
				"down": {"uv": [8.75, 9.75, 8.95, 9.9375], "rotation": 180, "texture": "#0"}
			}
		},
		{
			"from": [7.475, 6, 4.6],
			"to": [7.975, 6.4, 5.1],
			"rotation": {"angle": 0, "axis": "y", "origin": [7.725, 5.825, 3.55]},
			"faces": {
				"north": {"uv": [8.75, 9.75, 8.95, 9.9], "texture": "#0"},
				"east": {"uv": [8.75, 9.75, 8.9375, 9.9], "texture": "#0"},
				"south": {"uv": [8.75, 9.75, 8.95, 9.9], "texture": "#0"},
				"west": {"uv": [8.75, 9.75, 8.9375, 9.9], "texture": "#0"},
				"up": {"uv": [8.75, 9.75, 8.95, 9.9375], "rotation": 180, "texture": "#0"},
				"down": {"uv": [8.75, 9.75, 8.95, 9.9375], "rotation": 180, "texture": "#0"}
			}
		},
		{
			"from": [7.575, 6.3, 4.5],
			"to": [7.875, 6.5, 4.8],
			"rotation": {"angle": 0, "axis": "y", "origin": [7.725, 5.825, 3.55]},
			"faces": {
				"north": {"uv": [8.75, 9.75, 8.95, 9.9], "texture": "#0"},
				"east": {"uv": [8.75, 9.75, 8.9375, 9.9], "texture": "#0"},
				"south": {"uv": [8.75, 9.75, 8.95, 9.9], "texture": "#0"},
				"west": {"uv": [8.75, 9.75, 8.9375, 9.9], "texture": "#0"},
				"up": {"uv": [8.75, 9.75, 8.95, 9.9375], "rotation": 180, "texture": "#0"},
				"down": {"uv": [8.75, 9.75, 8.95, 9.9375], "rotation": 180, "texture": "#0"}
			}
		},
		{
			"from": [7.675, 6.1, 5.1],
			"to": [7.775, 6.2, 5.3],
			"rotation": {"angle": 0, "axis": "y", "origin": [7.725, 5.825, 3.55]},
			"faces": {
				"north": {"uv": [10.25, 9, 10.45, 9.15], "texture": "#0"},
				"east": {"uv": [10.25, 9, 10.4375, 9.15], "texture": "#0"},
				"south": {"uv": [10.25, 9, 10.45, 9.15], "texture": "#0"},
				"west": {"uv": [10.25, 9, 10.4375, 9.15], "texture": "#0"},
				"up": {"uv": [10.25, 9, 10.45, 9.1875], "rotation": 180, "texture": "#0"},
				"down": {"uv": [10.25, 9, 10.45, 9.1875], "rotation": 180, "texture": "#0"}
			}
		},
		{
			"from": [7.425, 5.45, 4.3],
			"to": [8.025, 6, 4.95],
			"rotation": {"angle": 0, "axis": "y", "origin": [7.725, 5.825, 3.55]},
			"faces": {
				"north": {"uv": [9.75, 9.75, 9.95, 9.9], "texture": "#0"},
				"east": {"uv": [9.75, 9.75, 9.9375, 9.9], "texture": "#0"},
				"south": {"uv": [9.75, 9.75, 9.95, 9.9], "texture": "#0"},
				"west": {"uv": [9.75, 9.75, 9.9375, 9.9], "texture": "#0"},
				"up": {"uv": [9.75, 9.75, 9.95, 9.9375], "rotation": 180, "texture": "#0"},
				"down": {"uv": [9.75, 9.75, 9.95, 9.9375], "rotation": 180, "texture": "#0"}
			}
		},
		{
			"from": [7.425, 5.5, 3.6],
			"to": [8.025, 5.7, 4.2],
			"rotation": {"angle": 0, "axis": "y", "origin": [7.725, 5.825, 3.55]},
			"faces": {
				"north": {"uv": [8.75, 9.75, 8.95, 9.9], "texture": "#0"},
				"east": {"uv": [8.75, 9.75, 8.9375, 9.9], "texture": "#0"},
				"south": {"uv": [8.75, 9.75, 8.95, 9.9], "texture": "#0"},
				"west": {"uv": [8.75, 9.75, 8.9375, 9.9], "texture": "#0"},
				"up": {"uv": [8.75, 9.75, 8.95, 9.9375], "rotation": 180, "texture": "#0"},
				"down": {"uv": [8.75, 9.75, 8.95, 9.9375], "rotation": 180, "texture": "#0"}
			}
		},
		{
			"from": [7.8, 5, 4.5],
			"to": [8.05, 5.5, 4.75],
			"rotation": {"angle": 0, "axis": "y", "origin": [7.725, 5.825, 4.55]},
			"faces": {
				"north": {"uv": [15.25, 9.25, 15.3125, 9.375], "texture": "#0"},
				"east": {"uv": [15.25, 9.25, 15.3125, 9.375], "texture": "#0"},
				"south": {"uv": [15.25, 9.25, 15.3125, 9.375], "texture": "#0"},
				"west": {"uv": [15.25, 9.25, 15.3125, 9.375], "texture": "#0"},
				"up": {"uv": [15.25, 9.25, 15.3125, 9.3125], "texture": "#0"},
				"down": {"uv": [15.25, 9.25, 15.3125, 9.3125], "texture": "#0"}
			}
		},
		{
			"from": [7.4, 5, 4.5],
			"to": [7.65, 5.5, 4.75],
			"rotation": {"angle": 0, "axis": "y", "origin": [7.725, 5.825, 4.55]},
			"faces": {
				"north": {"uv": [15.25, 9.25, 15.3125, 9.375], "texture": "#0"},
				"east": {"uv": [15.25, 9.25, 15.3125, 9.375], "texture": "#0"},
				"south": {"uv": [15.25, 9.25, 15.3125, 9.375], "texture": "#0"},
				"west": {"uv": [15.25, 9.25, 15.3125, 9.375], "texture": "#0"},
				"up": {"uv": [15.25, 9.25, 15.3125, 9.3125], "texture": "#0"},
				"down": {"uv": [15.25, 9.25, 15.3125, 9.3125], "texture": "#0"}
			}
		},
		{
			"from": [7.325, 5.5, 4.2],
			"to": [8.125, 6.1, 4.95],
			"rotation": {"angle": 0, "axis": "y", "origin": [7.725, 5.825, 4.55]},
			"faces": {
				"north": {"uv": [14.25, 9.75, 14.45, 9.9], "texture": "#0"},
				"east": {"uv": [14.25, 9.75, 14.4375, 9.9], "texture": "#0"},
				"south": {"uv": [14.25, 9.75, 14.45, 9.9], "texture": "#0"},
				"west": {"uv": [14.25, 9.75, 14.4375, 9.9], "texture": "#0"},
				"up": {"uv": [14.25, 9.75, 14.45, 9.9375], "texture": "#0"},
				"down": {"uv": [14.25, 9.75, 14.45, 9.9375], "texture": "#0"}
			}
		},
		{
			"from": [7.475, 6, 4],
			"to": [7.975, 6.4, 4.5],
			"rotation": {"angle": 0, "axis": "y", "origin": [7.725, 5.825, 4.55]},
			"faces": {
				"north": {"uv": [14.25, 9.75, 14.45, 9.9], "texture": "#0"},
				"east": {"uv": [14.25, 9.75, 14.4375, 9.9], "texture": "#0"},
				"south": {"uv": [14.25, 9.75, 14.45, 9.9], "texture": "#0"},
				"west": {"uv": [14.25, 9.75, 14.4375, 9.9], "texture": "#0"},
				"up": {"uv": [14.25, 9.75, 14.45, 9.9375], "texture": "#0"},
				"down": {"uv": [14.25, 9.75, 14.45, 9.9375], "texture": "#0"}
			}
		},
		{
			"from": [7.575, 6.3, 4.3],
			"to": [7.875, 6.5, 4.6],
			"rotation": {"angle": 0, "axis": "y", "origin": [7.725, 5.825, 4.55]},
			"faces": {
				"north": {"uv": [14.25, 9.75, 14.45, 9.9], "texture": "#0"},
				"east": {"uv": [14.25, 9.75, 14.4375, 9.9], "texture": "#0"},
				"south": {"uv": [14.25, 9.75, 14.45, 9.9], "texture": "#0"},
				"west": {"uv": [14.25, 9.75, 14.4375, 9.9], "texture": "#0"},
				"up": {"uv": [14.25, 9.75, 14.45, 9.9375], "texture": "#0"},
				"down": {"uv": [14.25, 9.75, 14.45, 9.9375], "texture": "#0"}
			}
		},
		{
			"from": [7.675, 6.1, 3.8],
			"to": [7.775, 6.2, 4],
			"rotation": {"angle": 0, "axis": "y", "origin": [7.725, 5.825, 4.55]},
			"faces": {
				"north": {"uv": [15.75, 9, 15.95, 9.15], "texture": "#0"},
				"east": {"uv": [15.75, 9, 15.9375, 9.15], "texture": "#0"},
				"south": {"uv": [15.75, 9, 15.95, 9.15], "texture": "#0"},
				"west": {"uv": [15.75, 9, 15.9375, 9.15], "texture": "#0"},
				"up": {"uv": [15.75, 9, 15.95, 9.1875], "texture": "#0"},
				"down": {"uv": [15.75, 9, 15.95, 9.1875], "texture": "#0"}
			}
		},
		{
			"from": [7.425, 5.45, 4.15],
			"to": [8.025, 6, 4.8],
			"rotation": {"angle": 0, "axis": "y", "origin": [7.725, 5.825, 4.55]},
			"faces": {
				"north": {"uv": [15.25, 9.75, 15.45, 9.9], "texture": "#0"},
				"east": {"uv": [15.25, 9.75, 15.4375, 9.9], "texture": "#0"},
				"south": {"uv": [15.25, 9.75, 15.45, 9.9], "texture": "#0"},
				"west": {"uv": [15.25, 9.75, 15.4375, 9.9], "texture": "#0"},
				"up": {"uv": [15.25, 9.75, 15.45, 9.9375], "texture": "#0"},
				"down": {"uv": [15.25, 9.75, 15.45, 9.9375], "texture": "#0"}
			}
		},
		{
			"from": [7.425, 5.5, 4.9],
			"to": [8.025, 5.7, 5.5],
			"rotation": {"angle": 0, "axis": "y", "origin": [7.725, 5.825, 4.55]},
			"faces": {
				"north": {"uv": [14.25, 9.75, 14.45, 9.9], "texture": "#0"},
				"east": {"uv": [14.25, 9.75, 14.4375, 9.9], "texture": "#0"},
				"south": {"uv": [14.25, 9.75, 14.45, 9.9], "texture": "#0"},
				"west": {"uv": [14.25, 9.75, 14.4375, 9.9], "texture": "#0"},
				"up": {"uv": [14.25, 9.75, 14.45, 9.9375], "texture": "#0"},
				"down": {"uv": [14.25, 9.75, 14.45, 9.9375], "texture": "#0"}
			}
		},
		{
			"from": [12, 13, 9],
			"to": [16, 17, 13],
			"rotation": {"angle": 22.5, "axis": "x", "origin": [14, 15, 11]},
			"faces": {
				"north": {"uv": [8.25, 12, 12, 16], "texture": "#0"},
				"east": {"uv": [8.25, 12, 12, 16], "texture": "#0"},
				"south": {"uv": [8.25, 12, 12, 16], "texture": "#0"},
				"west": {"uv": [8.25, 12, 12, 16], "texture": "#0"},
				"up": {"uv": [8.25, 12, 12, 16], "texture": "#0"},
				"down": {"uv": [8.25, 12, 12, 16], "texture": "#0"}
			}
		},
		{
			"from": [3, 8, 3],
			"to": [6, 11, 6],
			"rotation": {"angle": 22.5, "axis": "x", "origin": [14, 15, 11]},
			"faces": {
				"north": {"uv": [8.25, 12, 12, 16], "texture": "#0"},
				"east": {"uv": [8.25, 12, 12, 16], "texture": "#0"},
				"south": {"uv": [8.25, 12, 12, 16], "texture": "#0"},
				"west": {"uv": [8.25, 12, 12, 16], "texture": "#0"},
				"up": {"uv": [8.25, 12, 12, 16], "texture": "#0"},
				"down": {"uv": [8.25, 12, 12, 16], "texture": "#0"}
			}
		},
		{
			"from": [9, 5.5, 4],
			"to": [11, 7.5, 6],
			"rotation": {"angle": 22.5, "axis": "x", "origin": [14, 15, 11]},
			"faces": {
				"north": {"uv": [8.25, 12, 12, 16], "texture": "#0"},
				"east": {"uv": [8.25, 12, 12, 16], "texture": "#0"},
				"south": {"uv": [8.25, 12, 12, 16], "texture": "#0"},
				"west": {"uv": [8.25, 12, 12, 16], "texture": "#0"},
				"up": {"uv": [8.25, 12, 12, 16], "texture": "#0"},
				"down": {"uv": [8.25, 12, 12, 16], "texture": "#0"}
			}
		},
		{
			"from": [3, 6.3139, 11.47658],
			"to": [6, 9.3139, 14.47658],
			"rotation": {"angle": -22.5, "axis": "y", "origin": [4.5, 7.8139, 13.97658]},
			"faces": {
				"north": {"uv": [8.25, 12, 12, 16], "texture": "#0"},
				"east": {"uv": [8.25, 12, 12, 16], "texture": "#0"},
				"south": {"uv": [8.25, 12, 12, 16], "texture": "#0"},
				"west": {"uv": [8.25, 12, 12, 16], "texture": "#0"},
				"up": {"uv": [8.25, 12, 12, 16], "texture": "#0"},
				"down": {"uv": [8.25, 12, 12, 16], "texture": "#0"}
			}
		},
		{
			"from": [10.77372, 11.3139, 10.61417],
			"to": [13.77372, 14.3139, 13.61417],
			"rotation": {"angle": 22.5, "axis": "z", "origin": [12.27372, 7.8139, 16.11417]},
			"faces": {
				"north": {"uv": [8.25, 12, 12, 16], "texture": "#0"},
				"east": {"uv": [8.25, 12, 12, 16], "texture": "#0"},
				"south": {"uv": [8.25, 12, 12, 16], "texture": "#0"},
				"west": {"uv": [8.25, 12, 12, 16], "texture": "#0"},
				"up": {"uv": [8.25, 12, 12, 16], "texture": "#0"},
				"down": {"uv": [8.25, 12, 12, 16], "texture": "#0"}
			}
		},
		{
			"from": [10.97697, 4.3139, 3.45568],
			"to": [13.97697, 7.3139, 6.45568],
			"rotation": {"angle": 22.5, "axis": "y", "origin": [14.47697, 7.8139, 2.95568]},
			"faces": {
				"north": {"uv": [8.25, 12, 12, 16], "texture": "#0"},
				"east": {"uv": [8.25, 12, 12, 16], "texture": "#0"},
				"south": {"uv": [8.25, 12, 12, 16], "texture": "#0"},
				"west": {"uv": [8.25, 12, 12, 16], "texture": "#0"},
				"up": {"uv": [8.25, 12, 12, 16], "rotation": 90, "texture": "#0"},
				"down": {"uv": [8.25, 12, 12, 16], "rotation": 270, "texture": "#0"}
			}
		},
		{
			"from": [10, 16.10476, 2.41866],
			"to": [17, 20.10476, 9.41866],
			"rotation": {"angle": -22.5, "axis": "z", "origin": [12.5, 17.10476, 5.91866]},
			"faces": {
				"north": {"uv": [8.25, 12, 12, 16], "texture": "#0"},
				"east": {"uv": [8.25, 12, 12, 16], "texture": "#0"},
				"south": {"uv": [8.25, 12, 12, 16], "texture": "#0"},
				"west": {"uv": [8.25, 12, 12, 16], "texture": "#0"},
				"up": {"uv": [8.25, 12, 12, 16], "texture": "#0"},
				"down": {"uv": [8.25, 12, 12, 16], "texture": "#0"}
			}
		},
		{
			"from": [3.83941, 16.32474, 6.41866],
			"to": [10.83941, 21.32474, 13.41866],
			"rotation": {"angle": 22.5, "axis": "x", "origin": [7.33941, 18.32474, 9.91866]},
			"faces": {
				"north": {"uv": [8.25, 12, 12, 16], "texture": "#0"},
				"east": {"uv": [8.25, 12, 12, 16], "texture": "#0"},
				"south": {"uv": [8.25, 12, 12, 16], "texture": "#0"},
				"west": {"uv": [8.25, 12, 12, 16], "texture": "#0"},
				"up": {"uv": [8.25, 12, 12, 16], "texture": "#0"},
				"down": {"uv": [8.25, 12, 12, 16], "texture": "#0"}
			}
		},
		{
			"from": [1.83941, 18.32474, 1.41866],
			"to": [8.83941, 22.32474, 7.41866],
			"rotation": {"angle": -22.5, "axis": "y", "origin": [7.33941, 18.32474, 9.91866]},
			"faces": {
				"north": {"uv": [8.25, 12, 12, 16], "texture": "#0"},
				"east": {"uv": [8.25, 12, 12, 16], "texture": "#0"},
				"south": {"uv": [8.25, 12, 12, 16], "texture": "#0"},
				"west": {"uv": [8.25, 12, 12, 16], "texture": "#0"},
				"up": {"uv": [8.25, 12, 12, 16], "texture": "#0"},
				"down": {"uv": [8.25, 12, 12, 16], "texture": "#0"}
			}
		},
		{
			"from": [-1.16059, 16.28668, 1.61],
			"to": [5.83941, 21.28668, 8.61],
			"rotation": {"angle": 22.5, "axis": "z", "origin": [2.33941, 18.78668, 10.11]},
			"faces": {
				"north": {"uv": [8.25, 12, 12, 16], "texture": "#0"},
				"east": {"uv": [8.25, 12, 12, 16], "texture": "#0"},
				"south": {"uv": [8.25, 12, 12, 16], "texture": "#0"},
				"west": {"uv": [8.25, 12, 12, 16], "texture": "#0"},
				"up": {"uv": [8.25, 12, 12, 16], "texture": "#0"},
				"down": {"uv": [8.25, 12, 12, 16], "texture": "#0"}
			}
		},
		{
			"from": [0.83941, 12.28668, 7.61],
			"to": [5.83941, 17.28668, 12.61],
			"rotation": {"angle": -45, "axis": "y", "origin": [2.33941, 18.78668, 10.11]},
			"faces": {
				"north": {"uv": [8.25, 12, 12, 16], "rotation": 180, "texture": "#0"},
				"east": {"uv": [8.25, 12, 12, 16], "rotation": 270, "texture": "#0"},
				"south": {"uv": [8.25, 12, 12, 16], "texture": "#0"},
				"west": {"uv": [8.25, 12, 12, 16], "rotation": 90, "texture": "#0"},
				"up": {"uv": [8.25, 12, 12, 16], "rotation": 180, "texture": "#0"},
				"down": {"uv": [8.25, 12, 12, 16], "texture": "#0"}
			}
		}
	],
	"display": {
		"thirdperson_righthand": {
			"rotation": [67.25, 1, 0],
			"translation": [-6, 0, 19.5],
			"scale": [4, 4, 4]
		},
		"head": {
			"translation": [0, 14, 0],
			"scale": [2.6, 2.6, 2.6]
		},
		"fixed": {
			"rotation": [-90, 0, 0],
			"translation": [0, 0, -31],
			"scale": [3.99, 3.99, 3.99]
		}
	},
	"groups": [
		{
			"name": "Marsh",
			"origin": [8, 8, 8],
			"color": 0,
			"children": [
				{
					"name": "Trunk",
					"origin": [0, 0, 0],
					"color": 0,
					"children": [0, 1, 2, 3, 4, 5]
				},
				{
					"name": "Heart frame 1",
					"origin": [8, 8, 8],
					"color": 0,
					"children": [6, 7, 8, 9, 10, 11, 12, 13, 14, 15]
				},
				{
					"name": "Heart frame 2",
					"origin": [8, 8, 8],
					"color": 0,
					"children": [16, 17, 18, 19, 20, 21, 22, 23, 24, 25]
				},
				{
					"name": "Heart frame 3",
					"origin": [8, 8, 8],
					"color": 0,
					"children": [26, 27, 28, 29, 30, 31, 32, 33, 34, 35]
				},
				{
					"name": "Heart frame 4",
					"origin": [8, 8, 8],
					"color": 0,
					"children": [36, 37, 38, 39, 40, 41, 42, 43, 44, 45]
				},
				{
					"name": "Heart frame 5",
					"origin": [8, 8, 8],
					"color": 0,
					"children": [46, 47, 48, 49, 50, 51, 52, 53, 54, 55]
				},
				{
					"name": "Heart frame 6",
					"origin": [8, 8, 8],
					"color": 0,
					"children": [56, 57, 58, 59, 60, 61, 62, 63, 64, 65]
				},
				{
					"name": "Heart frame 7",
					"origin": [8, 8, 8],
					"color": 0,
					"children": [66, 67, 68, 69, 70, 71, 72, 73, 74, 75]
				},
				{
					"name": "Heart frame 8",
					"origin": [8, 8, 8],
					"color": 0,
					"children": [76, 77, 78, 79, 80, 81, 82, 83, 84, 85]
				},
				{
					"name": "Branches",
					"origin": [8, 8, 8],
					"color": 0,
					"children": [86, 87, 88, 89, 90, 91, 92, 93, 94, 95, 96, 97, 98, 99, 100]
				},
				{
					"name": "Bird frame 1",
					"origin": [8, 8, 8],
					"color": 0,
					"children": [101, 102, 103, 104, 105, 106, 107, 108]
				},
				{
					"name": "Bird frame 2",
					"origin": [8, 8, 8],
					"color": 0,
					"children": [109, 110, 111, 112, 113, 114, 115, 116]
				},
				{
					"name": "Bird frame 3",
					"origin": [8, 8, 8],
					"color": 0,
					"children": [117, 118, 119, 120, 121, 122, 123, 124]
				},
				{
					"name": "Bird frame 4",
					"origin": [8, 8, 8],
					"color": 0,
					"children": [125, 126, 127, 128, 129, 130, 131, 132]
				},
				{
					"name": "Bird frame 6",
					"origin": [8, 8, 8],
					"color": 0,
					"children": [133, 134, 135, 136, 137, 138, 139, 140]
				},
				{
					"name": "Leaves",
					"origin": [8, 8, 8],
					"color": 0,
					"children": [141, 142, 143, 144, 145, 146, 147, 148, 149, 150, 151]
				}
			]
		}
	]
}