{"stats":{"minecraft:used":{"minecraft:purple_stained_glass":5,"minecraft:petrified_oak_slab":9,"minecraft:black_stained_glass":1,"minecraft:command_block":1,"minecraft:white_stained_glass":3,"minecraft:repeating_command_block":1,"minecraft:acacia_planks":13,"minecraft:magenta_stained_glass":2},"minecraft:picked_up":{"minecraft:waxed_cut_copper_stairs":2,"minecraft:white_stained_glass":1,"minecraft:repeating_command_block":1,"minecraft:command_block":1,"minecraft:acacia_planks":3},"minecraft:custom":{"minecraft:time_since_rest":80,"minecraft:crouch_one_cm":591,"minecraft:play_time":12850,"minecraft:sprint_one_cm":6180,"minecraft:walk_one_cm":9003,"minecraft:deaths":19,"minecraft:sneak_time":782,"minecraft:jump":13,"minecraft:leave_game":1,"minecraft:time_since_death":80,"minecraft:total_world_time":15646,"minecraft:fly_one_cm":18174}},"DataVersion":3105}