{"stats":{"minecraft:used":{"minecraft:amethyst_block":4,"minecraft:polished_deepslate":30,"minecraft:flint_and_steel":6,"minecraft:polished_basalt":8,"minecraft:magenta_stained_glass":13,"minecraft:deepslate_bricks":24,"minecraft:glow_lichen":6,"minecraft:cobbled_deepslate_stairs":15,"minecraft:deepslate_tiles":4,"minecraft:small_amethyst_bud":12,"minecraft:purple_stained_glass":117,"minecraft:diamond_pickaxe":4,"minecraft:command_block":2,"minecraft:barrier":12,"minecraft:flowering_azalea_leaves":7,"minecraft:smooth_basalt":4,"minecraft:basalt":3,"minecraft:azalea_leaves":14,"minecraft:black_stained_glass":10,"minecraft:oxidized_cut_copper_stairs":1,"minecraft:chain_command_block":9,"minecraft:repeating_command_block":1,"minecraft:observer":5,"minecraft:cobbled_deepslate":5,"minecraft:candle":15},"minecraft:picked_up":{"minecraft:cracked_deepslate_tiles":9,"minecraft:prismarine_stairs":2,"minecraft:chiseled_deepslate":1,"minecraft:mud":3,"minecraft:wheat":4,"minecraft:muddy_mangrove_roots":48,"minecraft:oxidized_cut_copper_stairs":1,"minecraft:allium":1,"minecraft:basalt":14,"minecraft:lilac":1,"minecraft:repeater":1,"minecraft:stripped_warped_hyphae":6,"minecraft:birch_slab":2,"minecraft:brown_mushroom":1,"minecraft:copper_block":3,"minecraft:chiseled_quartz_block":9,"minecraft:acacia_wood":3,"minecraft:oak_stairs":1,"minecraft:stone_brick_wall":4,"minecraft:birch_planks":43,"minecraft:gold_block":1,"minecraft:smooth_sandstone_stairs":40,"minecraft:tuff":19,"minecraft:stone_brick_stairs":3,"minecraft:waxed_copper_block":1,"minecraft:yellow_candle":3,"minecraft:yellow_bed":1,"minecraft:purple_stained_glass":1,"minecraft:amethyst_block":2,"minecraft:lantern":3,"minecraft:dirt":34,"minecraft:paper":6,"minecraft:moss_carpet":7,"minecraft:quartz_slab":1,"minecraft:red_candle":3,"minecraft:smooth_sandstone":36,"minecraft:blackstone":2,"minecraft:oak_sign":17,"minecraft:beetroot":3,"minecraft:stone_bricks":1,"minecraft:sea_pickle":4,"minecraft:kelp":4,"minecraft:cracked_stone_bricks":7,"minecraft:wheat_seeds":4,"minecraft:deepslate_tiles":9,"minecraft:cobbled_deepslate":24,"minecraft:cobbled_deepslate_slab":2,"minecraft:dark_prismarine_stairs":1,"minecraft:azalea":1,"minecraft:oak_fence_gate":6,"minecraft:acacia_fence_gate":1,"minecraft:observer":1,"minecraft:azalea_leaves":1,"minecraft:cyan_concrete":9,"minecraft:mossy_stone_bricks":5,"minecraft:written_book":60,"minecraft:cyan_wool":5,"minecraft:mossy_stone_brick_wall":5,"minecraft:magenta_stained_glass":1,"minecraft:prismarine_brick_slab":9,"minecraft:smooth_quartz":4,"minecraft:acacia_sapling":2,"minecraft:lectern":5,"minecraft:melon_slice":6,"minecraft:moss_block":10,"minecraft:quartz_stairs":24,"minecraft:prismarine":5,"minecraft:birch_sapling":3,"minecraft:flowering_azalea":3,"minecraft:smooth_quartz_stairs":4,"minecraft:soul_sand":1,"minecraft:lime_glazed_terracotta":1,"minecraft:book":3,"minecraft:polished_blackstone_brick_slab":1,"minecraft:dark_oak_sapling":3,"minecraft:oak_slab":2,"minecraft:stick":5,"minecraft:glow_lichen":1,"minecraft:sandstone":7,"minecraft:acacia_fence":2,"minecraft:raw_gold_block":3,"minecraft:pumpkin":1,"minecraft:composter":1,"minecraft:yellow_concrete":7,"minecraft:oak_fence":9,"minecraft:lime_concrete":1,"minecraft:dandelion":3,"minecraft:acacia_log":10,"minecraft:stripped_acacia_wood":67,"minecraft:raw_iron_block":1,"minecraft:dripstone_block":18,"minecraft:sandstone_wall":1,"minecraft:cut_copper_stairs":8,"minecraft:birch_stairs":16,"minecraft:polished_blackstone_bricks":6,"minecraft:sand":3,"minecraft:small_amethyst_bud":1,"minecraft:quartz_pillar":10,"minecraft:stone_button":2,"minecraft:spruce_sapling":3,"minecraft:pointed_dripstone":2,"minecraft:spruce_log":38,"minecraft:carrot":7,"minecraft:redstone":1,"minecraft:dark_oak_log":2,"minecraft:trapped_chest":1,"minecraft:prismarine_crystals":127,"minecraft:barrel":2,"minecraft:mossy_cobblestone":4,"minecraft:quartz_block":2,"minecraft:dark_prismarine_slab":10,"minecraft:quartz_bricks":17,"minecraft:stripped_acacia_log":1,"minecraft:lime_candle":3,"minecraft:prismarine_wall":4,"minecraft:peony":1,"minecraft:dead_brain_coral_block":11,"minecraft:polished_basalt":54,"minecraft:dead_bubble_coral_block":8,"minecraft:deepslate_bricks":7,"minecraft:hay_block":1,"minecraft:iron_block":1,"minecraft:granite":13,"minecraft:cracked_deepslate_bricks":1,"minecraft:yellow_terracotta":5,"minecraft:end_rod":18,"minecraft:polished_blackstone":2,"minecraft:netherrack":4,"minecraft:melon_seeds":2,"minecraft:glow_berries":1,"minecraft:red_concrete":4,"minecraft:iron_bars":13,"minecraft:hopper":2,"minecraft:cobblestone":13,"minecraft:birch_log":5},"minecraft:custom":{"minecraft:leave_game":10,"minecraft:time_since_death":58,"minecraft:climb_one_cm":126,"minecraft:time_since_rest":58,"minecraft:sprint_one_cm":37004,"minecraft:walk_one_cm":26210,"minecraft:damage_dealt":32,"minecraft:fly_one_cm":760934,"minecraft:crouch_one_cm":2497,"minecraft:play_time":55681,"minecraft:deaths":5,"minecraft:sneak_time":3836,"minecraft:walk_under_water_one_cm":3881,"minecraft:jump":73,"minecraft:walk_on_water_one_cm":4867,"minecraft:total_world_time":63931}},"DataVersion":3105}